date,ticker,name,sector,sub_industry,index,price,change_pct,market_cap,pe,volume,analyst_count,benford_mad,earnings_consistency,earnings_date,edgar_updated,eps_growth_yoy,ev_ebitda,ev_revenue,fcf_growth_yoy,fcf_yield,gross_margin,gross_margin_trend,high52w_proximity,insider_buyer_count_90d,insider_cluster_max_30d,insider_cluster_score,insider_net_buy_90d,insider_ownership,insider_seller_count_90d,insider_tx_count_90d,insider_updated,inst_ownership,last_updated,neglect_score,net_debt_ebitda,news_count_7d,news_lm_avg,news_vader_avg,op_margin_stability,operating_margin,price_book,rel_strength_sp500,return_12_2,return_1m,return_52w,revenue_acceleration,revenue_growth_yoy,roe_ttm,volume_trend
2026-09-03,MMM,3M,Industrials,Industrial Conglomerates,S&P 500,168.31,,86801244160,29.8422,3005739,17,0.0059,0.82044,2026-07-21,2026-09-03,0.328,14.598,3.761,-0.650014,0.073157,0.39408,,-0.089724,0,0,0,-4311551.11,0.00096,5,5,2026-09-03,0.76821,2026-09-03,0.411111,1.211005,4,0.5,0.575,0.023782,0.20354,29.404263,-0.09403,0.103953,-0.018883,0.085069,0.011826,0.025,0.81892,-0.250604
2026-09-03,AOS,A. O. Smith,Industrials,Building Products,S&P 500,60.53,2.1431,8226546176,16.493187,1333375,11,0.0111,0.916628,2026-07-30,2026-09-03,-0.15,11.13,2.292,1.483822,0.058908,0.38592,-0.006523,-0.260657,,,,,0.00462,,,,1.18082,2026-09-03,0.294444,0.632768,15,0.066667,0.041933,0.01392,0.18929,4.466499,-0.363296,-0.171158,-0.013038,-0.184196,0.012064,-0.007,0.27133,-0.234784
2026-09-03,ABT,Abbott Laboratories,Health Care,Health Care Equipment,S&P 500,108.79,-1.52078,188248408064,35.207123,5297460,25,0.0078,0.863699,2026-10-14,2026-09-03,-0.475,18.493,4.637,-0.313189,0.038296,0.56847,,-0.208742,0,0,0,-46850261.46,0.00495,3,4,2026-09-03,0.81846,2026-09-03,0.222222,2.321462,10,0,0.1334,0.020167,0.14707,3.683177,-0.34731,-0.217233,0.049023,-0.16821,0.008797,0.13,0.10576,-0.315475
2026-09-03,ABBV,AbbVie,Health Care,Biotechnology,S&P 500,260.21,,459821580288,74.1339,2878299,29,0.0029,0.591562,2026-07-31,2026-09-03,2.904,17.039,8.141,-0.199938,0.036689,0.72792,,-0.027143,0,0,0,-8177500,0.0011,1,1,2026-09-03,0.77394,2026-09-03,0.094444,2.090693,15,-0.2,0.133133,0.069118,0.40035,,0.049633,0.203095,0.025638,0.228732,-0.022733,0.102,,-0.356131
2026-09-03,ACN,Accenture,Information Technology,IT Consulting & Other Services,S&P 500,193.12,2.89855,118178250752,15.424919,5420176,25,0.0059,0.890904,2026-10-01,2026-09-03,0.09,9.117,1.614,-0.084732,0.102298,0.32013,,-0.336563,0,0,0,0,0.00036,0,0,2026-09-03,0.82532,2026-09-03,0.205556,-0.137734,11,-0.454545,-0.046909,0.015184,0.16964,3.705224,-0.442955,-0.476862,0.213006,-0.263856,-0.027263,0.056,0.24406,-0.46111
2026-09-03,ADBE,Adobe Inc.,Information Technology,Application Software,S&P 500,285.75,2.13017,113585627136,15.999439,3530423,34,0.0045,0.798207,2026-09-10,2026-09-03,0.079,11.824,4.565,0.457652,0.081158,0.89404,0.000594,-0.229494,0,0,0,-109961.28,0.00223,1,1,2026-09-03,0.87205,2026-09-03,0.083333,0.149142,15,0.133333,0.175867,0.063304,0.35328,9.898847,-0.37734,-0.361707,0.163467,-0.198241,0.007146,0.127,0.62954,-0.340634
2026-09-03,AMD,Advanced Micro Devices,Information Technology,Semiconductors,S&P 500,456.16,-19.6909,744669773824,116.36735,14826068,49,0.0041,0.599782,2026-08-04,2026-09-03,1.595,76.964,17.817,1.939015,0.011873,0.55724,,-0.219879,0,0,0,-45045752.81,0.00424,6,44,2026-09-03,0.75429,2026-09-03,0.083333,-0.92397,15,0.066667,0.0822,,0.1725,11.074264,1.645921,1.915694,-0.090674,1.82502,,0.501,0.10196,-0.433397
2026-09-03,AES,AES Corporation,Utilities,Independent Power Producers & Energy Traders,S&P 500,14.78,-13.5138,10544623616,5.53558,9147096,8,0.0035,0.592006,2026-11-04,2026-09-03,9.511,12.166,3.793,,-0.292957,0.2027,0.043552,-0.162606,,,,,0.00576,,,2026-05-07,0.91357,2026-09-03,0.477778,7.63882,6,0,0.100833,,0.18673,2.132756,-0.034475,0.141666,0.002959,0.144625,0.111791,0.199,0.09574,0.104331
2026-09-03,AFL,Aflac,Financials,Life & Health Insurance,S&P 500,118.36,,59338993664,12.768068,2055178,15,0.0058,0.580319,2026-11-04,2026-09-03,0.468,10.978,3.685,,0.086827,0.50888,,-0.091077,0,0,0,-12073214.42,0.10934,1,13,2026-09-03,0.60276,2026-09-03,0.25,1.193899,15,0,0.058933,0.015118,0.25723,1.961161,-0.082681,0.122345,-0.025927,0.096418,-0.289324,-0.01,0.16908,-0.006723
2026-09-03,A,Agilent Technologies,Health Care,Life Sciences Tools & Services,S&P 500,149.98,,42289233920,29.581852,2255846,20,0.0059,0.875608,2026-08-26,2026-09-03,0.085,21.478,6.06,1.454148,0.025074,0.53649,,-0.084092,0,0,0,0,0.00195,0,0,2026-09-03,0.95494,2026-09-03,0.194444,1.149038,15,-0.133333,0.091267,0.017366,0.25559,5.743499,-0.003255,0.117078,0.058767,0.175845,-0.019568,0.081,0.20971,0.348306
2026-09-03,APD,Air Products,Materials,Industrial Gases,S&P 500,304.22,-1.6901,67745394688,31.339148,721413,19,0.005,0.094347,2026-07-30,2026-09-03,,18.858,6.961,-4.684495,-0.022105,0.32056,,-0.033823,0,0,0,-824404.64,0.01895,1,1,2026-09-03,0.9325,2026-09-03,0.205556,3.71248,15,-0.333333,-0.292533,0.420491,0.25536,4.879465,-0.111515,0.05094,0.016644,0.067584,-0.041895,0.046,0.00023,-0.113491
2026-09-03,ABNB,Airbnb,Consumer Discretionary,"Hotels, Resorts & Cruise Lines",S&P 500,185.25,1.08589,110925045760,41.817158,4975826,40,0.0039,,2026-08-06,2026-09-03,0.334,36.091,7.573,,0.02891,0.82901,,-0.042403,0,0,0,-85982694.02,0.01923,2,18,2026-09-03,0.89516,2026-09-03,0.083333,-3.467222,15,0,-0.092333,0.144208,0.21009,14.01392,0.301072,0.332006,0.148165,0.480171,-0.013323,0.165,0.34542,0.105815
2026-09-03,AKAM,Akamai Technologies,Information Technology,Internet Services & Infrastructure,S&P 500,106.5,1.34171,15305819136,38.035713,3350308,23,0.0034,0.773745,2026-08-06,2026-09-03,-0.268,19.714,4.925,0.368466,0.046392,0.57452,,-0.356301,0,0,0,-736244.63,0.02128,3,3,2026-09-03,1.13913,2026-09-03,0.211111,5.540893,12,0.166667,0.143417,,0.07629,3.220442,0.182346,0.446367,-0.084921,0.361446,0.050075,0.054,0.08918,-0.256562
2026-09-03,ALB,Albemarle Corporation,Materials,Specialty Chemicals,S&P 500,132.16,-4.05807,15595548672,508.30774,2861479,20,0.0054,0.198331,2026-08-05,2026-09-03,,12.45,3.124,2.612132,0.085559,0.2396,0.190581,-0.401991,0,0,0,0,0.00197,0,0,2026-09-03,1.01613,2026-09-03,0.194444,0.247729,15,-0.066667,0.231667,0.317892,0.2771,1.939536,0.510255,0.661555,0.027799,0.689355,-0.015961,0.311,0.02648,-0.156872
2026-09-03,ARE,Alexandria Real Estate Equities,Real Estate,Office REITs,S&P 500,52.69,-5.69093,9067700224,,1430281,14,0.0033,0.176305,2026-10-26,2026-09-03,,14.31,8.978,,0.148326,0.68199,,-0.402879,,,,,0.01385,,,,0.99616,2026-09-03,0.261111,7.125561,15,-0.2,0.082333,,0.17282,0.578356,-0.556667,-0.415975,0.038407,-0.377568,-0.015319,-0.119,-0.04076,0.121444
2026-09-03,ALGN,Align Technology,Health Care,Health Care Supplies,S&P 500,159.855,,11356076032,27.608809,694132,15,0.0031,0.836936,2026-07-29,2026-09-03,-0.121,11.4,2.506,0.754148,0.051458,0.70365,,-0.20248,0,0,0,-1508645.66,0.06132,1,1,2026-09-03,1.05172,2026-09-03,0.266667,-1.078772,14,0,0.199786,,0.18247,2.690844,0.002415,0.251873,-0.070359,0.181514,-0.000329,0.043,0.10155,-0.122163
2026-09-03,ALLE,Allegion,Industrials,Building Products,S&P 500,155.56,,13228321792,20.441525,1022158,11,0.0078,0.879777,2026-07-23,2026-09-03,0.162,14.419,3.528,1.103232,0.036622,0.44801,,-0.150456,1,1,0.2,-1826123.55,0.00231,5,7,2026-09-03,1.05228,2026-09-03,0.294444,1.812351,15,0,0.157333,0.012062,0.22102,6.245634,-0.27093,-0.116056,0.024226,-0.09183,0.029356,0.127,0.3373,0.278323
2026-09-03,LNT,Alliant Energy,Utilities,Electric Utilities,S&P 500,68,,17631358976,21.451103,2345866,12,0.0049,0.764933,2026-07-30,2026-09-03,-0.04,16.252,6.711,-0.557697,-0.06458,0.44502,,-0.137165,0,0,0,-6.65,0.00154,1,1,2026-09-03,0.99161,2026-09-03,0.416667,6.61181,7,-0.142857,0.280571,0.045867,0.19053,2.341759,-0.130817,0.109349,-0.061067,0.048282,-0.069689,0.01,0.11135,-0.207071
2026-09-03,ALL,Allstate,Financials,Property & Casualty Insurance,S&P 500,263.11,1.45369,66529452032,5.192619,1328575,22,0.0061,0.610754,2026-11-04,2026-09-03,0.612,4.107,1.002,1.338295,0.227848,0.36801,,-0.050898,0,0,0,-23757316.68,0.00497,2,5,2026-09-03,0.86256,2026-09-03,0.172222,0.104113,15,-0.066667,0.115,,0.22827,2.108405,0.065752,0.215301,0.029551,0.244852,0.088296,0.118,0.46114,-0.140369
2026-09-03,GOOGL,Alphabet Inc. (Class A),Communication Services,Interactive Media & Services,S&P 500,342.48,1.58994,4188508258304,16.92095,20685797,54,0.0034,0.600509,2026-07-22,2026-09-03,2.94,23.59,9.162,0.522001,0.005411,0.60897,,-0.161841,0,0,0,-27692.22,0.01596,1,1,2026-09-03,0.81059,2026-09-03,0.083333,-0.702704,15,0.133333,0.153733,0.016466,0.34033,6.729016,0.255454,0.452477,-0.017924,0.434553,0.024436,0.242,0.48676,-0.229179
2026-09-03,GOOG,Alphabet Inc. (Class C),Communication Services,Interactive Media & Services,S&P 500,339.08,1.58787,4146926190592,16.752964,12835737,15,0.0034,0.600509,2026-07-22,2026-09-03,2.94,23.349,9.068,0.522001,0.005465,0.60897,,-0.161668,0,0,0,-27692.22,0.00522,1,1,2026-09-03,0.622,2026-09-03,0.25,-0.702704,15,-0.2,0.115733,0.016466,0.34033,6.662213,0.240214,0.441538,-0.022224,0.419314,0.024436,0.242,0.48676,-0.19416
2026-09-03,MO,Altria,Consumer Staples,Tobacco,S&P 500,69.49,-10.0632,116030496768,14.629474,5304202,11,0.0086,0.772248,2026-10-29,2026-09-03,-0.027,8.77,6.764,-0.060499,0.07787,0.8717,-0.005838,-0.098235,0,0,0,-1885718.44,0.00116,1,1,2026-09-03,0.65241,2026-09-03,0.294444,1.408549,15,-0.133333,-0.129533,0.066841,0.61464,,-0.13387,0.052041,-0.006812,0.045229,-0.03066,0.012,,-0.040298
2026-09-03,AMZN,Amazon,Consumer Discretionary,Broadline Retail,S&P 500,258.9,1.53737,2792576516096,20.531324,26809147,60,0.0025,0.603329,2026-07-30,2026-09-03,2.423,17.294,3.766,,0.001153,0.5077,,-0.098538,0,0,0,-17067545.44,0.08866,6,21,2026-09-03,0.6873,2026-09-03,0.083333,0.761621,15,0.066667,0.247667,0.013396,0.13689,5.06099,-0.081609,0.073469,0.024021,0.097491,0.030133,0.196,0.30558,-0.327669
2026-09-03,AMCR,Amcor,Materials,Paper & Plastic Packaging Products & Materials,S&P 500,45.89,-1.69238,21217044480,19.61111,3615738,13,0.0073,0.590307,2026-08-12,2026-09-03,-0.117,9.965,1.499,-0.319319,0.070886,0.19952,0.004998,-0.099136,0,0,0,0,0.00261,0,0,2026-09-03,0.80984,2026-09-03,0.405556,3.966346,7,-0.142857,0.106857,0.010868,0.09691,1.798057,-0.061016,0.102877,0.015207,0.118084,0.093106,0.259,0.09396,-0.02051
2026-09-03,AEE,Ameren,Utilities,Multi-Utilities,S&P 500,106.41,,29458892800,18.668423,1692731,15,0.0032,0.742205,2026-07-30,2026-09-03,0.119,13.142,6.109,-0.446162,-0.060635,0.52408,,-0.100659,0,0,0,-850331.02,0.00324,3,4,2026-09-03,0.90218,2026-09-03,0.366667,5.574425,8,-0.125,0.04775,0.037417,0.25236,2.152001,-0.129437,0.086598,-0.036935,0.049663,-0.095755,-0.062,0.11943,-0.228511
2026-09-03,AEP,American Electric Power,Utilities,Electric Utilities,S&P 500,124.71,,67891798016,21.613518,2283313,20,0.0034,0.78926,2026-07-30,2026-09-03,-0.432,13.515,5.354,,-0.088316,0.46352,,-0.112889,0,0,0,0,0.00034,0,0,2026-09-03,0.94314,2026-09-03,0.227778,5.861336,13,0,0.147538,0.035164,0.23251,2.116275,-0.041673,0.176164,-0.038737,0.137426,-0.006951,0.07,0.10131,-0.235013
2026-09-03,AXP,American Express,Financials,Consumer Finance,S&P 500,329.82,-4.84889,222730698752,20.037668,2165325,25,0.0086,0.909913,2026-10-23,2026-09-03,0.11,,3.329,0.033427,,0.62338,,-0.14883,0,0,0,-2972919.51,0.22558,1,1,2026-09-03,0.64794,2026-09-03,0.138889,,15,-0.066667,0.1876,,0.2032,6.494438,-0.181126,0.03365,-0.035676,-0.002026,-0.006233,0.128,0.34377,-0.168388
2026-09-03,AIG,American International Group,Financials,Multi-line Insurance,S&P 500,76.86,,40189571072,14.025548,5458005,20,0.0061,0.159587,2026-08-06,2026-09-03,-0.101,4.768,1.453,,0.183257,0.35087,,-0.119487,0,0,0,-18098333.66,0.00534,1,3,2026-09-03,1.00353,2026-09-03,0.244444,-0.167935,12,-0.5,0.213083,,0.19414,0.993203,-0.217984,-0.026256,-0.012628,-0.038884,0.018762,0.005,0.0722,-0.150903
2026-09-03,AMT,American Tower,Real Estate,Telecom Tower REITs,S&P 500,177.75,2.7932,82824404992,23.795181,1963008,23,0.0028,0.494306,2026-07-28,2026-09-03,1.385,18.82,12.117,,0.035255,0.73774,,-0.108576,1,1,0.2,-703357.66,0.00076,2,4,2026-09-03,0.96707,2026-09-03,0.177778,6.135001,14,0.214286,0.131357,0.034057,0.45411,22.266066,-0.292739,-0.153672,0.040032,-0.11364,-0.009182,0.047,0.33914,-0.317469
2026-09-03,AWK,American Water Works,Utilities,Water Utilities,S&P 500,140.89,1.00365,27998926848,24.166382,1835739,11,0.0072,0.800128,2026-10-28,2026-09-03,0.086,15.05,8.297,,-0.063766,0.61469,,-0.032615,0,0,0,0,0.00116,0,0,2026-09-03,1.06686,2026-09-03,0.361111,5.438036,11,0.181818,0.122636,,0.40664,2.400252,-0.207721,-0.074838,0.046216,-0.028621,0.008134,0.062,0.10095,-0.122398
2026-09-03,AMP,Ameriprise Financial,Financials,Asset Management & Custody Banks,S&P 500,565.08,2.3974,49915334656,13.333648,470138,11,0.0037,0.799101,2026-07-23,2026-09-03,0.117,,2.214,0.031969,0.058161,0.54932,,-0.013064,0,0,0,-26145040.83,0.00181,5,11,2026-09-03,0.91648,2026-09-03,0.311111,,14,0.071429,-0.003286,,0.3072,7.851169,-0.051218,0.0641,0.063782,0.127882,0.026099,0.116,0.63432,-0.346572
2026-09-03,AME,Ametek,Industrials,Electrical Components & Equipment,S&P 500,234.2,,53692985344,34.139942,1232675,18,0.0051,0.920003,2026-08-04,2026-09-03,0.142,22.197,7.059,0.80317,0.027792,0.36906,,-0.103232,1,1,0.2,-655032,0.00393,1,2,2026-09-03,0.92737,2026-09-03,0.25,0.726001,13,0.076923,0.147385,0.007306,0.26182,4.768109,0.064912,0.274016,-0.030004,0.244012,0.036358,0.15,0.14562,0.125233
2026-09-03,AMGN,Amgen,Health Care,Biotechnology,S&P 500,444.12,,240105488384,27.465677,1842232,29,0.0053,0.632714,2026-08-04,2026-09-03,0.649,16.413,7.44,-0.523647,0.036008,0.71891,,-0.00651,0,0,0,-4106812.06,0.00225,3,6,2026-09-03,0.85134,2026-09-03,0.144444,2.508397,12,0.083333,0.201333,,0.35548,20.54209,0.401907,0.452421,0.128585,0.581007,0.093764,0.095,0.91473,-0.172545
2026-09-03,APH,Amphenol,Information Technology,Electronic Components,S&P 500,82.07,2.53623,202381901824,41.035,10184303,17,0.0057,0.703822,2026-10-28,2026-09-03,0.593,22.814,7.442,1.11761,0.018867,0.38952,,-0.080551,0,0,0,-180409597.16,0.00533,4,7,2026-09-03,0.96741,2026-09-03,0.227778,1.415112,15,0.266667,0.169,,0.29779,13.060153,0.240679,0.400431,0.019347,0.419778,,0.55,0.38115,-0.223971
2026-09-03,ADI,Analog Devices,Information Technology,Semiconductors,S&P 500,356.5,,172747587584,42.18935,3777049,32,0.0075,0.65206,2026-08-19,2026-09-03,1.635,25.942,12.937,1.606752,0.024008,0.658,,-0.200511,0,0,0,-4942744.48,0.00241,3,3,2026-09-03,0.9381,2026-09-03,0.1,0.987928,14,0.214286,0.14,,0.39503,5.148832,0.26623,0.506213,-0.060883,0.445329,,0.396,0.12227,-0.171013
2026-09-03,AON,Aon plc,Financials,Insurance Brokers,S&P 500,327,-1.17263,69365022720,18.247768,1464126,16,0.0049,0.696894,2026-07-29,2026-09-03,-0.03,14.28,4.793,-0.152208,0.046001,0.48154,,-0.14474,1,1,0.2,4890438.29,0.01012,1,13,2026-09-03,0.93258,2026-09-03,0.255556,2.504576,14,0,0.056357,,0.23457,7.222689,-0.286133,-0.033456,-0.073577,-0.107033,0.011409,0.022,0.44699,-0.171115
2026-09-03,APA,APA Corporation,Energy,Oil & Gas Exploration & Production,S&P 500,44.18,-1.15225,15478530048,9.320676,3613646,24,0.0072,0.553989,2026-08-05,2026-09-03,0.263,3.468,2.314,,0.138692,0.78255,,-0.032413,0,0,0,0,0.00443,0,0,2026-09-03,1.09814,2026-09-03,0.183333,0.600874,13,0.076923,0.356308,,0.56331,2.206573,0.727897,0.726622,0.180374,0.906997,,0.092,0.26659,-0.109806
2026-09-03,APO,Apollo Global Management,Financials,Asset Management & Custody Banks,S&P 500,134.49,1.66302,79422152704,47.189476,1895281,19,0.0069,0.372276,2026-08-04,2026-09-03,0.637,,2.685,,,0.36142,,-0.122643,0,0,0,-422535,0.26338,1,1,2026-09-03,0.6802,2026-09-03,0.222222,,14,-0.285714,0.07,,0.21952,3.950592,-0.173474,-0.057528,0.063154,0.005625,0.724917,0.638,0.11412,-0.373405
2026-09-03,AAPL,Apple Inc.,Information Technology,"Technology Hardware, Storage & Peripherals",S&P 500,328.21,1.00012,4789955985408,37.29659,37197362,39,0.0035,0.805419,2026-07-30,2026-09-03,0.287,28.649,10.308,0.115103,0.022489,0.48653,0.035655,-0.047479,0,0,0,-1823201.04,0.01648,2,5,2026-09-03,0.66373,2026-09-03,0.083333,0.130657,15,-0.133333,0.0236,0.019502,0.32623,44.593746,0.176143,0.308495,0.046747,0.355242,-0.002387,0.164,1.48751,-0.302079
2026-09-03,AMAT,Applied Materials,Information Technology,Semiconductor Materials & Equipment,S&P 500,435.91,,345937051648,37.643353,5998175,35,0.0083,0.798894,2026-11-12,2026-09-03,0.428,33.88,11.157,0.048704,0.00889,0.49398,,-0.41067,0,0,0,-141021149.11,0.0033,5,27,2026-09-03,0.86254,2026-09-03,0.1,-0.18582,14,0,0.070286,,0.33736,13.499427,1.591755,1.965173,-0.194319,1.770854,0.006412,0.248,0.41068,-0.319376
2026-09-03,APP,AppLovin,Communication Services,Advertising,S&P 500,313.58,-1.71447,105343909888,24.517591,4450354,31,0.0054,0.660596,2026-08-05,2026-09-03,0.57,19.465,15.434,,0.030186,0.88464,,-0.579432,0,0,0,0,0.14314,0,0,2026-09-03,0.76086,2026-09-03,0.083333,0.085277,15,-0.133333,0.0558,,0.77678,33.239346,-0.528296,-0.134871,-0.214325,-0.349196,,0.528,2.03686,-0.244351
2026-09-03,APTV,Aptiv,Consumer Discretionary,Automotive Parts & Equipment,S&P 500,46.53,3.33111,9661178880,21.054298,3518542,18,0.0068,0.419008,2026-08-04,2026-09-03,-0.353,4.511,0.711,-0.112167,0.167254,0.19251,,-0.476779,0,0,0,0,0.00841,0,0,2026-05-07,1.07356,2026-09-03,0.316667,1.522734,9,-0.111111,-0.079667,0.043592,0.12676,1.107646,-0.619303,-0.30446,-0.135744,-0.440204,-0.030648,0.023,0.05158,0.566695
2026-09-03,ACGL,Arch Capital Group,Financials,Property & Casualty Insurance,S&P 500,99.83,1.64953,34064904192,7.685143,7677085,19,0.0038,0.827966,2026-07-28,2026-09-03,-0.071,6.213,1.798,1.420595,0.126292,0.38758,,-0.067793,0,0,0,-1093528.61,0.02683,1,1,2026-09-03,0.94359,2026-09-03,0.305556,-0.031986,9,0.111111,0.136333,,0.26585,1.461255,-0.103297,0.076415,-0.000613,0.075802,-0.072019,-0.105,0.19936,0.115541
2026-09-03,ADM,Archer Daniels Midland,Consumer Staples,Agricultural Products & Services,S&P 500,84.38,-1.17123,40667750400,23.309393,2601717,10,0.0048,0.573879,2026-08-04,2026-09-03,3.156,16.433,0.599,0.488245,0.028638,0.0687,0.020587,-0.046123,0,0,0,0,0.00707,0,0,2026-09-03,0.88936,2026-09-03,0.305556,2.754257,15,0.133333,0.0618,,0.04008,1.725315,0.177431,0.309933,0.046597,0.35653,0.055964,0.072,0.07642,0.00299
2026-09-03,ARES,Ares Management,Financials,Asset Management & Custody Banks,S&P 500,141.52,2.50616,46679896064,64.917435,3172909,18,0.0082,,2026-07-31,2026-09-03,0.065,35.886,8.572,,0.046267,0.37407,,-0.242601,0,0,0,-235750000,0.11158,1,1,2026-09-03,0.93548,2026-09-03,0.233333,9.103064,14,0,0.063143,,0.19381,12.8293,-0.400463,-0.310559,0.089195,-0.221364,-0.050115,0.058,0.14941,-0.206526
2026-09-03,ANET,Arista Networks,Information Technology,Communications Equipment,S&P 500,191.44,2.86942,241448861696,60.58228,4108431,28,0.004,0.829359,2026-08-04,2026-09-03,0.357,49.165,21.64,2.866147,0.016117,0.63004,-0.023207,-0.109126,0,0,0,-71662106.15,0.17247,5,28,2026-09-03,0.73326,2026-09-03,0.122222,-2.875959,14,-0.142857,0.029214,0.01266,0.45393,16.316374,0.123666,0.249571,0.053194,0.302765,0.025603,0.377,0.31476,-0.320738
2026-09-03,AJG,Arthur J. Gallagher & Co.,Financials,Insurance Brokers,S&P 500,266.66,,68355891200,43.858555,1499376,18,0.0035,0.703513,2026-07-30,2026-09-03,-0.107,18.912,5.367,,0.030463,0.43186,,-0.149546,0,0,0,-4140559.5,0.00866,2,2,2026-09-03,0.95553,2026-09-03,0.25,2.966418,13,0.230769,0.201538,,0.1916,2.881689,-0.29515,-0.174754,0.058704,-0.116051,0.047246,0.309,0.06722,-0.084357
2026-09-03,AIZ,Assurant,Financials,Multi-line Insurance,S&P 500,287.71,1.28137,14190941184,13.779215,207807,6,0.0039,0.789454,2026-08-04,2026-09-03,0.305,8.27,1.068,1.832617,0.151475,0.13273,,-0.053399,0,0,0,-3027957.42,0.00708,2,2,2026-09-03,0.99967,2026-09-03,0.45,0.100282,9,0.111111,0.228,,0.11734,2.329938,0.16612,0.316549,0.02867,0.34522,-0.018934,0.094,0.18342,-0.180688
2026-09-03,T,AT&T,Communication Services,Integrated Telecommunication Services,S&P 500,26.19,,179463995392,8.558824,32838717,23,0.0051,0.633211,2026-10-21,2026-09-03,0.062,7.691,2.717,-0.35517,0.056513,0.59721,,-0.120846,0,0,0,0,0.00091,0,0,2026-09-03,0.6851,2026-09-03,0.161111,3.297492,15,-0.266667,0.099133,0.045249,0.24786,1.631166,-0.302114,-0.242753,0.119738,-0.123015,-0.005685,0.023,0.18339,-0.524931
2026-09-03,ATO,Atmos Energy,Utilities,Gas Utilities,S&P 500,169.12,,28579344384,19.990543,688539,11,0.0046,0.723735,2026-08-05,2026-09-03,0.233,14.626,7.799,,-0.077712,0.62212,,-0.1215,1,1,0.2,50278.35,0.00401,0,1,2026-09-03,0.97831,2026-09-03,0.361111,3.735441,11,0,0.309091,0.034111,0.37224,1.873034,-0.161562,0.040276,-0.022738,0.017537,0.041927,0.048,0.09792,-0.248575
2026-09-03,ADSK,Autodesk,Information Technology,Application Software,S&P 500,237.52,-1.74161,49641680896,30.806746,2377903,34,0.0051,0.743614,2026-08-27,2026-09-03,0.596,21.519,6.315,1.103203,0.063606,0.92503,0.004166,-0.278252,1,1,0.2,378400,0.0023,0,1,2026-09-03,1.01347,2026-09-03,0.133333,-0.19685,12,0.083333,0.143167,0.043777,0.29228,14.673504,-0.423528,-0.280671,0.036242,-0.244428,-0.023801,0.161,0.53854,-0.165775
2026-09-03,ADP,Automatic Data Processing,Industrials,Human Resource & Employment Services,S&P 500,283.53,,112635904000,25.91682,2346402,15,0.0039,0.87115,2026-07-29,2026-09-03,0.098,17.769,5.191,,0.046549,0.48653,,-0.063268,0,0,0,0,0.00181,0,0,2026-09-03,0.91669,2026-09-03,0.25,0.200368,15,0,0.2514,,0.23459,18.701273,-0.245602,-0.159116,0.092613,-0.066503,-0.064515,0.068,0.72239,-0.240892
2026-09-03,AZO,AutoZone,Consumer Discretionary,Automotive Retail,S&P 500,2968.04,1.14227,57978097664,20.201742,282789,23,0.0073,0.896089,2026-09-22,2026-09-03,0.077,14.369,3.066,0.27072,0.014725,0.51754,-0.005679,-0.323618,0,0,0,-4510500,0.00259,1,1,2026-09-03,0.98149,2026-09-03,0.227778,3.005642,11,0,0.168909,0.014872,0.19082,,-0.483618,-0.280769,-0.023749,-0.304519,0.002861,0.084,,-0.077532
2026-09-03,AVY,Avery Dennison,Materials,Paper & Plastic Packaging Products & Materials,S&P 500,173.03,,13113622528,18.931072,814044,10,0.0071,0.926154,2026-07-30,2026-09-03,0.108,11.042,1.787,-0.714729,0.076607,0.28978,,-0.132856,0,0,0,-298944.62,0.00641,1,1,2026-09-03,1.0051,2026-09-03,0.405556,2.278984,9,-0.111111,0.128778,,0.13586,5.654206,-0.141256,0.018066,0.019778,0.037844,-0.091961,0.109,0.3116,0.52881
2026-09-03,AXON,Axon Enterprise,Industrials,Aerospace & Defense,S&P 500,538.15,6.14817,43717918720,212.70752,869288,19,0.0067,0.570305,2026-08-05,2026-09-03,-0.182,,13.941,-3.175887,0.005082,0.59525,0.000297,-0.320655,0,0,0,-15655488.99,0.04548,2,52,2026-09-03,0.91234,2026-09-03,0.205556,7.014118,15,0.133333,0.002933,0.027659,0.0517,11.897287,-0.48309,-0.25853,-0.045461,-0.303991,0.01531,0.353,0.06221,-0.213498
2026-09-03,BKR,Baker Hughes,Energy,Oil & Gas Equipment & Services,S&P 500,63.64,-1.53179,63173775360,20.797386,4624485,23,0.0083,0.186356,2026-07-26,2026-09-03,-0.042,12.932,2.257,,0.069887,0.23657,,-0.096151,0,0,0,-27516838.65,0.00151,3,5,2026-09-03,1.00091,2026-09-03,0.194444,-0.159331,13,0.153846,0.298231,0.026129,0.1283,3.172166,0.216194,0.329011,0.066282,0.395294,-0.049208,-0.024,0.16463,-0.227602
2026-09-03,BALL,Ball Corporation,Materials,"Metal, Glass & Plastic Containers",S&P 500,62.93,,16657782784,18.031519,2114070,14,0.0029,0.370317,2026-08-04,2026-09-03,0.092,11.445,1.659,-0.153583,0.022805,0.1863,,-0.078489,0,0,0,-914139.28,0.00256,2,3,2026-09-03,0.90376,2026-09-03,0.377778,3.411368,8,-0.25,0.08075,,0.09232,2.897997,0.063539,0.241295,0.001343,0.242638,,0.197,0.17151,-0.320456
2026-09-03,BAC,Bank of America,Financials,Diversified Banks,S&P 500,63.04,,440822890496,14.458715,29803821,22,0.0043,0.8629,2026-10-14,2026-09-03,0.341,,3.394,,,0,,-0.033574,1,1,0.2,-374.91,0.07029,1,32,2026-09-03,0.71278,2026-09-03,0.172222,,15,-0.133333,-0.170067,,0.38305,1.602359,0.078686,0.231474,0.026312,0.257786,0.078258,0.168,0.11199,-0.015679
2026-09-03,BAX,Baxter International,Health Care,Health Care Equipment,S&P 500,25.57,,13219587072,,4698366,11,0.0046,0.108549,2026-07-30,2026-09-03,0.368,10.992,1.806,4.040179,0.075674,0.34098,-0.00402,-0.147667,0,0,0,0,0.0034,0,0,2026-09-03,1.10227,2026-09-03,0.377778,3.989915,10,-0.1,0.1344,0.018404,0.14426,2.130123,-0.126683,0.010435,0.041981,0.052416,0.024428,0.053,-0.14371,-0.345312
2026-09-03,BDX,Becton Dickinson,Health Care,Health Care Equipment,S&P 500,187.62,5.33228,51105214464,32.460205,1206503,12,0.0049,0.558168,2026-08-06,2026-09-03,-0.314,10.979,2.989,2.026999,0.08763,0.46936,,-0.028228,0,0,0,-1251893.52,0.00435,3,4,2026-09-03,0.99674,2026-09-03,0.45,2.630126,5,0.2,0.3552,0.040681,0.15733,2.093109,0.060702,0.126578,0.113223,0.239802,0.002148,0.054,0.06607,-0.210678
2026-09-03,BRK.B,Berkshire Hathaway,Financials,Multi-Sector Holdings,S&P 500,508.13,,1087758860288,12.706427,3846821,3,,,2026-08-08,,1.078,-1.79,,,0.066168,0.30332,,-0.055064,,,,,0.00271,,,,0.66879,2026-09-03,0.4,-1.812898,14,0.071429,0.1565,,0.32561,0.000973,-0.168154,-0.000228,0.011173,0.010945,,0.1,0.1212,-0.103511
2026-09-03,BBY,Best Buy,Consumer Discretionary,Computer & Electronics Retail,S&P 500,87.49,,18440015872,14.461156,3308679,20,0.0031,0.829876,2026-08-27,2026-09-03,0.701,7.679,0.483,0.625731,0.068852,0.22677,0.000418,-0.041416,0,0,0,-113059353.94,0.06484,1,11,2026-09-03,0.96716,2026-09-03,0.211111,0.708145,14,0.785714,0.659929,0.004353,0.03896,5.807886,-0.049963,0.082072,0.047065,0.129137,0.022835,0.036,0.43126,0.333871
2026-09-03,TECH,Bio-Techne,Health Care,Life Sciences Tools & Services,S&P 500,72.45,,11361480704,62.456894,2542828,11,0.0046,0.795217,2026-08-12,2026-09-03,1.286,34.076,9.37,0.040244,0.020213,0.66243,-0.009742,-0.002341,0,0,0,0,0.00332,0,0,2026-09-03,1.15159,2026-09-03,0.294444,0.07066,15,0,0.220733,0.038372,0.27871,5.364283,0.1497,0.316083,0.012717,0.3288,-0.011189,0.013,0.09032,-0.520592
2026-09-03,BIIB,Biogen,Health Care,Biotechnology,S&P 500,224.51,,33172250624,39.52641,550676,31,0.0065,0.64294,2026-07-29,2026-09-03,-0.848,11.98,4.013,-0.500773,0.038194,0.78322,,-0.005713,0,0,0,-239749.9,0.00188,1,2,2026-09-03,0.99593,2026-09-03,0.116667,2.104698,13,0.076923,0.272692,,0.25058,1.759345,0.403825,0.506918,0.076006,0.582925,-0.008691,0.034,0.04575,-0.363916
2026-09-03,BLK,BlackRock,Financials,Asset Management & Custody Banks,S&P 500,1126.15,1.72256,182972563456,26.52261,519432,16,0.0104,0.869287,2026-10-14,2026-09-03,0.196,16.414,6.684,,0.041417,0.47152,,-0.076881,0,0,0,-22000825.98,0.01916,2,3,2026-09-03,0.84461,2026-09-03,0.238889,0.101205,15,0,0.045333,0.037085,0.35079,3.029696,-0.180615,-0.0383,0.036785,-0.001515,0.036766,0.306,0.12278,-0.145779
2026-09-03,BX,Blackstone Inc.,Financials,Asset Management & Custody Banks,S&P 500,137.68,,164568596480,30.595554,3334389,21,0.0078,0.780959,2026-07-23,2026-09-03,0.573,,8.796,-0.465496,,1,,-0.275712,2,2,0.4,-554256565.46,0.01052,4,17,2026-09-03,0.73746,2026-09-03,0.183333,,15,0,0.2224,,0.54357,12.217587,-0.373802,-0.240441,0.045738,-0.194703,0.259113,0.286,0.31374,-0.361982
2026-09-03,XYZ,"Block, Inc.",Financials,Transaction & Payment Processing Services,S&P 500,83.37,1.10357,50088280064,146.26317,3279503,41,0.0018,0.481216,2026-08-05,2026-09-03,-0.833,32.615,2.016,,-0.000541,0.46572,0.059475,-0.040842,0,0,0,-6287501.42,0.01189,4,16,2026-09-03,0.84375,2026-09-03,0.083333,0.27982,15,-0.2,-0.285133,0.031137,0.06999,2.271786,-0.078753,0.058337,0.04201,0.100347,0.04364,0.093,0.01612,-0.114431
2026-09-03,BNY,BNY Mellon,Financials,Asset Management & Custody Banks,S&P 500,164.33,1.41324,111498584064,18.910242,2585126,15,0.0057,0.84379,2026-10-15,2026-09-03,0.269,,,-0.467334,,0,,-0.008208,0,0,0,-5509914.95,0.00236,2,6,2026-09-03,0.87327,2026-09-03,0.3,,12,-0.083333,0.213167,,0.40046,2.79373,0.355952,0.485527,0.049524,0.535051,0.023038,0.131,0.14124,-0.208489
2026-09-03,BA,Boeing,Industrials,Aerospace & Defense,S&P 500,210.51,,166380797952,75.182144,6250390,25,0.0083,0.438775,2026-07-28,2026-09-03,,-67.403,2.08,0.126678,0.03381,0.0471,-0.008748,-0.172361,0,0,0,0,0.00057,0,0,2026-09-03,0.76825,2026-09-03,0.155556,-10.023103,14,0,0.112643,0.118929,4e-05,27.28227,-0.269427,-0.048397,-0.04193,-0.090327,-0.059959,0.08,1.73537,-0.005209
2026-09-03,BKNG,Booking Holdings,Consumer Discretionary,"Hotels, Resorts & Cruise Lines",S&P 500,195.13,-2.23948,146616877056,22.173864,7375682,37,0.0033,0.470383,2026-08-04,2026-09-03,1.3,14.436,5.323,,0.052694,0.87228,,-0.136976,0,0,0,-16922851.06,0.00176,5,20,2026-09-03,0.98489,2026-09-03,0.083333,0.356286,15,0,-0.0076,0.075295,0.34412,,-0.272783,-0.101337,0.007654,-0.093683,-0.080202,0.081,,-0.296552
2026-09-03,BSX,Boston Scientific,Health Care,Health Care Equipment,S&P 500,46.95,-2.9357,68041330688,19.5625,19718445,29,0.0057,0.711864,2026-10-28,2026-09-03,0.151,14.073,3.828,3.207143,0.036028,0.69189,,-0.571233,4,4,0.8,9486038.29,0.00254,0,6,2026-09-03,0.94754,2026-09-03,0.144444,2.116092,12,-0.583333,0.037417,,0.22896,2.724582,-0.727971,-0.552849,0.003977,-0.548871,-0.015151,0.075,0.15339,0.076511
2026-09-03,BMY,Bristol Myers Squibb,Health Care,Pharmaceuticals,S&P 500,68.09,,139088429056,14.899343,6217643,24,0.0038,0.070279,2026-10-29,2026-09-03,1.531,9.143,3.519,-0.366675,0.05834,0.71661,,-0.008013,0,0,0,-33750,0.00098,1,1,2026-09-03,0.84922,2026-09-03,0.2,1.795351,12,0.083333,0.026667,,0.34418,6.232494,0.2562,0.344281,0.091018,0.435299,0.031668,0.057,0.46599,-0.340358
2026-09-03,AVGO,Broadcom,Information Technology,Semiconductors,S&P 500,357.16,-2.7448,1699217408000,46.932983,60115767,46,0.0035,0.555076,2026-09-02,2026-09-03,0.854,42.592,23.752,1.130468,0.016015,0.76284,,-0.278465,0,0,0,-283696979.82,0.01948,4,53,2026-09-03,0.80154,2026-09-03,0.083333,1.07592,15,0.133333,0.157667,,0.48988,20.8293,-0.082501,0.167897,-0.071299,0.096599,,0.479,0.37281,-0.124445
2026-09-03,BR,Broadridge Financial Solutions,Industrials,Data Processing & Outsourced Services,S&P 500,178.91,1.09623,20399640576,18.636457,754102,8,0.0043,0.701429,2026-08-04,2026-09-03,0.084,13,3.145,0.052684,0.058555,0.3178,,-0.300422,0,0,0,0,0.00525,0,0,2026-09-03,0.98124,2026-09-03,0.327778,1.722886,15,0.066667,0.078133,,0.24609,7.180239,-0.472568,-0.414958,0.121489,-0.293469,-0.072219,0.075,0.40916,-0.180526
2026-09-03,BRO,Brown & Brown,Financials,Insurance Brokers,S&P 500,72.56,,24279326720,23.182108,1351522,16,0.0069,0.834351,2026-07-27,2026-09-03,0.071,10.876,4.72,,0.06766,0.56281,,-0.248472,1,1,0.2,49923,0.13281,0,1,2026-09-03,0.86542,2026-09-03,0.288889,2.471646,12,0,0.15975,,0.41838,1.902963,-0.419104,-0.282434,0.04243,-0.240004,-0.049708,0.324,0.10023,-0.401827
2026-09-03,BF.B,Brown–Forman,Consumer Staples,Distillers & Vintners,S&P 500,27.51,1.3297,12623355904,17.634617,2400243,17,,,2026-09-02,,0.057,12.371,3.771,,0.05468,0.60664,,-0.138158,,,,,0.02801,,,,0.70762,2026-09-03,0.227778,1.793421,15,0,0.113533,,0.27552,3.180347,-0.232022,-0.062301,0.009378,-0.052923,,-0.014,0.18122,-0.112967
2026-09-03,BLDR,Builders FirstSource,Industrials,Building Products,S&P 500,64.18,1.72769,6905540608,69.76087,1573077,21,0.0078,0.546847,2026-07-30,2026-09-03,,11.812,0.836,,0.067276,0.29188,-0.025442,-0.575051,,,,,0.02702,,,,1.01873,2026-09-03,0.183333,5.058682,15,0.066667,0.055533,0.033926,0.03327,1.72411,-0.738742,-0.42661,-0.133033,-0.559643,0.013532,-0.088,0.02506,-0.074683
2026-09-03,BG,Bunge Global,Consumer Staples,Agricultural Products & Services,S&P 500,120.12,-2.23018,23077349376,26.45815,1621148,9,0.0049,0.644994,2026-07-29,2026-09-03,0.33,13.054,0.444,,-0.280594,0.04924,-0.016236,-0.109365,0,0,0,0,0.18369,0,0,2026-09-03,0.80473,2026-09-03,0.316667,5.205694,15,-0.2,0.007867,,0.04617,1.446497,0.277796,0.396389,0.060507,0.456895,0.161231,0.883,0.07178,0.101103
2026-09-03,BXP,"BXP, Inc.",Real Estate,Office REITs,S&P 500,68.23,1.68406,12341267456,36.682796,1037057,20,0.0082,0.449137,2026-07-28,2026-09-03,-0.232,18.138,9.194,,0.071357,0.56452,0.009433,-0.139922,0,0,0,-1732532.36,0.00375,1,2,2026-09-03,1.13317,2026-09-03,0.444444,9.809182,0,0.285714,0.305143,,0.28755,2.111338,-0.305743,-0.122571,-0.004072,-0.126643,0.023355,0.037,0.05308,-0.143039
2026-09-03,CHRW,C.H. Robinson,Industrials,Air Freight & Logistics,S&P 500,146.685,1.02273,17140326400,27.728733,769311,25,0.0095,0.819946,2026-07-29,2026-09-03,0.238,20.328,1.115,0.739929,0.02804,0.08447,,-0.302596,0,0,0,0,0.00347,0,0,2026-09-03,1.05337,2026-09-03,0.222222,1.949283,10,0.1,0.1531,,0.05337,10.554397,-0.027906,0.285576,-0.134383,0.151193,-0.001534,0.193,0.37123,-0.29268
2026-09-03,CDNS,Cadence Design Systems,Information Technology,Application Software,S&P 500,304.875,,83960438784,60.975,2168869,27,0.0076,0.843809,2026-07-27,2026-09-03,1.254,39.464,14.574,0.387839,0.019172,0.85871,,-0.268341,0,0,0,-4158376.41,0.00327,4,17,2026-09-03,0.91681,2026-09-03,0.133333,0.51928,14,-0.142857,0.0535,0.036607,0.28575,12.242992,-0.301219,-0.007088,-0.115031,-0.122119,0.085151,0.242,0.23229,-0.057496
2026-09-03,CPT,Camden Property Trust,Real Estate,Multi-Family Residential REITs,S&P 500,105.6,5.68482,12221360128,34.851486,1040434,22,0.0071,0.599534,2026-07-30,2026-09-03,-0.757,17.599,9.946,,0.011429,0.61619,,-0.118604,0,0,0,0,0.01465,0,0,2026-09-03,1.05837,2026-09-03,0.172222,5.400971,15,-0.2,-0.0976,,0.16104,2.848127,-0.231362,0.000713,-0.052976,-0.052263,0.327457,-0.008,0.07885,-0.136688
2026-09-03,COF,Capital One,Financials,Consumer Finance,S&P 500,220.5,1.80055,135273414656,12.148761,3223619,22,0.005,0.331739,2026-07-21,2026-09-03,-0.043,,2.878,0.378941,,0,,-0.150747,0,0,0,-4171535.88,0.01228,6,10,2026-09-03,0.8924,2026-09-03,0.172222,,15,0.133333,0.2532,,0.33629,1.313603,-0.201354,-0.066677,0.044423,-0.022254,-0.010653,0.463,0.09031,-0.217253
2026-09-03,CAH,Cardinal Health,Health Care,Health Care Distributors,S&P 500,248.61,1.27093,57820651520,33.916782,1386753,16,0.0071,0.185154,2026-08-11,2026-09-03,0.688,14.873,0.248,0.485623,0.082194,0.03844,0.001402,-0.037515,0,0,0,-59552441.82,0.00267,7,31,2026-09-03,0.91132,2026-09-03,0.338889,1.211593,9,0.333333,0.274444,0.003949,0.0133,,0.462315,0.577454,0.063961,0.641415,-0.036902,0.058,,-0.338236
2026-09-03,CCL,Carnival Corporation,Consumer Discretionary,"Hotels, Resorts & Cruise Lines",S&P 500,23.48,-1.0952,32159361024,10.576576,19882167,26,0.005,0.441846,2026-06-23,2026-09-03,-0.065,7.683,2.054,0.99514,0.059061,0.55677,,-0.310021,0,0,0,0,0.07107,0,0,2026-09-03,0.71674,2026-09-03,0.127778,3.276773,15,0.066667,0.3974,,0.12787,2.48413,-0.42712,-0.116434,-0.131586,-0.24802,-0.046231,0.053,0.26689,0.020937
2026-09-03,CARR,Carrier Global,Industrials,Building Products,S&P 500,59.08,2.60507,48701124608,42.2,4861727,21,0.0064,0.501789,2026-07-28,2026-09-03,-0.118,19.423,2.717,2.116477,0.017695,0.24692,,-0.230328,0,0,0,0,0.04765,0,0,2026-09-03,0.89976,2026-09-03,0.183333,3.572583,15,-0.066667,0.090533,0.030169,0.13069,3.707562,-0.272899,0.002262,-0.096061,-0.093799,0.091253,0.039,0.08966,-0.093488
2026-09-03,CVNA,Carvana,Consumer Discretionary,Automotive Retail,S&P 500,73.43,,81394491392,38.851852,5865144,20,0.0065,0.010523,2026-07-29,2026-09-03,0.615,22.525,2.256,1.126627,0.005214,0.19371,-0.032199,-0.245928,0,0,0,-8496996.9,0.02114,3,6,2026-09-03,1.05324,2026-09-03,0.194444,1.021912,15,0,0.110267,0.017854,0.09219,13.107819,-0.173895,-0.066872,0.072077,0.005205,0.004118,0.524,0.58773,-0.256592
2026-09-03,CASY,Casey's,Consumer Staples,Food Retail,S&P 500,758.42,,28065265664,39.377983,374309,18,0.0083,0.769326,2026-09-08,2026-09-03,0.66,20.387,1.734,0.259201,0.019631,0.24606,,-0.182605,1,1,0.2,-28912384.52,0.00569,6,28,2026-09-03,0.90681,2026-09-03,0.233333,1.595039,14,0,0.114071,,0.05351,7.082742,0.333587,0.59689,-0.084204,0.512686,-0.138512,0.145,0.19153,-0.237282
2026-09-03,CAT,Caterpillar Inc.,Industrials,Construction Machinery & Heavy Transportation Equipment,S&P 500,800.14,,367804252160,34.473934,2350347,26,0.0058,0.842662,2026-10-29,2026-09-03,0.682,25.045,5.446,0.336152,0.013727,0.29713,,-0.254616,0,0,0,-26211763.87,0.0022,1,14,2026-09-03,0.73551,2026-09-03,0.127778,2.412221,15,-0.533333,-0.325267,0.018029,0.22183,18.96381,0.706294,0.977628,-0.092235,0.885393,0.017654,0.24,0.56972,-0.261434
2026-09-03,CBOE,Cboe Global Markets,Financials,Financial Exchanges & Data,S&P 500,298.5,1.48919,31172659200,22.94389,1132737,14,0.0061,0.775296,2026-07-31,2026-09-03,0.502,15.745,6.006,1.256526,0.021758,0.54079,,-0.195808,0,0,0,-261376.15,0.00255,1,1,2026-09-03,0.91223,2026-09-03,0.327778,-0.400994,11,-0.303,0.114818,,0.34634,5.547606,0.085498,0.206815,0.057782,0.264597,-0.077721,0.229,0.26297,-0.146994
2026-09-03,CBRE,CBRE Group,Real Estate,Real Estate Services,S&P 500,148.74,4.70224,43071430656,32.475983,1874155,12,0.0041,0.726818,2026-07-29,2026-09-03,-0.042,24.013,1.216,-0.449165,0.038021,0.18574,,-0.146497,0,0,0,-767362.62,0.00509,3,3,2026-09-03,1.0013,2026-09-03,0.466667,4.20822,4,0.25,0.04275,0.007808,0.03608,5.133568,-0.314883,-0.167121,0.031338,-0.135783,-0.030846,0.155,0.15798,-0.159146
2026-09-03,CDW,CDW Corporation,Information Technology,Technology Distributors,S&P 500,153.92,3.53131,19242682368,17.856148,1700645,9,0.0097,0.889254,2026-08-05,2026-09-03,0.049,12.587,1.077,0.145247,0.035171,0.2136,,-0.102769,0,0,0,-3673765.9,0.00454,1,1,2026-09-03,1.12943,2026-09-03,0.45,3.017405,7,0.285714,0.311143,,0.07345,7.897383,-0.284844,-0.213135,0.107391,-0.105744,0.007895,0.1,0.4401,-0.065411
2026-09-03,COR,Cencora,Health Care,Health Care Distributors,S&P 500,337.22,,64350736384,25.072119,1082642,13,0.0068,0.66121,2026-08-05,2026-09-03,0.119,13.736,0.229,-2.814329,0.031753,0.03961,0.006521,-0.106797,0,0,0,-3983743.91,0.04303,2,2,2026-09-03,0.99645,2026-09-03,0.272222,2.100028,15,0.266667,0.243467,0.002436,0.01415,21.09207,-0.029151,0.062737,0.087212,0.149949,0.012257,0.051,0.96871,-0.25559
2026-09-03,CNC,Centene Corporation,Health Care,Managed Health Care,S&P 500,68.02,1.0098,33601538048,,3581616,18,0.0069,0.039065,2026-10-27,2026-09-03,0.183,4.938,0.126,,0.28688,0.11415,0.024254,-0.019319,0,0,0,-6891182.08,0.00394,1,2,2026-09-03,1.01422,2026-09-03,0.233333,-2.377768,14,-0.071429,0.1945,0.055407,0.0376,1.489282,1.144572,1.283397,0.040274,1.323672,0.027937,0.046,-0.20359,-0.140099
2026-09-03,CNP,CenterPoint Energy,Utilities,Multi-Utilities,S&P 500,39.98,1.18958,26335635456,23.517647,5524597,16,0.0045,0.833461,2026-07-28,2026-09-03,0.233,13.11,5.252,,-0.197143,0.47027,,-0.116659,1,1,0.2,40700,0.00233,0,1,2026-09-03,1.07292,2026-09-03,0.238889,6.276336,15,-0.133333,0.140867,0.019618,0.24489,2.246951,-0.133308,0.09524,-0.049449,0.045791,-0.052285,0.107,0.09825,-0.035356
2026-09-03,CF,CF Industries,Materials,Fertilizers & Agricultural Chemicals,S&P 500,137.81,-1.04833,20855906304,10.330585,2262799,19,0.0045,0.682158,2026-11-04,2026-09-03,0.996,6.496,3.251,-0.146107,0.061218,0.42486,0.115831,-0.029234,0,0,0,0,0.00445,0,0,2026-09-03,1.0868,2026-09-03,0.205556,0.292538,15,-0.066667,0.074733,0.092057,0.49325,3.634517,0.475331,0.505379,0.149052,0.654431,-0.018566,0.176,0.29867,0.099109
2026-09-03,CRL,Charles River Laboratories,Health Care,Life Sciences Tools & Services,S&P 500,293.35,,14130002944,,646345,14,0.0078,0.556985,2026-08-05,2026-09-03,,19.898,4.225,,0.033182,0.34585,,-0.032838,0,0,0,-21591035.44,0.00474,4,6,2026-09-03,1.23033,2026-09-03,0.311111,3.347349,12,-0.166667,0.2125,,0.15113,4.930584,0.600033,0.611732,0.1674,0.779133,0.017682,-0.027,-0.07516,-0.011964
2026-09-03,SCHW,Charles Schwab Corporation,Financials,Investment Banking & Brokerage,S&P 500,110.38,1.97709,190884069376,19.710714,6346253,20,0.0064,0.767034,2026-07-21,2026-09-03,0.426,,6.783,3.264188,,0.97495,,-0.036235,0,0,0,-43184750.85,0.06212,4,6,2026-09-03,0.85594,2026-09-03,0.244444,,12,-0.25,-0.020417,,0.52277,4.341738,-0.003217,0.117559,0.058324,0.175883,0.050976,0.209,0.20273,-0.073801
2026-09-03,CHTR,Charter Communications,Communication Services,Cable & Satellite,S&P 500,151.38,-4.77448,20402616320,4.137196,3664697,17,0.0094,0.913843,2026-07-24,2026-09-03,0.161,5.464,2.191,-0.297538,0.10775,0.5519,,-0.470366,0,0,0,0,0.03098,0,0,2026-09-03,0.88929,2026-09-03,0.261111,4.409856,13,-0.384615,0.035462,0.005139,0.23503,1.065141,-0.571184,-0.454961,0.062877,-0.392084,-0.007387,-0.017,0.27202,-0.22801
2026-09-03,CVX,Chevron Corporation,Energy,Integrated Oil & Gas,S&P 500,211.32,,414526013440,20.319233,6666152,24,0.0057,0.636207,2026-07-31,2026-09-03,3.219,8.858,2.143,-0.459144,0.052913,0.44267,,-0.015789,0,0,0,-71226445.37,0.04768,4,6,2026-09-03,0.71169,2026-09-03,0.15,0.56344,15,0.133333,0.2362,,0.21866,2.183058,0.199138,0.263849,0.114389,0.378238,0.542019,0.535,0.12231,-0.08104
2026-09-03,CMG,Chipotle Mexican Grill,Consumer Discretionary,Restaurants,S&P 500,37.57,-2.46625,47541751808,34.787037,8865952,32,0.0047,0.901677,2026-10-28,2026-09-03,-0.013,22.981,4.208,1.630892,0.023484,0.39362,,-0.122606,0,0,0,-95631.25,0.00722,1,1,2026-09-03,0.92749,2026-09-03,0.083333,2.084087,15,0.2,0.164267,0.018676,0.16108,21.654179,-0.24096,-0.145825,0.083965,-0.061861,0.019013,0.093,0.4956,-0.250154
2026-09-03,CB,Chubb Limited,Financials,Property & Casualty Insurance,S&P 500,348.25,2.60149,134354804736,12.033518,1934425,23,0.0037,0.826985,2026-07-21,2026-09-03,-0.007,10.54,2.534,,0.078062,0.3113,,-0.048263,0,0,0,-6248421.96,0.09452,3,3,2026-09-03,0.83872,2026-09-03,0.161111,1.145334,15,-0.2,0.114267,,0.23527,1.781786,0.044565,0.221375,0.002289,0.223664,0.018863,0.061,0.14822,-0.071242
2026-09-03,CHD,Church & Dwight,Consumer Staples,Household Products,S&P 500,98.59,,23385931776,31.59936,1899202,19,0.0063,0.645654,2026-07-31,2026-09-03,0.09,18.866,4.103,0.394794,0.040164,0.45562,0.024,-0.070257,0,0,0,-3663150,0.00196,2,3,2026-09-03,0.95016,2026-09-03,0.272222,1.604296,11,-0.090909,0.129455,0.085308,0.18065,5.377148,-0.142356,0.043613,-0.00687,0.036743,0.014234,0.016,0.17041,-0.073966
2026-09-03,CIEN,Ciena,Information Technology,Communications Equipment,S&P 500,317.46,-10.3626,44937392128,105.46844,7520270,19,0.0032,0.480451,2026-09-03,2026-09-03,2.323,57.672,8.137,3.234857,0.015598,0.43047,0.041775,-0.502031,0,0,0,-8531201.56,0.00585,4,7,2026-09-03,0.96055,2026-09-03,0.205556,0.480752,15,0,0.081067,0.061929,0.15195,15.541955,1.84998,2.256548,-0.227468,2.02908,-0.024655,0.395,0.15464,-0.389915
2026-09-03,CI,Cigna,Health Care,Health Care Services,S&P 500,286.26,1.20917,75641479168,11.693628,1658637,24,0.0112,0.654925,2026-07-30,2026-09-03,0.102,7.882,0.356,,0.105499,0.09136,,-0.092592,0,0,0,-6386551.88,0.01443,2,3,2026-09-03,0.92155,2026-09-03,0.216667,1.929848,11,-0.272727,0.150636,0.003282,0.03985,1.771159,-0.248797,-0.080128,0.01043,-0.069697,0.021159,0.067,0.16758,-0.108318
2026-09-03,CINF,Cincinnati Financial,Financials,Property & Casualty Insurance,S&P 500,174.72,1.76481,26815684608,8.107657,417486,6,0.0063,0.60183,2026-07-27,2026-09-03,0.855,5.911,1.849,0.72364,0.111311,0.31066,,-0.103126,1,1,0.2,-1161427.36,0.01728,1,2,2026-09-03,0.74128,2026-09-03,0.433333,-0.232761,10,-0.1,0.165,,0.37202,1.6077,-0.059577,0.135319,-0.015796,0.119523,0.200142,0.316,0.21484,-0.39646
2026-09-03,CTAS,Cintas,Industrials,Diversified Support Services,S&P 500,201.05,1.49427,80454090752,40.290585,1210527,16,0.0099,0.910401,2026-07-15,2026-09-03,0.156,27.67,7.357,0.413352,0.018202,0.50669,,-0.082676,0,0,0,0,0.14975,0,0,2026-09-03,0.69681,2026-09-03,0.288889,0.806993,12,0.083333,0.211417,,0.23688,15.652004,-0.210444,-0.056865,0.02552,-0.031345,0.003246,0.089,0.40714,-0.201811
2026-09-03,CSCO,Cisco,Information Technology,Communications Equipment,S&P 500,108.61,,428079218688,32.91212,14214220,24,0.0071,0.859855,2026-11-12,2026-09-03,0.52,23.758,6.988,-0.127771,0.027023,0.64564,,-0.16691,0,0,0,-5475211.25,0.0005,6,17,2026-09-03,0.83415,2026-09-03,0.15,0.730967,15,-0.333333,-0.1462,,0.27701,8.529135,0.457074,0.689277,-0.053103,0.636173,-0.014733,0.176,0.27319,-0.376166
2026-09-03,C,Citigroup,Financials,Diversified Banks,S&P 500,138.14,2.82865,231721123840,14.464921,12571820,20,0.0072,0.882649,2026-10-13,2026-09-03,0.61,,0.485,,,0,,-0.066369,0,0,0,0,0.00271,0,0,2026-09-03,0.82189,2026-09-03,0.211111,,14,0.071429,0.040571,,0.36229,1.20396,0.229077,0.389003,0.019174,0.408176,0.011408,0.155,0.08529,-0.266191
2026-09-03,CFG,Citizens Financial Group,Financials,Regional Banks,S&P 500,70.83,1.50473,29831954432,15.431373,2870621,17,0.0089,0.817247,2026-10-16,2026-09-03,0.413,,4.218,,,0,,-0.059737,1,1,0.2,1116,0.00715,0,2,2026-09-03,1.00481,2026-09-03,0.227778,,15,0.333333,0.187467,,0.35133,1.243701,0.14979,0.337498,-0.008608,0.32889,0.000352,0.147,0.0827,-0.273924
2026-09-03,CLX,Clorox,Consumer Staples,Household Products,S&P 500,94.29,2.12202,11402585088,19.602911,2331654,17,0.0067,0.60516,2026-08-03,2026-09-03,-0.501,14.929,2.533,-0.506057,0.00968,0.42321,,-0.268503,0,0,0,0,0.00721,0,0,2026-09-03,0.8841,2026-09-03,0.244444,4.785088,14,-0.142857,0.097286,,0.12885,,-0.436991,-0.20153,-0.056362,-0.257892,,-0.02,1.6376,0.201518
2026-09-03,CME,CME Group,Financials,Financial Exchanges & Data,S&P 500,282.05,1.54084,101419327488,23.582775,1739818,15,0.0063,0.905304,2026-07-22,2026-09-03,0.025,21.591,15.245,0.527624,0.028683,1,,-0.143122,1,1,0.2,78186.29,0.00438,0,2,2026-09-03,0.91826,2026-09-03,0.283333,0.333864,13,-0.076923,0.112385,0.019103,0.65036,3.820987,-0.118666,-0.039993,0.100427,0.060434,-0.136404,0.008,0.15802,-0.305661
2026-09-03,CMS,CMS Energy,Utilities,Multi-Utilities,S&P 500,68.59,,21508255744,20.474627,3206878,12,0.0073,0.787225,2026-07-28,2026-09-03,-0.439,13.723,4.7,0.370277,-0.102234,0.40315,,-0.146466,1,1,0.2,14491,0.00546,0,1,2026-09-03,1.03749,2026-09-03,0.283333,6.315441,15,-0.133333,0.2176,0.026354,0.17168,2.252323,-0.227877,0.007637,-0.056414,-0.048777,-0.120548,-0.005,0.09158,-0.165586
2026-09-03,KO,Coca-Cola Company (The),Consumer Staples,Soft Drinks & Non-alcoholic Beverages,S&P 500,88.81,,382109351936,26.66967,13596099,23,0.0054,0.870822,2026-07-28,2026-09-03,0.169,24.248,8.222,-2.512831,0.013658,0.61888,0.003638,-0.039788,0,0,0,-89906387.98,0.09895,7,13,2026-09-03,0.68303,2026-09-03,0.161111,1.640781,15,-0.333333,-0.0646,0.061177,0.34873,10.571361,0.119311,0.262709,0.035702,0.298411,0.069976,0.067,0.42054,-0.121026
2026-09-03,CTSH,Cognizant,Information Technology,IT Consulting & Other Services,S&P 500,64.64,1.95583,29116715008,13.871245,4456734,25,0.0056,0.822058,2026-07-29,2026-09-03,0.038,7.473,1.394,0.412334,0.07609,0.3344,,-0.257268,0,0,0,0,0.00126,0,0,2026-09-03,1.16328,2026-09-03,0.155556,0.258424,14,-0.071429,0.228786,0.008332,0.17479,2.020252,-0.296337,-0.371648,0.25441,-0.117238,-0.015293,0.045,0.14924,-0.442366
2026-09-03,COHR,Coherent Corp.,Information Technology,Electronic Components,S&P 500,264.41,-1.5746,51780001792,65.286415,4210869,22,0.0034,0.36768,2026-08-12,2026-09-03,0.73,37.71,7.541,1.158297,-0.012553,0.37496,,-0.399068,0,0,0,-4841140.87,0.0445,3,4,2026-09-03,0.87385,2026-09-03,0.188889,1.097815,14,0,0.175357,,0.11827,4.747038,1.566608,1.89875,-0.153043,1.745707,-0.011056,0.337,0.07981,-0.126118
2026-09-03,COIN,Coinbase,Financials,Financial Exchanges & Data,S&P 500,192.7,10.1395,50841374720,71.898895,13702150,29,0.0065,0.3336,2026-07-30,2026-09-03,,69.646,8.061,,0.052486,0.8581,,-0.520837,0,0,0,-2178497.54,0.01324,2,8,2026-09-03,0.68765,2026-09-03,0.094444,-3.031314,15,0,0.045267,0.183345,-0.13922,3.886256,-0.608826,-0.623261,0.193535,-0.429726,0.120315,-0.173,-0.07847,0.335669
2026-09-03,CL,Colgate-Palmolive,Consumer Staples,Household Products,S&P 500,90.09,-1.11012,71817297920,35.468502,5323979,20,0.0059,0.959322,2026-10-30,2026-09-03,-0.055,15.764,3.732,0.12,0.048155,0.60431,,-0.093023,0,0,0,-31008451.53,0.00146,3,4,2026-09-03,0.86474,2026-09-03,0.194444,1.28517,15,0.266667,0.232867,,0.20966,,-0.120718,0.0782,-0.019819,0.058381,0.036126,0.049,2.67367,-0.140928
2026-09-03,CMCSA,Comcast,Communication Services,Cable & Satellite,S&P 500,26.65,,94571167744,8.596774,21926874,22,0.005,0.624162,2026-07-23,2026-09-03,-0.668,5.209,1.421,,0.134265,0.6939,,-0.188984,0,0,0,0,0.00743,0,0,2026-09-03,0.91647,2026-09-03,0.188889,2.427729,14,0.071429,0.155286,0.125901,0.17234,1.052902,-0.335506,-0.235887,0.079481,-0.156406,-0.007646,-0.012,0.11488,-0.401724
2026-09-03,FIX,Comfort Systems USA,Industrials,Construction & Engineering,S&P 500,1580.19,1.28579,55613722624,38.46616,265763,8,0.0079,0.669277,2026-07-23,2026-09-03,0.388,28.833,5.143,1.576883,0.03312,0.25661,0.0239,-0.238092,0,0,0,-56306760.06,0.01081,3,5,2026-09-03,0.96024,2026-09-03,0.327778,0.116533,15,-0.2,0.048333,0.029582,0.07885,86.09044,1.029747,1.293621,-0.084775,1.208846,-0.062043,0.01,0.55292,-0.207794
2026-09-03,COP,ConocoPhillips,Energy,Oil & Gas Exploration & Production,S&P 500,135.72,-1.07871,163045523456,18.144384,4983586,24,0.0068,0.790726,2026-08-06,2026-09-03,1.07,6.671,2.771,,0.047173,0.47574,,-0.012371,0,0,0,-3534799.05,0.00096,3,3,2026-09-03,0.86956,2026-09-03,0.15,0.58245,15,-0.266667,-0.234,,0.3151,2.494991,0.296963,0.335911,0.140152,0.476062,0.414023,0.355,0.1418,-0.035903
2026-09-03,ED,Consolidated Edison,Utilities,Multi-Utilities,S&P 500,108.75,1.00307,40218865664,17.711727,1761344,16,0.0058,0.714176,2026-08-06,2026-09-03,0.221,10.884,3.792,,-0.021007,0.53372,,-0.064355,1,1,0.2,110.18,0.00202,0,1,2026-09-03,0.78742,2026-09-03,0.238889,4.357352,15,-0.133333,-0.1198,0.053995,0.1654,1.564501,-0.078179,0.110891,-0.00997,0.10092,-0.045137,0.132,0.08962,-0.073241
2026-09-03,STZ,Constellation Brands,Consumer Staples,Distillers & Vintners,S&P 500,129.09,,22049132544,12.317748,2094962,23,0.0054,,2026-06-30,2026-09-03,0.307,9.484,3.619,,0.100253,0.5272,0.039235,-0.234342,0,0,0,0,0.12563,0,0,2026-09-03,0.88518,2026-09-03,0.277778,3.020198,8,-0.25,0.133,0.248618,0.35931,2.681164,-0.307645,-0.093911,-0.034635,-0.128545,0.065093,-0.033,0.2369,-0.142934
2026-09-03,CEG,Constellation Energy,Utilities,Electric Utilities,S&P 500,285.05,-1.72046,100995317760,28.334988,3137058,20,0.0067,0.687172,2026-08-06,2026-09-03,-0.468,15.762,4.008,,-0.065598,0.22107,,-0.309305,1,1,0.2,417930.9,0.00335,0,1,2026-09-03,0.83028,2026-09-03,0.194444,3.018486,15,0.2,0.364467,0.055186,0.08662,3.167257,-0.217365,-0.112013,0.073748,-0.038265,-0.408517,0.23,0.15055,-0.273449
2026-09-03,COO,Cooper Companies (The),Health Care,Health Care Supplies,S&P 500,70.64,1.30503,13776963584,59.86441,2096549,14,0.0064,0.558505,2026-09-09,2026-09-03,0.269,18.462,3.868,0.225704,0.030796,0.6555,,-0.213626,0,0,0,0,0.00614,0,0,2026-09-03,1.09271,2026-09-03,0.261111,2.919449,15,0.066667,0.0924,,-0.02866,1.671083,-0.153658,0.05284,-0.027399,0.025441,-0.028144,0.079,0.02853,-0.420469
2026-09-03,CPRT,Copart,Industrials,Diversified Support Services,S&P 500,33.58,4.41543,31088750592,19.988096,8395856,10,0.0054,0.930183,2026-09-10,2026-09-03,0.023,13.766,5.82,1.152536,0.032165,0.47523,,-0.316924,0,0,0,-3049945.05,0.09012,2,2,2026-09-03,0.87947,2026-09-03,0.338889,-2.09387,13,0,-0.014154,,0.37531,3.543315,-0.516962,-0.45923,0.121367,-0.337863,-0.034412,0.021,0.17607,-0.312088
2026-09-03,GLW,Corning Inc.,Information Technology,Electronic Components,S&P 500,146,1.29744,125762699264,66.97247,8643102,15,0.0059,0.550145,2026-07-28,2026-09-03,0.185,32.608,7.852,,0.00584,0.36395,0.017046,-0.462801,0,0,0,-20627999.13,0.08068,2,2,2026-09-03,0.74932,2026-09-03,0.25,1.682987,15,0.066667,0.080667,0.035384,0.15649,10.531631,0.88817,1.197787,-0.130518,1.067269,-0.008619,0.166,0.16813,-0.388671
2026-09-03,CPAY,Corpay,Financials,Transaction & Payment Processing Services,S&P 500,419.68,,27556020224,25.51246,453639,15,0.005,0.877314,2026-08-05,2026-09-03,-0.07,12.677,7.066,,0.070626,0.80539,,-0.018201,0,0,0,-113443760.44,0.03782,4,36,2026-09-03,1.00766,2026-09-03,0.283333,2.701122,13,0.153846,0.096308,0.039368,0.4692,7.779487,0.122394,0.200278,0.101216,0.301494,-0.039024,0.215,0.29215,-0.289192
2026-09-03,CTVA,Corteva,Materials,Fertilizers & Agricultural Chemicals,S&P 500,88.62,-1.5005,59126915072,54.703705,5552611,20,0.0066,0.47031,2026-07-30,2026-09-03,-0.099,14.475,3.474,-0.230719,0.040882,0.4954,,-0.025833,0,0,0,0,0.00107,0,0,2026-09-03,0.92096,2026-09-03,0.194444,0.587134,15,0.066667,0.202467,,0.3013,2.349479,0.065299,0.17742,0.066978,0.244398,-0.122409,-0.012,0.04256,0.168276
2026-09-03,CSGP,CoStar Group,Real Estate,Real Estate Services,S&P 500,31.68,1.34357,12836660224,176,4540613,20,0.006,0.311161,2026-07-28,2026-09-03,,32.332,3.582,,0.03215,0.78684,,-0.65524,1,1,0.2,2236727.36,0.01262,2,3,2026-09-03,1.04943,2026-09-03,0.194444,-0.281726,15,0,0.147,,0.08216,1.616739,-0.828258,-0.697783,0.048625,-0.649158,0.04448,0.184,0.00894,0.097943
2026-09-03,COST,Costco,Consumer Staples,Consumer Staples Merchandise Retail,S&P 500,925.41,,410399703040,46.573223,2170649,35,0.0033,0.921542,2026-09-24,2026-09-03,0.455,29.641,1.392,0.519953,0.016945,0.12876,,-0.156033,0,0,0,-847345.46,0.00161,1,1,2026-09-03,0.74458,2026-09-03,0.083333,-0.06512,15,-0.533333,0.127067,0.001656,0.03673,24.82456,-0.215426,-0.015786,-0.020541,-0.036327,0.009221,0.215,0.29152,-0.113598
2026-09-03,CRH,CRH plc,Materials,Construction Materials,S&P 500,92.04,,61232783360,16.377224,4187987,23,0.0153,0.544158,2026-07-30,2026-09-03,0.139,10.285,2.058,,0.032975,0.3625,0.003967,-0.300342,2,2,0.4,601285.4,0.00145,0,2,2026-09-03,0.89532,2026-09-03,0.294444,2.171236,7,-0.285714,-0.093,0.091428,0.19022,2.550008,-0.35434,-0.090762,-0.084478,-0.17524,-0.034935,0.056,0.15812,-0.014574
2026-09-03,CRWD,CrowdStrike,Information Technology,Systems Software,S&P 500,214.97,5.67791,220115271680,,12057530,50,0.0034,0.122857,2026-08-26,2026-09-03,,,40.021,2.796465,0.009065,0.75186,0.009687,-0.080853,0,0,0,-26269726.21,0.01454,2,137,2026-09-03,0.76468,2026-09-03,0.083333,,15,0,0.036067,0.0409,-0.02259,43.14068,0.769228,0.868133,0.080194,0.948327,0.002561,0.258,0.01461,0.250536
2026-09-03,CCI,Crown Castle,Real Estate,Telecom Tower REITs,S&P 500,77.26,2.49404,33762621440,30.780878,2637453,20,0.0076,0.388751,2026-10-21,2026-09-03,-0.675,20.533,13.274,0.064314,0.030692,0.73732,,-0.231244,0,0,0,-113835,0.00099,1,1,2026-09-03,1.01737,2026-09-03,0.227778,8.313011,13,0.153846,0.312923,0.013813,0.46825,,-0.389449,-0.219227,0.008877,-0.21035,-0.000989,-0.049,,-0.388621
2026-09-03,CSX,CSX Corporation,Industrials,Rail Transportation,S&P 500,48.99,,90752745472,28.31792,9896170,23,0.0048,0.879775,2026-07-22,2026-09-03,0.227,15.929,7.498,-0.248647,0.021523,0.47071,,-0.086007,0,0,0,-2283540,0.00223,2,2,2026-09-03,0.81636,2026-09-03,0.377778,2.643976,2,-0.5,0.101,,0.38424,6.444357,0.31049,0.510612,-0.021022,0.48959,0.062151,0.101,0.24357,-0.191213
2026-09-03,CMI,Cummins,Industrials,Construction Machinery & Heavy Transportation Equipment,S&P 500,545.5,,75095973888,28.162106,1584736,20,0.0019,0.69222,2026-08-04,2026-09-03,0.047,16.039,2.32,-0.603917,0.029687,0.25772,-0.000759,-0.2606,0,0,0,-399410.33,0.00212,1,1,2026-09-03,0.87816,2026-09-03,0.211111,0.868924,14,0,0.109,0.0129,0.11896,5.845415,0.198667,0.524183,-0.146417,0.377767,0.000956,0.094,0.21114,-0.015375
2026-09-03,CVS,CVS Health,Health Care,Health Care Services,S&P 500,97.2,-3.08613,124315918336,25.646437,4783096,25,0.0052,0.317929,2026-08-05,2026-09-03,1.888,11.203,0.453,1.134409,0.064964,0.13645,,-0.121793,0,0,0,0,0.00063,0,0,2026-09-03,0.90791,2026-09-03,0.138889,3.73789,15,-0.466667,-0.0344,0.023521,0.03861,1.558566,0.138737,0.355897,-0.03806,0.317837,0.010877,0.071,0.06205,-0.18874
2026-09-03,DHR,Danaher Corporation,Health Care,Life Sciences Tools & Services,S&P 500,211.03,,148351139840,37.68393,2424186,23,0.0034,0.857114,2026-07-21,2026-09-03,0.597,21.409,6.846,0.148413,0.029155,0.58753,-0.017121,-0.130848,0,0,0,-12736095.36,0.1096,1,3,2026-09-03,0.8442,2026-09-03,0.194444,2.9285,13,-0.076923,0.192308,0.032218,0.19777,2.82103,-0.13065,-0.001999,0.050448,0.048449,0.018846,0.055,0.07605,-0.2938
2026-09-03,DRI,Darden Restaurants,Consumer Discretionary,Restaurants,S&P 500,218.04,,24756643840,20.90508,853876,25,0.0046,0.847752,2026-09-24,2026-09-03,0.36,15.461,2.475,,0.03195,0.21668,-0.002785,-0.05101,0,0,0,-2164197.76,0.00299,2,4,2026-09-03,1.01232,2026-09-03,0.155556,3.700709,14,0.285714,0.137429,0.012929,0.14142,11.267634,-0.132036,0.006045,0.041019,0.047064,-0.014081,0.137,0.53718,-0.310632
2026-09-03,DDOG,Datadog,Information Technology,Application Software,S&P 500,214.76,2.64302,77114949632,413,4832197,46,0.0058,0.708038,2026-08-06,2026-09-03,1.126,,18.506,3.279152,0.013634,0.79536,-0.013351,-0.26633,0,0,0,-71774707.83,0.00619,5,88,2026-09-03,0.92799,2026-09-03,0.083333,,15,0.066667,0.172867,0.021888,0.00666,17.652473,0.408622,0.727142,-0.13942,0.587722,0.0349,0.356,0.04696,-0.223671
2026-09-03,DVA,DaVita,Health Care,Health Care Services,S&P 500,181.66,1.2654,11589908480,15.394916,674157,7,0.0067,0.819135,2026-08-04,2026-09-03,0.558,9.253,1.867,-0.117241,0.089945,0.32364,,-0.265991,0,0,0,0,0.46909,0,0,2026-09-03,0.49245,2026-09-03,0.393922,4.499885,12,0,0.213833,0.00975,0.16061,,0.122054,0.434038,-0.132885,0.301153,-0.007916,0.052,0.88475,-0.274935
2026-09-03,DECK,Deckers Brands,Consumer Discretionary,Footwear,S&P 500,84.5,,11507366912,11.918195,2441582,21,0.006,0.666651,2026-07-23,2026-09-03,0.011,7.835,1.881,2.696064,0.075727,0.57804,0.006462,-0.32335,0,0,0,0,0.00704,0,0,2026-09-03,1.01445,2026-09-03,0.183333,-0.851751,15,-0.2,0.026333,0.065548,0.15233,5.019603,-0.483419,-0.167027,-0.137292,-0.304319,-0.014344,0.057,0.42558,0.215585
2026-09-03,DE,Deere & Company,Industrials,Agricultural & Farm Machinery,S&P 500,694.41,,187230568448,38.750557,1692871,22,0.0038,0.744798,2026-11-25,2026-09-03,-0.085,26.381,4.734,0.004194,0.024121,0.25184,,-0.016249,0,0,0,-23436012.24,0.00169,1,21,2026-09-03,0.84606,2026-09-03,0.172222,4.609651,15,-0.133333,0.092467,0.014336,0.17479,6.689176,0.291463,0.342696,0.127866,0.470562,0.001612,-0.111,0.18242,0.324384
2026-09-03,DELL,Dell Technologies,Information Technology,"Technology Hardware, Storage & Peripherals",S&P 500,516.39,4.91467,333661470720,28.656492,20266015,24,0.0032,0.618956,2026-09-01,2026-09-03,2.729,20.339,2.354,1.515315,0.00052,0.19893,-0.03368,-0.027111,0,0,0,-45395757.17,0.07491,5,54,2026-09-03,0.75616,2026-09-03,0.15,1.308251,15,0.6,0.139133,0.012993,0.11465,,2.763863,2.757255,0.185708,2.942962,0.767046,0.577,,0.195216
2026-09-03,DAL,Delta Air Lines,Industrials,Passenger Airlines,S&P 500,78.75,,51787812864,12.952303,4431808,24,0.0093,0.547127,2026-10-08,2026-09-03,-0.254,9.048,0.995,,0.054402,0.187,,-0.176944,0,0,0,-33080288.83,0.09176,6,6,2026-09-03,0.80811,2026-09-03,0.15,2.187159,15,-0.066667,0.1364,,0.07921,2.361107,0.098115,0.372566,-0.095352,0.277215,0.040223,0.187,0.20125,-0.191297
2026-09-03,DVN,Devon Energy,Energy,Oil & Gas Exploration & Production,S&P 500,48.79,,53668999168,10.652839,11099667,26,0.0047,0.693051,2026-08-04,2026-09-03,0.44,7.24,3.44,,0.014582,0.50349,,-0.074369,0,0,0,0,0.00705,0,0,2026-09-03,0.9467,2026-09-03,0.177778,1.226244,12,0.166667,0.318083,,0.41077,1.343892,0.23143,0.316181,0.094349,0.410529,0.876205,0.642,0.11522,-0.282561
2026-09-03,DXCM,Dexcom,Health Care,Health Care Equipment,S&P 500,89.71,2.22953,33853034496,35.4585,1677878,25,0.0082,0.755915,2026-07-30,2026-09-03,0.436,23.735,6.702,,0.030165,0.62473,,-0.031105,0,0,0,-2791192.13,0.0026,3,5,2026-09-03,1.06506,2026-09-03,0.205556,-0.390964,11,0,0.131182,,0.24327,12.915347,-0.065076,-0.001243,0.115266,0.114023,0.023292,0.131,0.38491,-0.311738
2026-09-03,FANG,Diamondback Energy,Energy,Oil & Gas Exploration & Production,S&P 500,202.94,,56827215872,38.65524,1735336,28,0.0039,0.670637,2026-08-03,2026-09-03,1.795,6.372,4.62,,0.088611,0.72354,,-0.064361,0,0,0,-12206093.28,0.27114,6,11,2026-09-03,0.73393,2026-09-03,0.122222,1.031579,14,0.071429,0.175214,0.143234,0.48467,1.502336,0.287413,0.422769,0.043744,0.466513,0.464804,0.525,0.03493,-0.051539
2026-09-03,DLR,Digital Realty,Real Estate,Data Center REITs,S&P 500,187.79,2.19308,70921469952,89.42381,1453924,31,0.0039,0.474439,2026-07-23,2026-09-03,-0.587,28.19,13.393,,0.053136,0.56994,,-0.097771,0,0,0,-38792,0.00014,1,1,2026-09-03,1.05006,2026-09-03,0.083333,5.659032,15,0.133333,0.2348,0.050009,0.25882,2.602123,-0.053395,0.121147,0.004558,0.125705,0.059619,0.299,0.02912,-0.275575
2026-09-03,DG,Dollar General,Consumer Staples,Consumer Staples Merchandise Retail,S&P 500,131.26,,28958158848,17.00259,1726009,29,0.0064,0.792895,2026-08-27,2026-09-03,0.333,12.044,0.989,-0.582366,0.060018,0.31161,0.012661,-0.170448,0,0,0,-732554.84,0.0028,1,1,2026-09-03,1.00835,2026-09-03,0.094444,3.959744,15,0.066667,0.145933,0.0106,0.06813,3.117592,0.027927,0.133412,0.073615,0.207027,0.018815,0.052,0.19692,0.183049
2026-09-03,DLTR,Dollar Tree,Consumer Staples,Consumer Staples Merchandise Retail,S&P 500,131.04,,24587073536,16.15783,1672498,25,0.0065,0.702473,2026-08-27,2026-09-03,1.972,12.461,1.555,,0.042689,0.3718,0.004543,-0.079775,0,0,0,-315025,0.00164,1,1,2026-09-03,1.07589,2026-09-03,0.155556,2.641065,14,0.071429,0.246214,0.026712,0.06209,7.226204,0.136711,0.28246,0.03335,0.31581,-0.002249,0.07,0.46032,-0.007342
2026-09-03,D,Dominion Energy,Utilities,Multi-Utilities,S&P 500,66.79,1.12036,58743537664,22.795221,5293399,11,0.0011,0.708811,2026-07-31,2026-09-03,-0.58,14.154,6.516,,-0.156292,0.46222,,-0.084943,0,0,0,0,0.00132,0,0,2026-09-03,0.83084,2026-09-03,0.294444,6.430164,15,0,0.1894,0.028364,0.29219,2.104285,-0.044025,0.165237,-0.030162,0.135075,0.082661,0.176,0.08281,-0.134135
2026-09-03,DPZ,Domino's,Consumer Discretionary,Restaurants,S&P 500,347.03,10.0959,11480354816,19.650623,594976,28,0.0064,0.949232,2026-10-13,2026-09-03,0.068,16.061,3.269,0.396628,0.046296,0.28709,-0.00216,-0.257245,0,0,0,-9433658.34,0.00476,3,11,2026-09-03,1.13561,2026-09-03,0.122222,4.844112,14,0.071429,0.244429,0.006625,0.19085,,-0.431671,-0.299764,0.047193,-0.252571,0.008382,0.043,,0.060614
2026-09-03,DASH,DoorDash,Consumer Discretionary,Specialized Consumer Services,S&P 500,222,-1.87412,96192143360,119.354836,3296221,42,0.0063,0.489048,2026-08-05,2026-09-03,-0.3,65.571,5.925,,0.053513,0.52225,,-0.222417,0,0,0,-34690783.09,0.00595,7,32,2026-09-03,0.95927,2026-09-03,0.083333,-1.422005,15,-0.266667,0.058733,0.046011,0.03862,9.694746,-0.262592,-0.182214,0.098722,-0.083492,0.025138,0.356,0.08887,-0.120308
2026-09-03,DOV,Dover Corporation,Industrials,Industrial Machinery & Supplies & Components,S&P 500,191.07,1.14876,25733351424,22.82796,1570394,18,0.0034,0.736425,2026-07-23,2026-09-03,0.141,14.268,3.235,,0.035226,0.40092,,-0.19563,0,0,0,0,0.01256,0,0,2026-09-03,0.93507,2026-09-03,0.216667,0.78786,15,0,-0.1738,,0.18692,3.340268,-0.116371,0.147366,-0.084638,0.062729,,0.069,0.14914,-0.009286
2026-09-03,DOW,Dow Inc.,Materials,Commodity Chemicals,S&P 500,30.36,-2.94118,21930264576,,8175131,16,0.0043,0.037319,2026-10-22,2026-09-03,,9.749,0.935,,0.010835,0.09787,,-0.289658,0,0,0,0,0.0021,0,0,2026-09-03,0.7953,2026-09-03,0.238889,3.835478,15,0.066667,0.131867,,0.11594,1.382766,0.097635,0.2641,0.012635,0.276735,0.022212,0.197,-0.0554,-0.166254
2026-09-03,DHI,D. R. Horton,Consumer Discretionary,Homebuilding,S&P 500,144.41,1.51132,40391663616,13.572369,1757642,12,0.0057,0.81716,2026-10-29,2026-09-03,-0.048,11.166,1.382,3.036324,0.059762,0.21298,,-0.217502,0,0,0,0,0.104,0,0,2026-09-03,0.88019,2026-09-03,0.383333,1.237874,9,0,0.065,,0.1299,1.701985,-0.396591,-0.178668,-0.038824,-0.217492,0.022895,0,0.12632,-0.235155
2026-09-03,DTE,DTE Energy,Utilities,Multi-Utilities,S&P 500,137.07,,28522633216,21.65403,967089,14,0.0053,0.804211,2026-07-28,2026-09-03,0.224,15.572,3.421,,-0.091037,0.29347,,-0.119936,0,0,0,-678560,0.00405,1,1,2026-09-03,0.82478,2026-09-03,0.261111,7.685375,15,-0.333333,0.1074,,0.13624,2.347733,-0.183126,0.044949,-0.048976,-0.004026,0.0515,-0.015,0.1103,-0.111348
2026-09-03,DUK,Duke Energy,Utilities,Electric Utilities,S&P 500,121.4,,94655848448,18.283133,3357126,18,0.0052,0.85482,2026-08-04,2026-09-03,0.106,11.39,5.77,-0.718913,-0.047302,0.51971,,-0.097331,0,0,0,-2487506.47,0.00131,2,3,2026-09-03,0.71166,2026-09-03,0.216667,5.508395,15,-0.533333,0.073333,,0.27503,1.760798,-0.181664,0.026095,-0.02866,-0.002565,-0.630976,0.011,0.09857,-0.147186
2026-09-03,DD,DuPont,Industrials,Industrial Conglomerates,S&P 500,131.13,-1.35409,17708185600,57.262012,1654124,16,0.0044,0.261744,2026-08-04,2026-09-03,1.496,12.166,2.756,,0.103639,0.35132,,-0.169958,0,0,0,0,0.00158,0,0,2026-09-03,0.79855,2026-09-03,0.238889,0.909033,15,0,0.108067,,0.14239,1.286055,0.181745,0.4145,-0.053656,0.360844,0.056226,0.04,0.01792,-0.251723
2026-09-03,ETN,Eaton Corporation,Industrials,Electrical Components & Equipment,S&P 500,397.12,1.60419,154241400832,39.831493,1476606,25,0.0084,0.922757,2026-07-31,2026-09-03,-0.159,26.347,5.826,0.330396,0.020138,0.36022,,-0.169205,1,1,0.2,-8400346.84,0.00072,2,4,2026-09-03,0.87967,2026-09-03,0.138889,3.107546,15,0,-0.001867,,0.16563,7.615395,-0.059282,0.164404,-0.044586,0.119818,0.045441,0.214,0.19684,-0.222015
2026-09-03,EBAY,eBay Inc.,Consumer Discretionary,Broadline Retail,S&P 500,105.86,,47107698688,22.427967,3387703,27,0.0048,0.777857,2026-08-05,2026-09-03,0.55,16.453,4.242,0.15633,0.033532,0.72052,,-0.112732,0,0,0,-3084779.07,0.1004,3,15,2026-09-03,0.95684,2026-09-03,0.116667,1.237403,15,0.266667,0.246867,,0.2157,10.098254,-0.027578,0.184702,-0.03318,0.151522,,0.148,0.46611,0.038745
2026-09-03,ECHO,EchoStar,Communication Services,Wireless Telecommunication Services,S&P 500,89.79,3.57596,26083162112,,3725605,7,0.0073,0.113912,2026-08-03,2026-09-03,,21.723,2.949,1.215165,-0.723474,0.2954,,-0.390221,0,0,0,-1224685.59,0.13053,2,4,2026-09-03,1.11557,2026-09-03,0.338889,8.586527,15,-0.133333,-0.0242,,0.14279,1.842413,0.110163,0.306092,-0.01683,0.289262,-0.037139,-0.04,-0.33428,-0.677012
2026-09-03,ECL,Ecolab,Materials,Specialty Chemicals,S&P 500,278.97,,78203273216,37.597034,929015,21,0.0052,0.83217,2026-07-28,2026-09-03,0.033,21.04,5.166,0.113528,0.018859,0.44211,,-0.097973,0,0,0,-7235880.15,0.00152,3,3,2026-09-03,0.94235,2026-09-03,0.416667,2.123824,1,0,0.361,0.035501,0.18522,7.777251,-0.161059,0.017395,0.000646,0.01804,-0.003494,0.097,0.21956,0.038023
2026-09-03,EIX,Edison International,Utilities,Electric Utilities,S&P 500,56.3,2.01123,21665026048,5.692618,8450056,14,0.0072,0.559447,2026-07-30,2026-09-03,0.551,7.459,3.429,0.446845,0.003802,0.61005,,-0.310218,0,0,0,-37700,0.00262,1,1,2026-09-03,0.95942,2026-09-03,0.261111,4.8486,15,-0.4,-0.184733,0.141514,0.26899,1.241757,-0.165509,0.245191,-0.231601,0.01359,-0.028936,-0.041,0.19734,1.340317
2026-09-03,EW,Edwards Lifesciences,Health Care,Health Care Equipment,S&P 500,89.78,-1.14512,51749191680,54.08434,1844031,26,0.0058,0.428593,2026-07-23,2026-09-03,-0.254,24.193,7.418,-0.324855,0.023815,0.77839,-0.000613,-0.067608,0,0,0,-4428943.46,0.00195,6,9,2026-09-03,0.96009,2026-09-03,0.127778,-1.776993,15,-0.133333,0.009933,0.028047,0.29839,4.875373,-0.057311,0.120124,0.001665,0.121788,-0.030711,0.136,0.09175,-0.359496
2026-09-03,ELV,Elevance Health,Health Care,Managed Health Care,S&P 500,414.78,2.20284,89953042432,17.955843,1225506,21,0.0034,0.798109,2026-07-15,2026-09-03,-0.131,10.046,0.416,0.54129,0.047874,0.2599,,-0.049193,2,2,0.4,1158846.74,0.0019,2,5,2026-09-03,0.94082,2026-09-03,0.233333,-0.77727,12,0.333333,0.249583,0.015921,0.04559,2.003904,0.138349,0.26809,0.049358,0.317449,-0.012362,0.014,0.11133,-0.399913
2026-09-03,EME,Emcor,Industrials,Construction & Engineering,S&P 500,741.32,,32699551744,22.880245,247692,7,0.0057,0.81897,2026-07-30,2026-09-03,0.348,16.239,1.738,1.1597,0.029917,0.19426,0.00463,-0.22127,0,0,0,-802275,0.00708,1,1,2026-09-03,0.96185,2026-09-03,0.405556,-0.189087,11,0.181818,0.194,0.008973,0.10618,8.040435,-0.032839,0.200101,-0.05384,0.14626,0.000848,0.198,0.40349,-0.133969
2026-09-03,EMR,Emerson Electric,Industrials,Electrical Components & Equipment,S&P 500,150.21,,83787145216,32.583515,1596364,27,0.0056,0.74269,2026-08-04,2026-09-03,0.23,15.752,5.12,0.23482,0.044234,0.53161,,-0.097024,0,0,0,-2727706.84,0.00253,2,2,2026-09-03,0.84309,2026-09-03,0.15,1.918455,13,0.153846,0.222923,,0.26924,4.1114,-0.059791,0.111886,0.007423,0.119309,0.040951,0.07,0.128,-0.194559
2026-09-03,ETR,Entergy,Utilities,Electric Utilities,S&P 500,107.78,,50293542912,27.35533,2664308,20,0.009,0.561734,2026-07-29,2026-09-03,-0.019,14.694,6.036,,-0.087503,0.47001,,-0.09008,0,0,0,0,0.00222,0,0,2026-09-03,1.00264,2026-09-03,0.194444,5.556477,15,-0.066667,-0.0092,0.076,0.24458,2.758992,0.031492,0.236218,-0.025626,0.210592,-0.005095,0.059,0.10249,-0.274388
2026-09-03,EOG,EOG Resources,Energy,Oil & Gas Exploration & Production,S&P 500,145.96,-2.01396,76560285696,11.584127,2911496,27,0.0079,0.79794,2026-08-04,2026-09-03,1.094,5.512,2.99,,0.0585,0.62636,,-0.050172,0,0,0,-5466670.37,0.00282,1,1,2026-09-03,0.98093,2026-09-03,0.133333,0.230631,14,0.142857,0.143286,0.03022,0.40718,2.407151,0.084023,0.228457,0.034665,0.263122,0.352717,0.587,0.22507,-0.128985
2026-09-03,EQT,EQT Corporation,Energy,Oil & Gas Exploration & Production,S&P 500,55.61,,34784948224,12.932558,6282484,25,0.0051,0.413143,2026-10-20,2026-09-03,-0.74,6.28,4.727,2.383131,0.070746,0.80748,,-0.185082,0,0,0,-15004919.21,0.00902,1,4,2026-09-03,0.95846,2026-09-03,0.222222,0.792361,10,0,0.2441,0.238929,0.23373,1.377133,-0.102845,0.017287,0.058968,0.076255,0.416368,-0.039,0.11078,-0.122885
2026-09-03,EFX,Equifax,Industrials,Research & Consulting Services,S&P 500,189.09,1.9463,22215219200,32.545612,741229,21,0.0062,0.869954,2026-07-21,2026-09-03,0.007,14.37,4.291,1.755155,0.042653,0.55542,,-0.304407,0,0,0,-6506254.58,0.00649,1,8,2026-09-03,1.04969,2026-09-03,0.283333,2.752689,9,-0.222222,-0.024,0.014062,0.17305,5.07665,-0.436199,-0.325131,0.068031,-0.257099,-0.037365,0.106,0.14275,-0.403272
2026-09-03,EQIX,Equinix,Real Estate,Data Center REITs,S&P 500,1040.83,2.11824,102700449792,67.19367,460972,29,0.0062,0.839399,2026-07-29,2026-09-03,0.288,27.554,12.631,,0.036767,0.51979,,-0.077834,0,0,0,-8576966.87,0.00271,4,6,2026-09-03,1.0088,2026-09-03,0.094444,4.928854,15,0,0.043267,,0.27022,7.140857,0.138293,0.324042,-0.006649,0.317392,-0.009426,0.167,0.10735,-0.085407
2026-09-03,ERIE,Erie Indemnity,Financials,Insurance Brokers,S&P 500,258.37,-1.54826,13510132736,23.424297,199742,,0.0058,,2026-07-30,2026-09-03,0.032,15.891,3.221,,0.035618,0.17904,,-0.243891,0,0,0,0,0.45462,0,0,2026-09-03,0.46039,2026-09-03,0.16461,-0.289653,15,-0.555533,-0.252533,,0.19096,5.476145,-0.407888,-0.281378,0.05259,-0.228788,0.375284,0.028,0.24808,0.426822
2026-09-03,ESS,Essex Property Trust,Real Estate,Multi-Family Residential REITs,S&P 500,278.65,,19208148992,43.134674,607136,25,0.0078,0.695671,2026-07-29,2026-09-03,-0.718,20.137,12.51,,0.054348,0.68771,-0.000119,-0.081424,0,0,0,0,0.00733,0,0,2026-09-03,1.04459,2026-09-03,0.155556,5.429079,14,-0.071429,0.236429,0.126088,0.33975,3.364282,-0.144898,0.071702,-0.037501,0.034201,-0.002522,0.031,0.0771,0.175094
2026-09-03,EL,Estée Lauder Companies (The),Consumer Staples,Personal Care Products,S&P 500,100.86,,36491001856,205.83673,2127353,27,0.0039,0.137374,2026-11-02,2026-09-03,-0.455,17.205,2.807,-3.696246,0.04966,0.75487,0.014431,-0.170832,0,0,0,-802383.12,0.00433,1,1,2026-09-03,0.95996,2026-09-03,0.116667,2.341344,15,-0.266667,-0.2282,0.088892,0.07003,9.587452,-0.045131,-0.016109,0.150078,0.133969,-0.01056,0.063,0.04745,0.255474
2026-09-03,EG,Everest Group,Financials,Reinsurance,S&P 500,386.25,2.10691,14809881600,7.993585,305363,15,0.0049,0.739204,2026-07-29,2026-09-03,-0.115,,0.878,,0.139409,0.15281,,-0.036951,0,0,0,0,0.0083,0,0,2026-09-03,1.05186,2026-09-03,0.25,,15,0,-0.0042,,0.19132,0.968754,-0.066511,0.073861,0.038728,0.112588,-0.072271,-0.113,0.12572,-0.235366
2026-09-03,EVRG,Evergy,Utilities,Electric Utilities,S&P 500,81.93,1.43618,18890369024,20.847328,2329296,11,0.008,0.648917,2026-08-06,2026-09-03,0.23,12.47,5.812,-0.491583,-0.076407,0.52697,,-0.075491,0,0,0,-900235.56,0.00188,1,1,2026-09-03,0.96696,2026-09-03,0.344444,5.800662,12,0.25,0.17925,0.058789,0.25238,1.847767,-0.051027,0.156728,-0.028655,0.128073,0.051174,0.044,0.09254,0.046606
2026-09-03,ES,Eversource Energy,Utilities,Electric Utilities,S&P 500,71.47,1.46224,26920945664,18.563637,1563099,12,0.0074,0.586675,2026-07-30,2026-09-03,-0.854,11.163,3.934,-0.160182,0.030161,0.52752,,-0.066606,0,0,0,-213900,0.00167,1,2,2026-09-03,0.88233,2026-09-03,0.3,5.67369,14,0.142857,0.101714,0.020919,0.23923,1.647192,-0.070332,0.127037,-0.018269,0.108768,-0.070783,0.023,0.09016,-0.212362
2026-09-03,EXC,Exelon,Utilities,Electric Utilities,S&P 500,44.53,1.27359,45877207040,16.134058,11710453,17,0.0036,0.791538,2026-07-30,2026-09-03,-0.002,11.589,3.823,,-0.058529,0.42364,,-0.120829,,,,,0.0007,,,2026-09-03,0.95123,2026-09-03,0.294444,6.087373,11,0.454545,0.131364,0.022293,0.16591,1.547793,-0.166666,0.042205,-0.029771,0.012434,-0.010894,0.099,0.09711,-0.188442
2026-09-03,EXE,Expand Energy,Energy,Oil & Gas Exploration & Production,S&P 500,99.05,,22930450432,8.538793,1700076,25,0.0051,0.312049,2026-07-28,2026-09-03,-0.455,3.868,2.054,,0.063943,0.47069,,-0.217744,1,1,0.2,88900,0.0036,0,1,2026-09-03,0.96354,2026-09-03,0.155556,0.456033,14,0,0.377714,0.29858,0.26324,1.195895,-0.139208,-0.031632,0.071523,0.039891,,-0.106,0.14893,-0.242128
2026-09-03,EXPE,Expedia Group,Consumer Discretionary,"Hotels, Resorts & Cruise Lines",S&P 500,303.14,-1.59709,36383494144,19.382353,1608393,36,0.0038,0.461101,2026-08-05,2026-09-03,1.887,12.529,2.306,1.150151,0.094394,0.90433,,-0.113626,0,0,0,-1906796.5,0.00608,2,3,2026-09-03,1.08791,2026-09-03,0.116667,-0.497232,13,0,0.314923,0.092859,0.1898,30.088339,0.254071,0.398442,0.034729,0.433171,-0.006861,0.14,0.89489,-0.118427
2026-09-03,EXPD,Expeditors International,Industrials,Air Freight & Logistics,S&P 500,187.13,,24325146624,27.081043,789905,14,0.0065,0.853902,2026-11-03,2026-09-03,0.515,18.884,1.983,0.057174,0.032788,0.13549,,-0.026784,0,0,0,0,0.00634,0,0,2026-09-03,0.99874,2026-09-03,0.344444,-0.367301,10,0.1,0.1726,,0.10708,11.483891,0.360558,0.483728,0.05593,0.539658,0.019842,0.321,0.4267,-0.355738
2026-09-03,EXR,Extra Space Storage,Real Estate,Self-Storage REITs,S&P 500,140.98,,31114643456,30.849012,1003194,20,0.0051,0.858635,2026-07-28,2026-09-03,0.06,19.225,12.652,,0.048191,0.74919,,-0.112664,0,0,0,-495000,0.00943,1,1,2026-09-03,0.99784,2026-09-03,0.294444,5.936858,9,0,-0.001333,0.046713,0.45882,2.246622,-0.229005,-0.010869,-0.039036,-0.049905,-0.005283,0.038,0.06953,-0.182336
2026-09-03,XOM,ExxonMobil,Energy,Integrated Oil & Gas,S&P 500,162.21,-1.18184,666993295360,20.90335,13753278,22,0.0142,0.8326,2026-07-31,2026-09-03,1.128,10.385,1.954,0.405488,0.030991,0.29767,,-0.080494,0,0,0,-989083.07,0.00082,1,3,2026-09-03,0.6702,2026-09-03,0.172222,0.467786,15,0.066667,0.033,,0.15859,2.571496,0.323693,0.435732,0.06706,0.502792,0.076612,0.441,0.12584,-0.116253
2026-09-03,FFIV,"F5, Inc.",Information Technology,Communications Equipment,S&P 500,392.15,,22206349312,31.247011,324237,10,0.0067,0.851037,2026-07-27,2026-09-03,0.114,22.585,6.301,0.262255,0.032294,0.81866,0.012944,-0.098506,0,0,0,-2796804.19,0.00498,5,12,2026-09-03,1.01862,2026-09-03,0.455556,-1.465825,6,0,0.094,0.020734,0.24649,5.779576,0.064991,0.274427,-0.030336,0.244091,-0.001663,0.109,0.1983,-0.231842
2026-09-03,FDS,FactSet,Financials,Financial Exchanges & Data,S&P 500,312.96,2.25111,11130592256,20.164948,637550,16,0.0042,0.947704,2026-09-30,2026-09-03,-0.096,13.294,5.084,,0.055807,0.51382,,-0.170021,,,,,0.00432,,,2026-09-03,1.1529,2026-09-03,0.272222,1.358015,13,0.076923,0.063231,,0.30542,5.509471,-0.354135,-0.33853,0.163494,-0.175036,-0.049831,0.064,0.27032,-0.016916
2026-09-03,FICO,Fair Isaac,Information Technology,Application Software,S&P 500,1118.93,1.7718,24166244352,32.413963,203207,19,0.0053,0.776928,2026-07-29,2026-09-03,0.412,23.363,12.331,0.963031,0.032045,0.851,,-0.439978,0,0,0,-1353800,0.03015,1,1,2026-09-03,1.02455,2026-09-03,0.372222,4.234382,5,0.2,0.4248,0.054393,0.53787,,-0.455263,-0.230691,-0.045473,-0.276163,-0.130022,0.257,,-0.288667
2026-09-03,FAST,Fastenal,Industrials,Trading Companies & Distributors,S&P 500,49.23,2.71229,56491307008,41.024998,6664424,13,0.0081,0.794342,2026-10-14,2026-09-03,0.146,29.021,6.484,0.135704,0.016217,0.44701,-0.007605,-0.069728,0,0,0,-2528860.23,0.00088,3,6,2026-09-03,0.87538,2026-09-03,0.272222,0.121144,15,-0.066667,0.051333,0.003249,0.21023,13.883248,-0.18035,-0.014893,0.013643,-0.00125,0.023722,0.147,0.34334,-0.284157
2026-09-03,FRT,Federal Realty Investment Trust,Real Estate,Retail REITs,S&P 500,117.16,,10241932288,23.81301,491663,20,0.0067,0.684499,2026-07-31,2026-09-03,-0.456,18.299,11.479,,0.044536,0.68136,,-0.086187,0,0,0,0,0.01029,0,0,2026-05-07,1.00715,2026-09-03,0.377778,5.654219,4,0.25,0.16225,0.125364,0.35035,3.176359,-0.030371,0.182022,-0.033293,0.148729,0.041958,0.072,0.12551,-0.279409
2026-09-03,FDX,FedEx,Industrials,Air Freight & Logistics,S&P 500,324.31,2.45466,76754583552,17.068947,2528962,26,0.004,0.896952,2026-10-28,2026-09-03,-0.043,8.96,1.12,,0.073698,0.27318,,-0.060978,0,0,0,-1636431.52,0.06245,1,1,2026-09-03,0.82648,2026-09-03,0.127778,2.481679,15,-0.4,-0.3334,,0.11129,2.459446,0.545941,0.709767,0.015273,0.72504,-0.027817,0.125,0.14846,-0.222201
2026-09-03,FDXF,FedEx Freight,Industrials,Cargo Ground Transportation,S&P 500,127.19,,19017211904,29.038813,1821090,12,0.0144,,2026-06-25,2026-09-03,-0.611,25.411,2.857,,-0.026877,0.29278,,-0.36405,0,0,0,0,0.20084,0,0,2026-09-03,0.63179,2026-09-03,0.333333,6.182002,12,-0.583333,-0.276417,,-0.05772,,-0.340689,-0.040977,-0.120613,-0.161589,,0.048,0.69093,-0.279532
2026-09-03,FERG,Ferguson Enterprises,Industrials,Building Products,S&P 500,223.23,,43184451584,21.993103,1472360,20,0.0113,0.780334,2026-11-09,2026-09-03,0.069,16.164,1.578,,,0.30633,-0.00254,-0.178214,0,0,0,-1195472.84,0.0179,1,1,2026-09-03,0.99199,2026-09-03,0.244444,2.100567,12,0.083333,0.100917,0.013777,0.10159,6.964185,-0.250225,-0.016288,-0.054837,-0.071126,0.065946,0.046,,-0.410433
2026-09-03,FIS,Fidelity National Information Services,Financials,Transaction & Payment Processing Services,S&P 500,42.28,,21804046336,6.435312,6782447,23,0.0049,0.361973,2026-08-04,2026-09-03,0.881,12.009,3.469,0.878604,0.12168,0.35836,-0.016269,-0.398321,1,1,0.2,57366.54,0.00131,0,1,2026-09-03,1.01581,2026-09-03,0.161111,5.820658,15,0,0.156467,0.018122,0.20669,1.360317,-0.569727,-0.403235,0.012607,-0.390627,-0.010441,0.291,0.22348,-0.088617
2026-09-03,FITB,Fifth Third Bancorp,Financials,Regional Banks,S&P 500,54.97,1.04779,49851883520,18.323334,3773889,20,0.0084,0.763471,2026-10-19,2026-09-03,-0.057,,6.762,-0.315143,,0,,-0.076134,0,0,0,0,0.00355,0,0,2026-09-03,0.93035,2026-09-03,0.261111,,11,0,0.191,,0.39078,1.542844,0.01336,0.221824,-0.029365,0.192459,-0.002796,0.518,0.08438,-0.228159
2026-09-03,FSLR,First Solar,Information Technology,Semiconductors,S&P 500,207.42,2.37907,22291384320,12.780037,1873273,30,0.0047,0.811778,2026-07-30,2026-09-03,0.233,8.7,3.86,0.019972,0.071718,0.44016,0.117235,-0.353731,0,0,0,-3617085.15,0.05358,4,8,2026-09-03,0.96476,2026-09-03,0.116667,-0.642506,13,-0.076923,0.173077,0.047829,0.42642,2.159928,-0.191481,0.048036,-0.060417,-0.012382,-0.273767,-0.037,0.18509,-0.223556
2026-09-03,FE,FirstEnergy,Utilities,Electric Utilities,S&P 500,47.04,1.62022,27219222528,24.757896,4890311,12,0.0048,0.723927,2026-07-28,2026-09-03,0.083,10.629,3.686,,-0.074015,0.68605,,-0.101261,0,0,0,0,0.00138,0,0,2026-09-03,0.95624,2026-09-03,0.283333,5.333825,15,-0.2,-0.114267,0.022104,0.19304,2.104322,-0.114472,0.080366,-0.015739,0.064627,0.003706,0.088,0.09491,-0.091656
2026-09-03,FISV,Fiserv,Financials,Transaction & Payment Processing Services,S&P 500,52.73,1.44286,28040058880,10.101533,4726778,28,0.005,0.833089,2026-08-06,2026-09-03,,,,-0.218499,,,,-0.619608,1,1,0.2,519500,,0,1,2026-09-03,,2026-09-03,0.258333,,11,-0.272727,0.040455,0.026536,,1.040717,,,0.014788,,-0.070882,,,-0.303394
2026-09-03,FLEX,Flex Ltd.,Information Technology,Electronic Manufacturing Services,S&P 500,107.89,1.83105,39854886912,41.656372,3679041,10,0.0091,0.815973,2026-07-29,2026-09-03,0.52,20.228,1.467,1.265064,0.015701,0.0953,,-0.35341,0,0,0,-332352.36,0.00614,1,5,2026-09-03,0.96941,2026-09-03,0.422222,1.455487,8,0.25,0.2585,,0.0497,7.245802,0.724422,1.0399,-0.136378,0.903521,-0.078007,0.206,0.18378,-0.537535
2026-09-03,F,Ford Motor Company,Consumer Discretionary,Automobile Manufacturers,S&P 500,14.41,1.90947,57461256192,,40590494,20,0.0086,0.610086,2026-07-28,2026-09-03,4.308,25.994,1.057,2.390244,-0.138184,0.07115,,-0.189539,0,0,0,0,0.00395,0,0,2026-09-03,0.67969,2026-09-03,0.194444,18.471282,15,0,0.115867,,0.01882,1.608618,0.031517,0.18805,0.022566,0.210616,-0.398375,-0.038,-0.18252,-0.13406
2026-09-03,FTNT,Fortinet,Information Technology,Systems Software,S&P 500,156.36,1.17769,114723471360,54.67133,3122650,37,0.0029,0.82511,2026-07-29,2026-09-03,0.439,42.844,14.775,1.998432,0.019748,0.80204,-0.004427,-0.100811,0,0,0,0,0.17361,0,0,2026-09-03,0.71633,2026-09-03,0.1,-1.351491,14,0.428571,0.204,0.028084,0.33595,73.96405,0.842617,1.034772,-0.013056,1.021716,0.055107,0.256,1.17442,-0.135853
2026-09-03,FTV,Fortive,Industrials,Industrial Machinery & Supplies & Components,S&P 500,57.57,1.71378,17387122688,30.460318,2963783,13,0.0055,0.781906,2026-07-29,2026-09-03,0.04,16.702,4.778,0.284874,0.054012,0.6323,,-0.108271,0,0,0,-533492.58,0.0041,1,1,2026-09-03,1.12552,2026-09-03,0.305556,2.611291,13,0.076923,0.186846,,0.19137,2.874476,0.003269,0.235562,-0.053194,0.182369,,0.079,0.07318,-0.135224
2026-09-03,FOXA,Fox Corporation (Class A),Communication Services,Broadcasting,S&P 500,67.71,,28467820544,17.587013,3936822,17,0.0089,0.638536,2026-08-06,2026-09-03,0.031,8.234,1.866,-1.02834,0.019509,0.36629,,-0.113627,0,0,0,0,0.01475,0,0,2026-09-03,1.32745,2026-09-03,0.427778,0.866306,3,0,0.190667,,0.25214,2.443258,-0.081213,-0.030219,0.128105,0.097886,-0.147196,0.281,0.14291,-0.260381
2026-09-03,FOX,Fox Corporation (Class B),Communication Services,Broadcasting,S&P 500,60.47,,25423853568,15.706494,988718,,0.0089,0.638536,2026-08-06,2026-09-03,0.031,7.451,1.689,-1.02834,0.021845,0.36629,,-0.113018,0,0,0,0,0.39867,0,0,2026-09-03,0.65045,2026-09-03,0.125,0.866306,15,-0.266667,-0.1174,,0.25214,2.182008,-0.102273,-0.049034,0.125861,0.076827,-0.147196,0.281,0.14291,-0.370181
2026-09-03,BEN,Franklin Resources,Financials,Asset Management & Custody Banks,S&P 500,33.55,1.63587,17045979136,22.516777,3262552,11,0.0056,0.747574,2026-07-31,2026-09-03,1.067,11.456,2.21,-1.764713,-0.175459,0.37707,,-0.075248,0,0,0,0,0.48556,0,0,2026-09-03,0.49946,2026-09-03,0.294804,0.501251,15,0.133333,0.037,,0.12979,1.45056,0.142887,0.325071,-0.003084,0.321986,-0.12883,0.143,0.07887,-0.265851
2026-09-03,FCX,Freeport-McMoRan,Materials,Copper,S&P 500,72.56,-1.85311,104197431296,35.568626,11277610,22,0.0065,0.766773,2026-07-23,2026-09-03,0.281,12.831,4.739,,0.020723,0.38275,,-0.095713,0,0,0,-8386946.29,0.00716,4,5,2026-09-03,0.89251,2026-09-03,0.205556,0.657212,13,0.076923,0.043769,0.033723,0.33404,5.181747,0.425632,0.505711,0.099021,0.604732,-0.161274,-0.073,0.14755,0.171416
2026-09-03,GRMN,Garmin,Consumer Discretionary,Consumer Electronics,S&P 500,277.18,,53454868480,28.604748,694152,7,0.0039,0.85657,2026-07-29,2026-09-03,0.353,22.071,6.65,0.912227,0.019524,0.60081,0.018195,-0.118048,0,0,0,-3600146.87,0.14695,3,11,2026-09-03,0.58373,2026-09-03,0.338889,-1.055318,15,0.4,0.335733,0.022735,0.30439,5.922143,-0.016287,0.139753,0.02306,0.162812,0.025697,0.114,0.21887,-0.017706
2026-09-03,IT,Gartner,Information Technology,IT Consulting & Other Services,S&P 500,195.46,4.66399,12343099392,17.59316,1026494,13,0.0072,0.703905,2026-08-04,2026-09-03,0.331,10.249,2.194,,0.085275,0.6963,0.002372,-0.264773,0,0,0,-1172860.54,0.03753,4,4,2026-09-03,1.20353,2026-09-03,0.272222,1.330146,15,-0.133333,0.0854,,0.22623,35.158363,-0.390226,-0.422065,0.210938,-0.211127,-0.091852,-0.006,1.13581,-0.249054
2026-09-03,GE,GE Aerospace,Industrials,Aerospace & Defense,S&P 500,333.48,1.20789,346006355968,39.371902,2652962,21,0.0036,0.843383,2026-10-20,2026-09-03,0.194,31.047,7.04,0.163758,0.019059,0.31051,,-0.142372,0,0,0,-7180160.05,0.003,3,8,2026-09-03,0.81097,2026-09-03,0.216667,0.895672,13,0.076923,0.072538,,0.20571,19.615318,-0.011778,0.237236,-0.069914,0.167322,-0.036294,0.211,0.48232,-0.133792
2026-09-03,GEHC,GE HealthCare,Health Care,Health Care Equipment,S&P 500,69.72,-1.19047,31491565568,16.064516,3274839,18,0.0096,0.879735,2026-07-29,2026-09-03,0.168,11.187,1.89,,0.049954,0.39528,-0.03588,-0.223349,0,0,0,0,0.00353,0,0,2026-09-03,0.94124,2026-09-03,0.216667,2.355135,15,0.266667,0.3056,0.011013,0.14976,2.869372,-0.247368,-0.091805,0.023536,-0.068269,0.016527,0.058,0.19376,-0.453804
2026-09-03,GEV,GE Vernova,Industrials,Heavy Electrical Equipment,S&P 500,941.84,2.15849,250843627520,27.02554,1762235,33,0.0125,0.391274,2026-10-28,2026-09-03,0.328,61.88,5.874,,0.062677,0.2057,0.009924,-0.212469,0,0,0,-4505000,0.00126,1,1,2026-09-03,0.81636,2026-09-03,0.083333,-2.291826,15,0.066667,0.0558,0.038085,0.07466,20.97873,0.360521,0.616776,-0.077155,0.53962,0.056022,0.219,0.82577,-0.182904
2026-09-03,GEN,Gen Digital,Information Technology,Systems Software,S&P 500,31.33,2.2186,18753730560,18.321636,6445564,9,0.0019,0.850276,2026-08-06,2026-09-03,0.64,10.953,5.197,0.44153,0.082497,0.78007,,-0.009976,0,0,0,-17968009.13,0.09727,2,7,2026-09-03,0.93946,2026-09-03,0.316667,3.171369,15,0.066667,0.1172,,0.35554,7.065855,-0.140116,-0.103097,0.14208,0.038983,,0.063,0.41944,0.107192
2026-09-03,GNRC,Generac,Industrials,Heavy Electrical Equipment,S&P 500,183.02,1.25028,10799344640,41.977062,985608,16,0.0027,0.676642,2026-07-29,2026-09-03,0.92,18.764,2.69,0.903867,0.026766,0.39539,0.051932,-0.382607,0,0,0,-2130879.1,0.01705,3,8,2026-09-03,0.91773,2026-09-03,0.372222,1.790276,7,-0.142857,0.030714,0.031481,0.17932,3.752794,-0.182078,0.167822,-0.1708,-0.002979,-0.018582,0.106,0.09491,0.044388
2026-09-03,GD,General Dynamics,Industrials,Aerospace & Defense,S&P 500,365.87,,98988752896,22.336388,1485444,21,0.0081,0.879959,2026-07-29,2026-09-03,0.134,15.677,1.895,,0.044451,0.15375,,-0.085325,0,0,0,-3211480.09,0.00557,2,2,2026-09-03,0.87661,2026-09-03,0.2,0.775818,14,0.214286,0.308357,,0.1038,3.684491,-0.051459,0.157684,-0.030044,0.12764,0.18424,0.081,0.17803,-0.167603
2026-09-03,GIS,General Mills,Consumer Staples,Packaged Foods & Meats,S&P 500,39.26,-3.25284,20989552640,8.53912,12923884,18,0.0043,0.716469,2026-09-23,2026-09-03,-0.145,6.961,1.303,-0.244998,0.109983,0.33733,,-0.235145,0,0,0,0,0.00281,0,0,2026-09-03,0.91419,2026-09-03,0.233333,-0.115666,14,-0.357143,0.055214,0.07527,0.19194,3.791771,-0.376806,-0.240358,0.042652,-0.197707,-0.011359,0.022,-0.01028,-0.156834
2026-09-03,GM,General Motors,Consumer Discretionary,Automobile Manufacturers,S&P 500,87.22,2.76894,78886264832,37.92174,5195426,26,0.0056,0.779651,2026-10-20,2026-09-03,-0.262,11.069,0.982,,0.278043,0.10177,,-0.050408,0,0,0,-59206032.14,0.00172,5,14,2026-09-03,0.90312,2026-09-03,0.127778,6.320799,15,-0.466667,-0.141933,0.022956,0.03202,1.233733,0.277396,0.405229,0.051266,0.456496,0.02818,0.019,0.03164,-0.161172
2026-09-03,GPC,Genuine Parts Company,Consumer Discretionary,Distributors,S&P 500,137.62,,18972260352,550.48,947463,8,0.0055,0.881279,2026-10-20,2026-09-03,-0.098,12.221,1,-0.811518,0.048346,0.37564,0.000895,-0.092037,0,0,0,-268295,0.00484,1,1,2026-09-03,0.98937,2026-09-03,0.377778,2.968776,12,0.166667,0.2275,,0.06562,4.19177,-0.195945,-0.089926,0.073081,-0.016846,-0.007565,0.06,0.00707,-0.300396
2026-09-03,GILD,Gilead Sciences,Health Care,Biotechnology,S&P 500,151.22,1.07613,187506032640,17.850546,4497674,27,0.0054,0.090931,2026-08-04,2026-09-03,0.234,14.297,6.854,0.178534,0.052099,0.79604,,-0.038591,0,0,0,-12243347.91,0.00115,5,19,2026-09-03,0.92279,2026-09-03,0.133333,1.463188,14,0.428571,0.093143,,0.33679,15.864457,0.121292,0.184704,0.115687,0.300391,0.268965,0.102,-0.2068,-0.25831
2026-09-03,GPN,Global Payments,Financials,Transaction & Payment Processing Services,S&P 500,91.77,-1.12057,24284028928,44.120193,1685806,28,0.0048,0.095699,2026-08-05,2026-09-03,-0.952,9.658,4.241,,0.323989,0.63959,,-0.042866,0,0,0,0,0.00934,0,0,2026-09-03,1.12964,2026-09-03,0.155556,4.048658,12,0.083333,0.1655,,0.16108,1.055507,-0.121797,-0.039651,0.096953,0.057302,-0.238754,0.686,0.02428,-0.211314
2026-09-03,GL,Globe Life,Financials,Life & Health Insurance,S&P 500,176.52,1.83455,13565464576,11.522194,387785,11,0.0049,0.844605,2026-07-22,2026-09-03,0.197,9.842,2.671,0.086861,0.08577,0.33906,0.028589,-0.078465,0,0,0,-30461547.71,0.00703,7,20,2026-09-03,0.87422,2026-09-03,0.344444,1.768686,12,-0.083333,0.098417,0.01575,0.24642,2.209538,0.060726,0.251085,-0.01126,0.239825,0.026463,0.08,0.20945,-0.292094
2026-09-03,GDDY,GoDaddy,Information Technology,Internet Services & Infrastructure,S&P 500,103.63,1.72769,13124501504,15.128467,1895761,15,0.0045,0.716381,2026-07-30,2026-09-03,0.298,11.431,3.088,0.674554,0.091809,0.63802,,-0.311291,0,0,0,-3016529.11,0.00994,6,13,2026-09-03,1.06179,2026-09-03,0.25,1.913633,15,-0.2222,0.128667,,0.27057,56.929825,-0.477709,-0.418135,0.119526,-0.298609,,0.066,,-0.218552
2026-09-03,GS,Goldman Sachs,Financials,Investment Banking & Brokerage,S&P 500,1037.93,3.33626,302215528448,16.01991,1666076,20,0.0046,0.761231,2026-10-13,2026-09-03,0.923,,1.02,0.305075,,0.82076,,-0.100573,1,1,0.2,7228617.3,0.00551,2,29,2026-09-03,0.75882,2026-09-03,0.194444,,15,0.066667,0.1264,,0.42177,2.866822,0.181516,0.367393,-0.006778,0.360615,,0.425,0.16902,-0.101297
2026-09-03,HAL,Halliburton,Energy,Oil & Gas Equipment & Services,S&P 500,37.29,,31067432960,19.523561,10103697,25,0.0048,0.681571,2026-07-21,2026-09-03,0.161,9.002,1.665,1.27422,0.066058,0.15076,,-0.144529,0,0,0,-8585649.44,0.00401,3,5,2026-09-03,0.90649,2026-09-03,0.138889,1.486108,15,0.066667,0.105933,,0.12793,2.824786,0.523615,0.60515,0.097565,0.702715,-0.051553,0.037,0.14917,0.022594
2026-09-03,HIG,Hartford (The),Financials,Property & Casualty Insurance,S&P 500,140,2.03337,37922078720,9.478673,1130064,20,0.0092,0.794896,2026-07-23,2026-09-03,0.361,6.919,1.318,1.296163,0.145232,0.37868,,-0.041555,0,0,0,0,0.00345,0,0,2026-09-03,0.96347,2026-09-03,0.211111,0.070354,14,0.071429,0.029143,,0.17615,1.970416,-0.137025,0.033373,0.008702,0.042075,0.020361,0.081,0.22061,-0.176686
2026-09-03,HAS,Hasbro,Consumer Discretionary,Leisure Products,S&P 500,93,,13117134848,16.63685,1381557,14,0.0072,0.08619,2026-10-22,2026-09-03,,12.031,3.145,-0.34212,0.052462,0.63822,,-0.130679,0,0,0,-4002605.79,0.0058,4,7,2026-09-03,1.0096,2026-09-03,0.261111,1.922781,15,-0.333333,-0.054933,0.297967,0.22157,18.629807,-0.006392,0.126254,0.046454,0.172708,0.031756,0.162,1.5956,-0.30264
2026-09-03,HCA,HCA Healthcare,Health Care,Health Care Facilities,S&P 500,409.2,1.77586,88592416768,13.717734,1362335,21,0.0056,0.849629,2026-07-24,2026-09-03,0.116,9.046,1.826,0.386498,0.042195,0.4258,,-0.264716,0,0,0,0,0.16611,0,0,2026-09-03,0.78943,2026-09-03,0.183333,3.202007,15,-0.533333,0.0928,,0.15161,,-0.202254,-0.040831,0.017677,-0.023154,-0.052718,0.087,,-0.17852
2026-09-03,DOC,Healthpeak Properties,Real Estate,Health Care REITs,S&P 500,21.03,0,14909161472,60.085716,4237757,19,0.0073,0.38817,2026-08-04,2026-09-03,0.682,15.81,8.419,,0.110342,0.57648,,-0.08366,0,0,0,0,0.00296,0,0,2026-09-03,0.97808,2026-09-03,0.205556,5.525642,15,-0.133333,-0.110533,,0.1599,1.848304,-0.035543,0.167695,-0.024139,0.143556,0.040003,0.111,0.03039,-0.246831
2026-09-03,HSIC,Henry Schein,Health Care,Health Care Distributors,S&P 500,90.86,,10126032896,26.489796,679334,16,0.0022,0.919799,2026-08-04,2026-09-03,0.171,14.211,1.128,-0.720519,0.044045,0.31319,,-0.01432,,,,,0.00837,,,,1.11837,2026-09-03,0.372222,3.385185,7,0,0.285714,,0.05755,3.220958,0.122787,0.259328,0.042558,0.301887,-0.049824,0.067,0.08855,-0.35899
2026-09-03,HSY,Hershey Company (The),Consumer Staples,Packaged Foods & Meats,S&P 500,175.06,-1.33574,35174047744,24.213001,1261653,21,0.0072,0.704661,2026-07-30,2026-09-03,6.31,14.81,3.314,0.10462,0.049572,0.38377,,-0.268999,0,0,0,-33007232.4,0.00321,1,72,2026-09-03,0.91623,2026-09-03,0.3,1.885681,8,-0.25,0.154875,,0.23119,7.708838,-0.2225,-0.020807,-0.022594,-0.043401,,0.066,0.32809,-0.396
2026-09-03,HPE,Hewlett Packard Enterprise,Information Technology,"Technology Hardware, Storage & Peripherals",S&P 500,54.44,5.03569,72089640960,48.60714,72021554,20,0.0053,0.371568,2026-09-02,2026-09-03,-0.303,14.817,2.151,-1.028939,0.053212,0.33776,,-0.152685,0,0,0,-2024271,0.00377,1,2,2026-09-03,0.91847,2026-09-03,0.194444,2.843545,15,0.133333,0.0402,0.072921,0.087,2.848323,1.024557,1.110207,0.093449,1.203656,-0.063227,0.4,0.06315,-0.07782
2026-09-03,HLT,Hilton Worldwide,Consumer Discretionary,"Hotels, Resorts & Cruise Lines",S&P 500,314.35,,70749159424,46.092377,1731380,26,0.0064,0.831217,2026-07-28,2026-09-03,0.141,27.136,16.418,2.490526,0.019702,0.79036,,-0.121927,0,0,0,0,0.02193,0,0,2026-09-03,0.96926,2026-09-03,0.127778,4.214378,15,-0.133333,0.213,,0.62987,,-0.035104,0.179926,-0.03593,0.143996,0.009683,0.025,,-0.282862
2026-09-03,HD,Home Depot (The),Consumer Discretionary,Home Improvement Retail,S&P 500,318.07,,317335142400,22.242657,3377447,32,0.0078,0.877043,2026-11-17,2026-09-03,0.046,15.354,2.237,0.000665,0.033916,0.32801,,-0.254669,0,0,0,-3132797.55,0.00069,3,3,2026-09-03,0.76834,2026-09-03,0.083333,2.479025,15,0.2,0.158667,,0.12858,19.103304,-0.418842,-0.174979,-0.064763,-0.239742,-0.00329,0.057,1.04296,-0.176184
2026-09-03,HONA,Honeywell Aerospace,Industrials,Aerospace & Defense,S&P 500,154.96,1.57981,49114996736,46.53454,3904800,13,0.0208,,2026-08-05,2026-09-03,-0.709,18.169,3.588,,,0.34535,,-0.479126,1,1,0.2,998400,0.00051,0,1,2026-09-03,0.76594,2026-09-03,0.288889,4.265687,14,-0.428571,0.050929,,0.14684,,-0.41635,-0.033021,-0.204229,-0.23725,,0.054,,-0.097707
2026-09-03,HON,Honeywell Technologies,Industrials,Industrial Conglomerates,S&P 500,207.63,,65806254080,7.924809,2490071,22,0.0039,0.465737,2026-07-23,2026-09-03,2.639,10.795,2.414,-1.511028,0.039668,0.36511,,-0.202292,0,0,0,0,0.00081,0,0,2026-09-03,0.84596,2026-09-03,0.205556,3.026198,13,0.230769,0.183692,,0.20249,3.55002,-0.206061,0.071033,-0.097994,-0.026962,-0.034813,0.043,0.46577,-0.301177
2026-09-03,HRL,Hormel Foods,Consumer Staples,Packaged Foods & Meats,S&P 500,21.68,-1.678,11931604992,35.540985,4992909,8,0.0079,0.803884,2026-08-27,2026-09-03,-0.051,9.176,0.956,0.338343,0.052093,0.15741,-0.001452,-0.184962,0,0,0,-495158.56,0.00471,1,1,2026-09-03,0.91363,2026-09-03,0.394444,-0.256348,11,0.272727,0.199091,0.014891,0.11057,1.52119,-0.319785,-0.021815,-0.118871,-0.140686,-0.049044,-0.029,0.04293,0.616205
2026-09-03,HST,Host Hotels & Resorts,Real Estate,Hotel & Resort REITs,S&P 500,21.99,,15277034496,14.858108,6160347,20,0.0071,0.686367,2026-08-05,2026-09-03,0.084,11.202,3.046,,0.110779,0.29195,,-0.144691,0,0,0,-2798088.92,0.01469,2,3,2026-09-03,1.0542,2026-09-03,0.244444,2.178171,12,0.166667,0.26525,,0.18215,2.357924,0.089403,0.337157,-0.068654,0.268503,0.030177,0.036,0.15558,-0.189978
2026-09-03,HWM,Howmet Aerospace,Industrials,Aerospace & Defense,S&P 500,260.49,2.97675,103883776000,54.61006,3232580,20,0.0041,0.770776,2026-08-06,2026-09-03,0.33,38.649,11.844,,0.011454,0.36032,,-0.15971,0,0,0,0,0.00874,0,0,2026-09-03,0.93376,2026-09-03,0.194444,1.467788,15,0.066667,0.0976,,0.28504,18.177948,0.240429,0.475512,-0.055984,0.419529,-0.023094,0.241,0.34732,0.197573
2026-09-03,HPQ,HP Inc.,Information Technology,"Technology Hardware, Storage & Peripherals",S&P 500,31.93,-18.7557,28794185728,12.187023,13804030,16,0.0015,0.845265,2026-08-26,2026-09-03,-0.113,7.542,0.591,-1.0057,0.117728,0.1966,-0.016782,-0.019048,0,0,0,-1773083.52,0.00306,1,5,2026-09-03,0.95772,2026-09-03,0.388889,1.330889,6,0.166667,0.279167,0.010046,0.05396,,-0.072945,-0.083452,0.189607,0.106155,0.035387,0.125,,0.119101
2026-09-03,HUBB,Hubbell Incorporated,Industrials,Industrial Machinery & Supplies & Components,S&P 500,460.15,2.23738,24310906880,26.659906,598498,11,0.0049,0.849539,2026-07-28,2026-09-03,-0.009,19.455,4.737,,0.020395,0.35338,0.008956,-0.186295,0,0,0,-283653.41,0.00343,1,1,2026-09-03,0.99055,2026-09-03,0.461111,3.40607,5,0.2,0.1188,0.023622,0.21667,6.214632,-0.123806,0.107708,-0.052415,0.055293,0.06952,0.153,0.24444,-0.228023
2026-09-03,HUM,Humana,Health Care,Managed Health Care,S&P 500,406.52,1.38414,48815042560,38.387157,769531,23,0.0047,0.691117,2026-11-06,2026-09-03,0.271,11.055,0.273,,0.039762,0.13653,,-0.052136,0,0,0,0,0.0021,0,0,2026-09-03,1.00935,2026-09-03,0.211111,-2.538098,12,0.083333,0.2485,0.014043,0.03465,2.540734,0.123089,0.251585,0.050604,0.302189,0.124055,0.262,0.06893,-0.223431
2026-09-03,HBAN,Huntington Bancshares,Financials,Regional Banks,S&P 500,17.06,1.06635,34468278272,13.123077,17764024,19,0.006,0.873257,2026-07-23,2026-09-03,-0.029,,4.728,-0.117904,,0,,-0.12333,0,0,0,-481102.17,0.00809,1,2,2026-09-03,0.90005,2026-09-03,0.255556,,12,0.166667,0.122083,,0.41932,1.158889,-0.221641,-0.015031,-0.02751,-0.042541,0.173459,0.476,0.09002,-0.087834
2026-09-03,HII,Huntington Ingalls Industries,Industrials,Aerospace & Defense,S&P 500,290.73,,11456099328,17.305359,287827,12,0.0115,0.846988,2026-07-30,2026-09-03,0.365,12.29,1.091,-4.122449,-0.026209,0.124,,-0.367978,0,0,0,-4487582.7,0.00476,2,2,2026-09-03,0.92504,2026-09-03,0.383333,2.498291,9,0,0.067222,0.009819,0.0708,2.156623,-0.109687,0.090358,-0.020945,0.069413,-0.024484,0.109,0.12968,-0.197707
2026-09-03,IBM,IBM,Information Technology,IT Consulting & Other Services,S&P 500,234.71,1.2991,221128376320,20.570553,4370121,23,0.0046,0.651966,2026-10-21,2026-09-03,-0.018,16.898,4.029,0.065554,0.054492,0.58098,-0.010414,-0.29402,0,0,0,-5758087.5,0.00105,1,1,2026-09-03,0.66715,2026-09-03,0.244444,3.468706,10,-0.2,0.0798,,0.16548,6.418453,-0.246818,-0.036062,-0.031657,-0.067718,-0.083732,0.011,0.34461,-0.517394
2026-09-03,IEX,IDEX Corporation,Industrials,Industrial Machinery & Supplies & Components,S&P 500,223.1,,16446909440,32.380264,468293,14,0.0031,0.895437,2026-07-29,2026-09-03,0.109,18.301,4.94,0.422149,0.033782,0.4473,0.01041,-0.084906,0,0,0,-91859.04,0.00223,1,1,2026-09-03,1.05546,2026-09-03,0.294444,1.306397,13,0.153846,0.172,0.015266,0.2217,4.119124,0.182751,0.386865,-0.025014,0.361851,-0.025371,0.064,0.12955,-0.144702
2026-09-03,IDXX,Idexx Laboratories,Health Care,Health Care Equipment,S&P 500,529.29,-1.79966,41698058240,37.887615,590134,13,0.0049,0.856087,2026-08-04,2026-09-03,0.176,26.267,9.355,3.655129,0.021808,0.62446,0.014197,-0.312593,0,0,0,0,0.0022,0,0,2026-09-03,0.96744,2026-09-03,0.438889,0.554453,5,0.4,0.1744,0.023614,0.3498,25.888481,-0.340844,-0.108708,-0.053037,-0.161744,-0.046058,0.097,0.74211,-0.239123
2026-09-03,ITW,Illinois Tool Works,Industrials,Industrial Machinery & Supplies & Components,S&P 500,271.65,,77365919744,24.385098,976413,14,0.0069,0.864425,2026-07-28,2026-09-03,0.101,17.94,5.235,0.132767,0.031448,0.44162,,-0.103939,0,0,0,-11974535.17,0.00372,2,5,2026-09-03,0.86906,2026-09-03,0.394444,1.842489,7,0,0.081857,,0.26901,26.731943,-0.166226,0.042963,-0.03009,0.012873,,0.061,1.04618,-0.248696
2026-09-03,INCY,Incyte,Health Care,Biotechnology,S&P 500,128,,25945311232,16.305733,909843,24,0.0056,0.401745,2026-07-28,2026-09-03,0.377,11.042,3.685,,0.045506,0.55659,,-0.034691,0,0,0,-11868203.14,0.01832,2,17,2026-09-03,1.03593,2026-09-03,0.166667,-2.315524,14,0.214286,0.140286,,0.41899,4.054739,0.307858,0.420573,0.066384,0.486958,0.078939,0.377,0.30667,-0.329132
2026-09-03,IR,Ingersoll Rand,Industrials,Industrial Machinery & Supplies & Components,S&P 500,75.4,,29255157760,30.90164,2442282,13,0.0034,0.6054,2026-07-30,2026-09-03,0.065,16.402,4.161,,0.037854,0.42821,,-0.25317,0,0,0,0,0.00215,0,0,2026-09-03,1.05818,2026-09-03,0.272222,1.84891,15,-0.266667,-0.124733,,0.16883,2.874461,-0.252602,0.005098,-0.0786,-0.073502,,0.085,0.0947,-0.181641
2026-09-03,PODD,Insulet Corporation,Health Care,Health Care Equipment,S&P 500,150.58,1.64709,10443355136,28.251408,1157580,22,0.0028,0.629183,2026-08-05,2026-09-03,3.286,17.656,3.556,2.206262,0.022684,0.71075,0.005102,-0.575688,0,0,0,0,0.00329,0,0,2026-05-07,1.07084,2026-09-03,0.205556,0.672467,13,-0.102538,0.163769,0.02186,0.16178,7.342859,-0.753935,-0.549997,-0.024838,-0.574836,-0.10357,0.235,0.26016,0.123136
2026-09-03,INTC,Intel,Information Technology,Semiconductors,S&P 500,91.67,1.799,484577247232,,79677381,41,0.0043,0.394853,2026-07-23,2026-09-03,,29.62,8.746,-4.2403,0.010043,0.38873,0.128135,-0.356024,1,1,0.2,9999985,0.13988,0,1,2026-09-03,0.62527,2026-09-03,0.083333,1.235748,15,-0.2,-0.0286,0.231018,0.1219,5.280834,2.479982,2.761657,-0.102575,2.659082,0.182379,0.254,-0.10715,-0.284415
2026-09-03,IBKR,Interactive Brokers,Financials,Investment Banking & Brokerage,S&P 500,92.95,4.29757,158369644544,35.3422,5291904,13,0.0052,0.641989,2026-07-21,2026-09-03,0.353,,,,,0.93036,,-0.058734,1,1,0.2,6739.75,0.02666,0,3,2026-09-03,0.88568,2026-09-03,0.272222,,15,0.133333,0.0406,,0.76533,7.093795,0.207335,0.375976,0.010458,0.386434,0.092655,0.263,0.24019,-0.066997
2026-09-03,ICE,Intercontinental Exchange,Financials,Financial Exchanges & Data,S&P 500,164.59,4.26987,92399919104,22.27199,4676822,14,0.0047,0.786629,2026-07-30,2026-09-03,0.142,16.676,10.604,0.462898,0.039325,1,,-0.067954,0,0,0,-5130851.17,0.00813,7,13,2026-09-03,0.96647,2026-09-03,0.261111,2.898421,15,-0.0222,-0.372,,0.52626,3.124573,-0.273321,-0.217585,0.123363,-0.094222,-0.033992,0.048,0.14094,-0.247427
2026-09-03,IFF,International Flavors & Fragrances,Materials,Specialty Chemicals,S&P 500,86.46,,22060265472,24.933437,1506950,18,0.0047,0.036748,2026-08-04,2026-09-03,-0.916,14.549,2.579,-1.311696,-0.078014,0.36583,,-0.03202,0,0,0,-1315661.78,0.00113,3,3,2026-09-03,1.09941,2026-09-03,0.25,2.987964,13,0.153846,0.247308,,0.08495,1.57938,0.147621,0.260048,0.066673,0.326721,-0.007404,0.018,-0.05548,-0.209125
2026-09-03,IP,International Paper,Materials,Paper & Plastic Packaging Products & Materials,S&P 500,36.44,,19297525760,,4256158,11,0.0075,0.010799,2026-10-28,2026-09-03,,7.238,1.176,-1.230816,0.085322,0.29608,,-0.274826,0,0,0,-1156257.55,0.00241,2,2,2026-09-03,1.02732,2026-09-03,0.294444,2.33274,15,-0.2,0.1764,0.014466,0.02298,1.334847,-0.427702,-0.169665,-0.078937,-0.248603,-0.156777,-0.022,-0.16479,-0.230607
2026-09-03,INTU,Intuit,Information Technology,Application Software,S&P 500,344.3,,94178779136,20.828794,3695373,31,0.0066,0.531582,2026-08-25,2026-09-03,-0.008,13.839,4.419,,0.068366,0.80982,,-0.511687,0,0,0,-314288.19,0.02355,1,2,2026-09-03,0.91502,2026-09-03,0.083333,0.165864,15,0.0778,-0.005067,0.165804,0.17639,4.930969,-0.669394,-0.592089,0.101795,-0.490295,-0.069917,0.137,0.23596,-0.003724
2026-09-03,ISRG,Intuitive Surgical,Health Care,Health Care Equipment,S&P 500,369.83,,132501962752,42.754913,1745526,30,0.004,0.859962,2026-07-16,2026-09-03,0.265,30.034,11.379,,0.019737,0.66679,0.014726,-0.387577,0,0,0,-4531213.55,0.00513,4,14,2026-09-03,0.89519,2026-09-03,0.116667,-1.247656,13,0.230769,0.202923,0.026979,0.33603,7.203825,-0.382544,-0.170791,-0.032654,-0.203444,-0.04424,0.185,0.17423,-0.325391
2026-09-03,IVZ,Invesco,Financials,Asset Management & Custody Banks,S&P 500,32.71,3.12106,14441457664,,3470192,12,0.0082,0.601175,2026-07-28,2026-09-03,0.35,12.914,2.703,0.82169,0.078994,0.2952,,-0.028223,0,0,0,0,0.00625,0,0,2026-09-03,0.98359,2026-09-03,0.283333,0.490449,15,0.066667,0.1476,,0.1995,1.449719,0.263374,0.357529,0.084945,0.442474,-0.081597,0.205,-0.00573,-0.29461
2026-09-03,INVH,Invitation Homes,Real Estate,Single-Family Residential REITs,S&P 500,28.45,-1.35229,16900495360,26.100918,3579623,23,0.007,0.768709,2026-07-29,2026-09-03,0.605,16.872,8.888,,0.069157,0.56262,,-0.079079,0,0,0,0,0.00341,0,0,2026-09-03,1.02812,2026-09-03,0.277778,5.647138,8,-0.125,0.133625,,0.25115,1.855717,-0.228852,0.00028,-0.050033,-0.049753,0.008665,0.101,0.07054,-0.199173
2026-09-03,IQV,IQVIA,Health Care,Life Sciences Tools & Services,S&P 500,271.62,2.94876,44708651008,33.741615,2012428,18,0.0043,0.900439,2026-07-28,2026-09-03,-0.006,19.361,3.475,0.483221,0.048084,0.32968,,-0.000258,0,0,0,-29190865.03,0.01086,5,8,2026-09-03,1.03565,2026-09-03,0.316667,4.65059,9,0.222222,0.170222,,0.13027,7.244938,0.25419,0.235584,0.197706,0.43329,0.117328,0.087,0.22818,-0.088407
2026-09-03,IRM,Iron Mountain,Real Estate,Other Specialized REITs,S&P 500,114.98,2.80759,34229870592,79.296555,1690998,10,0.0035,0.433121,2026-08-05,2026-09-03,8.6,21.31,7.188,-3.693654,-0.01274,0.5421,,-0.146273,0,0,0,-12582861.85,0.00885,3,12,2026-09-03,0.88376,2026-09-03,0.322222,7.739015,14,0.071429,0.157286,,0.19059,,0.034179,0.278849,-0.065571,0.213278,-0.01288,0.185,,-0.116656
2026-09-03,JBHT,J.B. Hunt,Industrials,Cargo Ground Transportation,S&P 500,266.28,2.3288,25007669248,37.877666,1164856,22,0.0053,0.856634,2026-10-15,2026-09-03,0.458,15.775,2.079,1.200821,0.03611,0.18505,,-0.111689,0,0,0,-626458.73,0.20436,2,2,2026-09-03,0.78817,2026-09-03,0.272222,0.835845,9,0.444444,0.159778,,0.07423,6.838037,0.612062,0.827773,-0.036612,0.791162,0.021025,0.194,0.18448,-0.248727
2026-09-03,JBL,Jabil,Information Technology,Electronic Manufacturing Services,S&P 500,305.92,2.1811,32056467456,38.28786,1133401,9,0.0081,0.536681,2026-06-17,2026-09-03,0.276,14.453,1.031,1.396461,0.037797,0.09226,0.007622,-0.286783,1,1,0.2,-202471.78,0.01192,2,11,2026-09-03,0.99311,2026-09-03,0.316667,1.077597,15,0.2,0.234667,0.042509,0.05211,24.238968,0.245889,0.497161,-0.072173,0.424988,-0.113065,0.118,0.65876,-0.296194
2026-09-03,JKHY,Jack Henry & Associates,Financials,Transaction & Payment Processing Services,S&P 500,168.37,,11804859392,23.916193,616510,15,0.0046,0.860876,2026-08-18,2026-09-03,-0.104,16.905,4.666,0.1238,0.029837,0.43898,-0.001282,-0.129376,0,0,0,0,0.0061,0,0,2026-09-03,1.02879,2026-09-03,0.316667,0.093654,11,0.090909,0.215455,,0.22503,5.616264,-0.147222,-0.064234,0.096112,0.031877,0.012217,0.047,0.2404,-0.261315
2026-09-03,J,Jacobs Solutions,Industrials,Construction & Engineering,S&P 500,147.54,,17267875840,48.8543,724502,15,0.0035,0.516416,2026-08-04,2026-09-03,-0.254,19.053,1.416,,0.037392,0.22067,,-0.12408,0,0,0,-2478582.67,0.00518,1,2,2026-09-03,0.94963,2026-09-03,0.25,2.721802,15,0,-0.035533,,0.07387,5.293864,-0.155863,-0.049746,0.072982,0.023236,0.631099,0.345,0.07998,-0.158113
2026-09-03,JNJ,Johnson & Johnson,Health Care,Pharmaceuticals,S&P 500,278.43,1.17002,670988042240,32.33798,5908379,22,0.004,0.696824,2026-10-13,2026-09-03,-0.009,20.052,7.141,-0.185729,0.025165,0.6814,,-0.009393,0,0,0,-60960483.14,0.00053,5,9,2026-09-03,0.76806,2026-09-03,0.255556,0.810909,10,-0.2,0.1055,0.063145,0.2919,7.891112,0.363298,0.473211,0.069187,0.542398,-0.039753,0.066,0.25742,-0.176321
2026-09-03,JCI,Johnson Controls,Industrials,Building Products,S&P 500,142.23,2.14003,86154600448,39.181816,2630011,19,0.0037,0.591344,2026-07-29,2026-09-03,0.153,21.97,3.802,,0.034637,0.36651,,-0.094423,0,0,0,-4335224.66,0.00172,3,4,2026-09-03,0.92181,2026-09-03,0.338889,2.042543,7,0.142857,0.364143,0.012215,0.15875,6.390349,0.121209,0.316623,-0.016315,0.300308,0.02467,0.093,0.14332,-0.340091
2026-09-03,JPM,JPMorgan Chase,Financials,Diversified Banks,S&P 500,362.06,1.63944,962422898688,15.519074,5413320,21,0.0064,0.844185,2026-10-13,2026-09-03,0.469,,4.295,,,0,,-0.012115,0,0,0,-903518,0.00391,1,1,2026-09-03,0.75709,2026-09-03,0.183333,,15,0.133333,0.137867,,0.50394,2.722112,0.030969,0.171852,0.038217,0.210069,0.078865,0.304,0.17789,-0.311935
2026-09-03,KVUE,Kenvue,Consumer Staples,Personal Care Products,S&P 500,18.95,,36398657536,22.294117,18570030,12,0.0115,0.735905,2026-08-06,2026-09-03,0.085,12.612,2.849,,0.052406,0.58437,-0.00716,-0.084099,0,0,0,-66988.5,0.00072,1,1,2026-09-03,0.95976,2026-09-03,0.283333,2.155415,15,-0.333333,-0.1186,0.04589,0.19418,3.447963,-0.15171,0.039423,-0.012033,0.02739,-0.014692,0.03,0.15581,-0.073609
2026-09-03,KDP,Keurig Dr Pepper,Consumer Staples,Soft Drinks & Non-alcoholic Beverages,S&P 500,32.88,,44743958528,33.212124,9758315,17,0.007,0.708539,2026-08-06,2026-09-03,-0.9,17.757,4.249,-0.894268,0.102969,0.50956,-0.122194,-0.027794,1,1,0.2,250247.46,0.04985,0,1,2026-09-03,1.09577,2026-09-03,0.227778,6.657375,15,0.133333,0.0412,0.045452,0.12888,1.787442,-0.041578,0.085678,0.051844,0.137522,0.661895,0.756,0.051,-0.38118
2026-09-03,KEY,KeyCorp,Financials,Regional Banks,S&P 500,22.12,1.4679,23604885504,12.786127,10341437,19,0.0058,0.465305,2026-10-20,2026-09-03,0.253,,5.238,,,0,,-0.081014,0,0,0,-568500,0.00298,1,1,2026-09-03,0.90297,2026-09-03,0.205556,,15,-0.133333,0.084933,,0.3471,1.370848,-0.028096,0.179088,-0.028085,0.151003,-0.034132,0.101,0.1033,-0.10695
2026-09-03,KEYS,Keysight Technologies,Information Technology,Electronic Equipment & Instruments,S&P 500,322.62,,54942183424,43.479782,759637,12,0.0075,0.73625,2026-08-18,2026-09-03,1.091,30.807,8.369,0.62819,0.035007,0.64692,,-0.139595,0,0,0,-2451909.24,0.00582,3,4,2026-09-03,0.92707,2026-09-03,0.283333,0.078859,15,0.133333,-0.017133,0.036549,0.24973,8.36128,0.747106,0.94065,-0.014445,0.926205,0.050683,0.365,0.20897,-0.063105
2026-09-03,KMB,Kimberly-Clark,Consumer Staples,Household Products,S&P 500,107.95,-1.2261,35901906944,21.59,3192641,15,0.005,0.788127,2026-08-04,2026-09-03,-0.323,11.953,2.509,2.363914,0.026214,0.37613,0.032921,-0.179275,0,0,0,0,0.00709,0,0,2026-09-03,0.99302,2026-09-03,0.3,1.603849,12,0.083333,0.17875,0.034503,0.19002,20.515013,-0.337695,-0.142073,-0.016523,-0.158596,-0.020642,0.006,1.04913,-0.196282
2026-09-03,KIM,Kimco Realty,Real Estate,Retail REITs,S&P 500,23.92,,16045282304,27.813953,3809506,22,0.0058,0.593229,2026-08-04,2026-09-03,-0.058,18.286,11.137,,0.054314,0.68933,,-0.102439,0,0,0,0,0.02208,0,0,2026-09-03,1.04165,2026-09-03,0.172222,6.122914,15,-0.266667,-0.294667,0.036988,0.36565,1.561765,-0.121103,0.100423,-0.042426,0.057997,0.008931,0.049,0.05806,-0.029808
2026-09-03,KMI,Kinder Morgan,Energy,Oil & Gas Storage & Transportation,S&P 500,31.6,-1.15733,70366953472,20.387098,8508831,20,0.0108,0.852345,2026-10-28,2026-09-03,0.212,13.615,5.788,-0.119986,0.015277,0.49407,,-0.092215,0,0,0,-50612.15,0.12696,1,1,2026-09-03,0.7077,2026-09-03,0.227778,4.234971,13,0.307692,0.400231,0.018423,0.30065,2.222691,0.023232,0.21527,-0.012938,0.202332,-0.030791,0.108,0.10991,0.11289
2026-09-03,KKR,KKR & Co.,Financials,Asset Management & Custody Banks,S&P 500,109.76,3.12882,101373296640,35.067093,4189763,20,0.0038,,2026-07-30,2026-09-03,0.4,,6.158,,,0.54767,,-0.278369,0,0,0,0,0.23057,0,0,2026-09-03,0.62393,2026-09-03,0.211111,,14,-0.214286,-0.031214,,0.2065,3.457008,-0.393812,-0.291585,0.076872,-0.214713,-0.263152,0.078,0.0728,-0.297185
2026-09-03,KLAC,KLA Corporation,Information Technology,Semiconductor Materials & Equipment,S&P 500,172.94,,225954201600,47.122616,6858110,26,0.0043,0.797536,2026-07-28,2026-09-03,0.138,37.525,16.731,0.80507,0.011616,0.61301,,-0.437356,0,0,0,-43483340.18,0.00129,6,6,2026-09-03,0.93849,2026-09-03,0.144444,0.206334,14,-0.071429,0.213429,,0.42486,35.599014,0.793441,1.143394,-0.170854,0.972541,,0.152,0.87496,-0.350902
2026-09-03,KHC,Kraft Heinz,Consumer Staples,Packaged Foods & Meats,S&P 500,25.42,-3.19878,30143639552,,24216156,17,0.0074,0.295553,2026-08-05,2026-09-03,0.136,8.481,1.871,0.962664,0.107834,0.33498,-0.019813,-0.095052,0,0,0,-426532.16,0.27778,1,1,2026-09-03,0.66661,2026-09-03,0.244444,2.971054,14,-0.071429,0.088429,0.560608,0.1549,0.837314,-0.216842,-0.040401,0.002659,-0.037743,-0.02217,-0.014,-0.0876,0.125547
2026-09-03,KR,Kroger,Consumer Staples,Food Retail,S&P 500,58.51,,35845992448,34.01744,5262652,22,0.0047,0.251297,2026-09-11,2026-09-03,0.132,8.414,0.457,,0.083538,0.23979,,-0.235962,0,0,0,0,0.06684,0,0,2026-09-03,0.82414,2026-09-03,0.172222,2.63849,15,-0.133333,0.0584,0.025238,0.03224,6.324038,-0.320904,-0.156152,0.014348,-0.141804,-0.001062,0.022,0.13779,-0.215739
2026-09-03,LHX,L3Harris,Industrials,Aerospace & Defense,S&P 500,262.14,,48814305280,26.47879,1413647,13,0.0061,0.826646,2026-07-29,2026-09-03,-0.061,30.301,5.058,-1.221698,,0.30414,,-0.308757,0,0,0,-2723909.96,0.00454,2,2,2026-09-03,0.89287,2026-09-03,0.338889,3.226934,11,0,0.102818,0.012915,0.09727,2.550472,-0.221885,0.033589,-0.076374,-0.042785,-0.035396,1.9,,0.112184
2026-09-03,LH,Labcorp,Health Care,Health Care Services,S&P 500,331.5,-4.82433,26884651008,27.396694,520640,16,0.0049,0.850908,2026-07-30,2026-09-03,0.282,14.476,2.341,-1.107225,0.033181,0.28883,0.001435,-0.030135,0,0,0,-3172402.54,0.0035,4,5,2026-09-03,1.02058,2026-09-03,0.305556,2.880076,11,0,-0.077091,0.012802,0.1224,3.115953,0.011054,0.099671,0.090482,0.190153,0.000231,0.058,0.11728,-0.027444
2026-09-03,LRCX,Lam Research,Information Technology,Semiconductor Materials & Equipment,S&P 500,292.66,1.50527,366211596288,50.72097,7205245,31,0.0048,0.804169,2026-07-29,2026-09-03,0.348,42.21,15.7,1.500487,0.008439,0.50469,,-0.332588,0,0,0,-84873145.57,0.0028,5,50,2026-09-03,0.88837,2026-09-03,0.1,-0.168678,14,0,0.171286,,0.37391,29.362898,1.621483,1.901225,-0.100642,1.800583,0.143758,0.3,0.65066,-0.425236
2026-09-03,LVS,Las Vegas Sands,Consumer Discretionary,Casinos & Gaming,S&P 500,44.51,-6.7361,28829177856,17.251938,3672186,19,0.0082,0.811142,2026-07-22,2026-09-03,-0.198,8.849,2.992,,0.076758,0.79335,,-0.368204,0,0,0,0,0.61711,0,0,2026-09-03,0.4269,2026-09-03,0.287622,2.566932,13,0.179462,0.190462,0.022209,0.19658,49.620956,-0.370898,-0.155331,-0.036467,-0.191798,-0.259235,-0.007,1.22869,0.037703
2026-09-03,LDOS,Leidos,Industrials,Diversified Support Services,S&P 500,132.36,-1.06144,16610148352,12.486792,1320390,15,0.0051,0.90497,2026-08-04,2026-09-03,-0.067,9.443,1.275,,0.069032,0.17795,,-0.356758,0,0,0,-1547465.3,0.00555,2,3,2026-09-03,0.84671,2026-09-03,0.316667,2.447523,11,0,0.135727,0.008403,0.11716,3.143495,-0.431725,-0.339738,0.087112,-0.252626,0.035201,0.072,0.27781,-0.349756
2026-09-03,LEN,Lennar,Consumer Discretionary,Homebuilding,S&P 500,84.45,1.04091,20343592960,13.236676,2136464,13,0.003,0.690656,2026-09-16,2026-09-03,-0.315,10.886,0.76,3.092749,0.052986,0.16363,,-0.414517,0,0,0,0,0.08234,0,0,2026-09-03,0.98109,2026-09-03,0.322222,1.921468,12,-0.083333,-0.11175,,0.05275,0.940937,-0.59001,-0.39184,-0.01907,-0.410911,0.080378,-0.052,0.07368,-0.076535
2026-09-03,LII,Lennox International,Industrials,Building Products,S&P 500,386.08,3.22994,13343184896,16.612736,761511,13,0.0037,0.745839,2026-07-29,2026-09-03,0.001,13.081,2.889,0.428571,0.020815,0.3333,-0.008338,-0.342585,0,0,0,0,0.09597,0,0,2026-09-03,0.79268,2026-09-03,0.388889,1.684831,8,0,0.142125,0.036532,0.22856,10.285592,-0.532097,-0.157604,-0.195393,-0.352997,0.105863,0.03,0.71757,-0.057123
2026-09-03,LLY,Lilly (Eli),Health Care,Pharmaceuticals,S&P 500,1159.6,-4.13748,1034063249408,38.899696,2548877,29,0.0049,0.657617,2026-10-29,2026-09-03,0.262,25.885,13.551,,0.010701,0.83399,,-0.102928,0,0,0,-15958170,0.00156,3,3,2026-09-03,0.8539,2026-09-03,0.111111,1.101925,14,-0.071429,0.084786,,0.54222,30.514183,0.416148,0.620976,-0.025728,0.595248,-0.078757,0.477,1.02286,-0.124186
2026-09-03,LIN,Linde plc,Materials,Industrial Gases,S&P 500,482.19,,222280024064,31.109032,1829239,25,0.0084,0.91776,2026-07-31,2026-09-03,0.113,17.866,6.966,,0.018719,0.48348,,-0.120412,1,1,0.2,47911.5,0.00249,0,1,2026-09-03,0.88823,2026-09-03,0.138889,1.672334,15,-0.133333,0.087467,0.009435,0.28119,5.687678,-0.147219,0.0734,-0.04152,0.03188,0.010996,0.093,0.18401,-0.203715
2026-09-03,LYV,Live Nation Entertainment,Communication Services,Movies & Entertainment,S&P 500,177.49,-1.16932,41347985408,,1435342,24,0.0062,0.208622,2026-07-30,2026-09-03,1.562,29.208,1.724,1.364871,0.040994,0.25777,,-0.06214,0,0,0,-903725,0.32414,2,2,2026-09-03,0.85589,2026-09-03,0.216667,1.425572,11,-0.090909,0.341909,0.060587,0.06696,,-0.080152,0.12094,-0.021992,0.098948,-0.027268,0.094,0.17677,-0.253545
2026-09-03,LMT,Lockheed Martin,Industrials,Aerospace & Defense,S&P 500,532.95,,122999930880,19.608168,772471,19,0.007,0.769594,2026-07-23,2026-09-03,4.438,14.437,1.815,,0.045225,0.11798,0.081486,-0.229841,0,0,0,-117622.54,0.00111,2,9,2026-09-03,0.76514,2026-09-03,0.205556,1.730062,15,0.2,0.1828,0.027193,0.11957,13.980116,-0.033271,0.183299,-0.037471,0.145829,0.101866,0.105,0.89165,-0.118293
2026-09-03,L,Loews Corporation,Financials,Multi-line Insurance,S&P 500,110.04,1.00973,22495225856,13.501842,998292,,0.0064,0.882502,2026-08-03,2026-09-03,0.156,8.017,1.388,2.646865,0.056101,0.3629,,-0.090654,0,0,0,0,0.20066,0,0,2026-09-03,0.62022,2026-09-03,0.125,0.784368,15,-0.066667,0.091667,,0.14533,1.176672,-0.051823,0.160531,-0.033254,0.127277,0.025724,0.039,0.09313,-0.11282
2026-09-03,LOW,Lowe's,Consumer Discretionary,Home Improvement Retail,S&P 500,201.9,1.03082,113276805120,16.895397,3384954,33,0.0071,0.845201,2026-11-18,2026-09-03,0,11.952,1.682,-0.11188,0.040744,0.32994,-0.007675,-0.311063,0,0,0,-5796890.65,0.00106,3,3,2026-09-03,0.81395,2026-09-03,0.083333,3.052793,15,-0.133333,0.035,0.012053,0.13365,,-0.438869,-0.202891,-0.056879,-0.25977,-0.019277,0.083,,0.105592
2026-09-03,LULU,Lululemon Athletica,Consumer Discretionary,"Apparel, Accessories & Luxury Goods",S&P 500,121.77,1.41584,13827460096,9.851942,15957993,26,0.0053,0.861094,2026-09-03,2026-09-03,-0.35,5.631,1.29,,0.082008,0.55695,0.020195,-0.461147,0,0,0,0,0.04424,0,0,2026-09-03,0.78649,2026-09-03,0.127778,0.242122,15,-0.333333,-0.1062,0.032384,0.11205,2.887392,-0.463545,-0.312412,0.027966,-0.284446,-0.085978,0.043,0.32027,0.286506
2026-09-03,LITE,Lumentum,Information Technology,Communications Equipment,S&P 500,847.37,-2.66604,76009086976,153.52715,3301245,26,0.004,0.226999,2026-08-11,2026-09-03,,93.595,24.865,-1.532901,0.002956,0.44244,0.125753,-0.219503,0,0,0,-45567920.42,0.00604,4,40,2026-09-03,0.94232,2026-09-03,0.127778,-1.332834,15,0.266667,0.1536,0.093669,0.27954,16.166862,4.645737,4.786273,0.038564,4.824836,0.063653,1.093,-2.40027,-0.250302
2026-09-03,LYB,LyondellBasell,Materials,Specialty Chemicals,S&P 500,64.76,-2.71894,20919939072,,2073070,17,0.0081,0.333087,2026-07-31,2026-09-03,3.96,9.172,1.049,,0.0587,0.12888,,-0.228497,0,0,0,0,0.20122,0,0,2026-09-03,0.7624,2026-09-03,0.394444,3.273823,5,0.4,0.1028,0.073992,0.17925,1.960227,0.029506,0.13498,0.073625,0.208606,0.260879,0.198,-0.02269,-0.339211
2026-09-03,MTB,M&T Bank,Financials,Regional Banks,S&P 500,240.06,1.94496,34668564480,12.470649,692464,18,0.0061,0.852878,2026-10-16,2026-09-03,0.255,,4.032,,,0,,-0.062082,0,0,0,-1370850.78,0.00335,6,6,2026-09-03,0.92487,2026-09-03,0.233333,,14,0.071429,0.229071,,0.45108,1.363745,0.000837,0.198733,-0.018796,0.179937,,0.062,0.10742,-0.078376
2026-09-03,MPC,Marathon Petroleum,Energy,Oil & Gas Refining & Marketing,S&P 500,387.71,18.346,108878569472,13.448144,2134992,18,0.0055,0.4673,2026-08-04,2026-09-03,3.48,9.226,0.922,3.847172,0.084951,0.12819,,-0.026637,0,0,0,-11536497.48,0.00331,4,10,2026-09-03,0.79609,2026-09-03,0.233333,1.722673,14,0.071429,0.084714,,0.13561,5.75152,0.983153,0.937054,0.225199,1.162253,0.044689,0.537,0.42099,0.048855
2026-09-03,MAR,Marriott International,Consumer Discretionary,"Hotels, Resorts & Cruise Lines",S&P 500,336.07,,87635730432,34.789856,1401704,25,0.0086,0.886467,2026-08-03,2026-09-03,0.043,21.801,14.211,2.049661,0.023511,0.79242,,-0.182272,0,0,0,0,0.18083,0,0,2026-09-03,0.63574,2026-09-03,0.138889,3.596178,15,0,0.1894,0.015196,0.65276,,0.079457,0.334539,-0.075982,0.258557,-0.013943,0.111,,-0.120036
2026-09-03,MRSH,Marsh McLennan,Financials,Insurance Brokers,S&P 500,188.46,,89935241216,22.927008,1981279,21,0.006,0.824913,2026-07-21,2026-09-03,0.073,14.291,3.967,-0.329177,0.053208,0.43994,,-0.093201,0,0,0,-3364737.66,0.00079,2,2,2026-09-03,0.94141,2026-09-03,0.266667,2.665893,10,0,0.1962,0.037868,0.26324,5.932199,-0.25714,-0.102178,0.024138,-0.078041,-0.014252,0.062,0.25903,-0.054139
2026-09-03,MLM,Martin Marietta Materials,Materials,Construction Materials,S&P 500,508.94,-1.57232,36144607232,33.134117,643887,24,0.0061,0.545126,2026-07-30,2026-09-03,-0.232,17.312,5.503,-1.146915,0.016417,0.2823,-0.054029,-0.284161,0,0,0,0,0.16135,0,0,2026-09-03,0.86149,2026-09-03,0.183333,2.931797,13,0.230769,-0.190538,0.310322,0.20185,2.647007,-0.348652,-0.083253,-0.086299,-0.169552,0.037951,0.21,0.08894,0.044593
2026-09-03,MRVL,Marvell Technology,Information Technology,Semiconductors,S&P 500,208.83,1.13813,187676491776,68.46886,18712337,41,0.0064,0.213097,2026-08-27,2026-09-03,0.5,64.722,19.521,,0.012831,0.52216,0.027613,-0.366952,0,0,0,-7404050.12,0.00494,3,4,2026-09-03,0.82041,2026-09-03,0.083333,0.474792,15,-0.066667,0.1732,0.210984,0.16679,10.037973,2.081283,2.324667,-0.064285,2.260382,0.089803,0.365,0.16523,-0.274613
2026-09-03,MAS,Masco,Industrials,Building Products,S&P 500,71.42,,14083125248,16.45622,1557073,18,0.0034,0.86361,2026-07-29,2026-09-03,0.245,11.456,2.267,0.306991,0.063702,0.37205,8.5e-05,-0.146102,0,0,0,-1065350.1,0.00231,1,2,2026-09-03,1.07004,2026-09-03,0.216667,1.952918,15,0.2,0.355067,0.015797,0.23645,,-0.220192,0.023641,-0.064733,-0.041092,0.098247,-0.029,,-0.29843
2026-09-03,MA,Mastercard,Financials,Transaction & Payment Processing Services,S&P 500,585.71,,513087799296,32.235004,2238392,37,0.0072,0.878353,2026-07-30,2026-09-03,0.221,23.698,14.996,0.400434,0.033057,1,,-0.026445,0,0,0,-20992002,0.00112,3,30,2026-09-03,0.91205,2026-09-03,0.1,0.587091,14,0,0.031143,0.016445,0.61108,91.574425,-0.17239,-0.050373,0.057083,0.00671,-0.017683,0.141,2.41202,-0.160235
2026-09-03,MKC,McCormick & Company,Consumer Staples,Packaged Foods & Meats,S&P 500,52.58,-2.26765,14136215552,8.748752,2430037,13,0.0093,0.510233,2026-10-01,2026-09-03,-0.142,13.308,2.615,,0.05051,0.38853,0.026545,-0.273857,0,0,0,-10829201.16,0.00012,1,1,2026-09-03,0.96862,2026-09-03,0.405556,3.17072,7,0.142857,0.039143,0.014626,0.17422,2.020753,-0.420391,-0.239394,-0.001898,-0.241292,-0.000197,0.167,0.24728,-0.349672
2026-09-03,MCD,McDonald's,Consumer Discretionary,Restaurants,S&P 500,259.63,,183724982272,21.073864,4574443,31,0.0062,0.92047,2026-08-04,2026-09-03,0.057,15.908,8.574,0.097278,0.034086,0.57382,,-0.240293,0,0,0,-1493248.64,0.00256,1,1,2026-09-03,0.76354,2026-09-03,0.083333,3.602277,15,0.066667,-0.083867,0.011855,0.46485,,-0.355887,-0.138618,-0.038169,-0.176788,-0.05678,0.037,,-0.070579
2026-09-03,MCK,McKesson Corporation,Health Care,Health Care Distributors,S&P 500,921.38,,107424022528,24.814974,816791,16,0.0041,0.730101,2026-08-05,2026-09-03,-0.176,16.546,0.285,0.005501,0.063312,0.03633,,-0.077698,0,0,0,-268589.83,0.00062,1,1,2026-09-03,0.93519,2026-09-03,0.238889,0.937915,15,-0.0444,-0.125267,,0.01348,,0.166231,0.250099,0.095231,0.34533,0.093052,0.077,,-0.087582
2026-09-03,MDT,Medtronic,Health Care,Health Care Equipment,S&P 500,93.1,,119166214144,24.69496,7411216,25,0.0063,0.895154,2026-09-01,2026-09-03,0.407,13.429,3.721,0.050294,0.041241,0.65282,,-0.124424,0,0,0,0,0.00394,0,0,2026-09-03,0.88561,2026-09-03,0.138889,1.915513,15,0,0.151733,0.012741,0.19516,2.409545,-0.186315,-0.087217,0.080001,-0.007216,0.049894,0.137,0.0939,0.028777
2026-09-03,MRK,Merck & Co.,Health Care,Pharmaceuticals,S&P 500,152.34,,375848894464,122.854836,6494856,26,0.0039,0.453086,2026-10-29,2026-09-03,,14.64,6.349,,0.040366,0.759,,-0.029187,0,0,0,-29977578.78,0.00056,5,17,2026-09-03,0.82664,2026-09-03,0.177778,1.619965,12,0.25,0.240417,,-0.00241,8.968562,0.611008,0.648618,0.14149,0.790107,0.001929,0.051,0.06961,0.079198
2026-09-03,META,Meta Platforms,Communication Services,Interactive Media & Services,S&P 500,610.68,3.00751,1555711000576,22.99247,19692164,57,0.0042,0.708608,2026-07-29,2026-09-03,-0.134,14.388,6.913,0.503493,0.013855,0.81747,,-0.227769,0,0,0,-11779806.25,0.00148,3,16,2026-09-03,0.79039,2026-09-03,0.1,0.201158,14,0,0.166214,,0.34827,5.956691,-0.391207,-0.242003,0.029895,-0.212107,-0.090378,0.28,0.29848,-0.119655
2026-09-03,MET,MetLife,Financials,Life & Health Insurance,S&P 500,99.23,2.91434,63058378752,19.00958,3705677,16,0.0048,0.827114,2026-08-05,2026-09-03,0.058,14.333,1.09,,-0.332295,0.23951,,-0.016843,0,0,0,0,0.16352,0,0,2026-09-03,0.7839,2026-09-03,0.238889,3.806954,15,-0.4,-0.147133,0.006336,0.05518,2.306173,0.00035,0.121373,0.058076,0.17945,0.077418,0.105,0.13094,-0.180929
2026-09-03,MTD,Mettler Toledo,Health Care,Life Sciences Tools & Services,S&P 500,1356.23,,27174182912,30.8655,168344,12,0.0038,0.886273,2026-07-30,2026-09-03,0.183,22.936,7.078,0.829943,0.025524,0.60256,0.043158,-0.110768,0,0,0,-6092711.87,0.00438,4,5,2026-09-03,1.05545,2026-09-03,0.3,1.635173,14,-0.142857,0.131571,,0.312,,-0.131593,0.046968,0.000539,0.047507,-0.026876,0.045,,0.100614
2026-09-03,MGM,MGM Resorts,Consumer Discretionary,Casinos & Gaming,S&P 500,41.13,,10523161600,24.927273,1660350,18,0.0051,0.397312,2026-07-29,2026-09-03,5.194,17.255,2.174,,0.083529,0.44157,,-0.202752,,,,,0.27875,,,,0.68141,2026-09-03,0.216667,12.24507,15,-0.333333,0.152533,,0.06788,4.116293,-0.049329,0.21961,-0.089839,0.129771,-0.031289,0.01,0.18925,-0.307284
2026-09-03,MCHP,Microchip Technology,Information Technology,Semiconductors,S&P 500,73.11,,39699365888,107.5147,5814322,25,0.0022,0.398854,2026-08-06,2026-09-03,,29.763,8.751,-0.08029,0.034377,0.60194,,-0.309697,0,0,0,-309715.84,0.01787,1,1,2026-09-03,1.02507,2026-09-03,0.205556,3.403758,11,0.090909,0.221818,,0.23958,6.15404,-0.075337,0.197253,-0.09349,0.103762,,0.38,0.0719,-0.315431
2026-09-03,MU,Micron Technology,Information Technology,Semiconductors,S&P 500,958.16,,1082139344896,21.599638,24105584,45,0.0085,0.425028,2026-09-30,2026-09-03,7.56,15.574,11.77,-0.442788,0.00706,0.72569,0.468456,-0.236526,0,0,0,-134325384.1,0.00238,5,90,2026-09-03,0.79913,2026-09-03,0.1,-0.287972,14,-0.214286,-0.104071,0.255699,0.8037,10.739898,,6.262793,0.014972,6.277765,,3.457,0.66638,-0.460586
2026-09-03,MSFT,Microsoft,Information Technology,Systems Software,S&P 500,510.12,2.67702,3787919458304,28.434782,24108434,52,0.003,0.8365,2026-07-29,2026-09-03,0.317,19.769,11.572,0.211726,0.004368,0.67944,,-0.07874,0,0,0,-43388532.41,0.00092,1,8,2026-09-03,0.75858,2026-09-03,0.083333,0.26756,15,0.066667,0.017867,,0.45111,8.56409,-0.20105,-0.1857,0.16375,-0.02195,-0.20454,0.177,0.34039,-0.402774
2026-09-03,MAA,Mid-America Apartment Communities,Real Estate,Multi-Family Residential REITs,S&P 500,128.56,-3.88796,15293984768,37.59064,729880,25,0.0034,0.825191,2026-07-29,2026-09-03,0.137,16.742,9.342,,0.060232,0.58392,,-0.121918,0,0,0,-220808.65,0.00463,4,4,2026-09-03,1.00158,2026-09-03,0.172222,4.574463,13,-0.076923,0.154308,,0.25356,2.744721,-0.294574,-0.074319,-0.041155,-0.115475,0.002173,0.01,0.0705,-0.215445
2026-09-03,MRNA,Moderna,Health Care,Biotechnology,S&P 500,148.87,-1.28639,59434246144,,13270498,18,0.0068,0.638927,2026-07-31,2026-09-03,,-25.323,24.948,-1.823852,0.005035,-0.66023,,-0.157308,0,0,0,-32806291.54,0.07318,3,6,2026-09-03,0.805,2026-09-03,0.233333,1.754442,14,0,-0.101929,,-1.31105,8.785482,0.70532,4.396041,0.815244,5.211285,-0.234521,0.021,-0.38998,1.590851
2026-09-03,TAP,Molson Coors Beverage Company,Consumer Staples,Brewers,S&P 500,40.57,7.3998,7564435968,,2737417,21,0.0036,0.114583,2026-08-06,2026-09-03,-0.423,6.026,1.231,-0.45745,0.123623,0.37013,,-0.259942,,,,,0.1278,,,,1.10367,2026-09-03,0.183333,2.556154,15,0.133333,0.133467,,0.11297,0.749298,-0.366837,-0.175814,-0.011924,-0.187738,-0.076811,-0.033,-0.19466,-0.176476
2026-09-03,MDLZ,Mondelez International,Consumer Staples,Packaged Foods & Meats,S&P 500,61.45,-1.60128,78429134848,22.843866,7653626,23,0.0076,0.733033,2026-07-28,2026-09-03,1.449,16.254,2.491,0.497672,0.028719,0.31146,0.01715,-0.07802,0,0,0,-8559806.4,0.00237,1,1,2026-09-03,0.89504,2026-09-03,0.177778,3.345888,14,-0.142857,0.128429,0.067688,0.21978,2.953901,-0.1676,0.012794,-0.001294,0.0115,0.023688,0.041,0.1334,-0.203913
2026-09-03,MPWR,Monolithic Power Systems,Information Technology,Semiconductors,S&P 500,1213.65,,59642404864,74.27479,413566,14,0.0037,0.757398,2026-07-30,2026-09-03,0.858,58.231,17.796,4.215979,0.00745,0.55195,,-0.291957,0,0,0,-366553.93,0.03592,3,6,2026-09-03,1.00662,2026-09-03,0.361111,-1.394434,9,-0.222222,0.162111,,0.30989,15.310526,0.229165,0.500693,-0.092428,0.408265,0.011823,0.476,0.21979,-0.406334
2026-09-03,MNST,Monster Beverage,Consumer Staples,Soft Drinks & Non-alcoholic Beverages,S&P 500,44.08,,86355009536,41.196262,8943242,23,0.0045,0.804945,2026-08-06,2026-09-03,0.18,28.312,9.008,3.074657,0.019469,0.55546,0.002347,-0.121387,0,0,0,-1727100,0.28299,1,1,2026-09-03,0.69668,2026-09-03,0.227778,-1.13398,11,0.272727,0.067727,0.017553,0.2918,9.221757,0.243251,0.495156,-0.072806,0.42235,-0.067236,0.202,0.25704,-0.209001
2026-09-03,MCO,Moody's Corporation,Financials,Financial Exchanges & Data,S&P 500,504.3,2.91836,87335174144,31.052956,500936,21,0.006,0.848624,2026-07-22,2026-09-03,0.567,23.094,11.471,0.575688,0.029531,0.74975,,-0.07786,0,0,0,-2186456.49,0.14372,2,7,2026-09-03,0.79112,2026-09-03,0.2,1.510979,14,0.214286,0.116857,,0.49474,28.871588,-0.198629,-0.054951,0.035421,-0.019529,-0.003172,0.151,0.76932,-0.203752
2026-09-03,MS,Morgan Stanley,Financials,Investment Banking & Brokerage,S&P 500,217.15,2.51628,341048459264,17.554567,3868473,21,0.0028,0.802241,2026-10-14,2026-09-03,0.624,,2.831,,,0.87641,,-0.065016,0,0,0,-8881800.42,0.24411,3,5,2026-09-03,0.63252,2026-09-03,0.183333,,15,-0.133333,0.015933,,0.41567,3.202755,0.228062,0.400468,0.006693,0.407161,0.030587,0.28,0.1797,-0.270679
2026-09-03,MOS,Mosaic Company (The),Materials,Fertilizers & Agricultural Chemicals,S&P 500,25.49,-1.12491,8103159808,13.47647,7034316,19,0.0059,0.204999,2026-08-04,2026-09-03,,8.18,1.148,,-0.092097,0.11236,-0.110324,-0.310895,,,,,0.00335,,,,0.98689,2026-09-03,0.222222,3.365974,14,0,0.026786,0.096916,-0.00117,0.706838,-0.384647,-0.335723,0.130176,-0.205547,-0.260504,-0.06,-0.05073,-0.023698
2026-09-03,MSI,Motorola Solutions,Information Technology,Communications Equipment,S&P 500,472.23,-1.39689,78151131136,37.21277,1006516,11,0.0059,0.693718,2026-08-05,2026-09-03,0.095,23.171,7.116,0.319396,0.025323,0.52112,,-0.045711,0,0,0,-1624357.05,0.00395,3,8,2026-09-03,0.91815,2026-09-03,0.311111,2.370676,14,0,0.1635,,0.27354,29.249304,-0.179225,-0.069074,0.068949,-0.000125,0.07222,0.133,0.91567,-0.004249
2026-09-03,MSCI,MSCI,Financials,Financial Exchanges & Data,S&P 500,574.65,2.50076,41777057792,31.435995,297167,17,0.0045,0.848427,2026-10-20,2026-09-03,0.196,24.445,14.389,0.761639,0.028597,0.82975,,-0.108752,0,0,0,-272052,0.03593,1,1,2026-09-03,0.95814,2026-09-03,0.294444,3.155228,11,-0.181818,-0.011818,,0.56298,,-0.169228,0.015708,-0.005837,0.009871,-0.037295,0.122,,-0.382753
2026-09-03,NDAQ,"Nasdaq, Inc.",Financials,Financial Exchanges & Data,S&P 500,98.71,3.12369,55176654848,28.778425,1933405,15,0.0042,0.775903,2026-07-23,2026-09-03,0.141,19.071,11.39,0.418079,0.030656,1,,-0.030258,0,0,0,-5410947.49,0.10999,4,9,2026-09-03,0.87089,2026-09-03,0.25,2.613182,15,0,0.058067,,0.49333,4.627537,-0.155137,-0.04848,0.072443,0.023962,0.144765,0.149,0.16522,-0.214166
2026-09-03,NTAP,NetApp,Information Technology,"Technology Hardware, Storage & Peripherals",S&P 500,185.38,2.5502,36377911296,26.146685,6229993,16,0.0045,0.868031,2026-12-01,2026-09-03,0.234,18.347,4.991,0.991982,0.035605,0.70744,,-0.113269,0,0,0,-727109.92,0.0041,2,5,2026-09-03,1.01631,2026-09-03,0.238889,-0.451699,15,0.333333,0.119333,,0.27259,26.893951,0.343174,0.477775,0.044499,0.522274,0.212507,0.125,1.06734,-0.162386
2026-09-03,NFLX,Netflix,Communication Services,Movies & Entertainment,S&P 500,82.67,-7.25313,344232886272,25.996855,23970646,45,0.0028,0.577367,2026-07-16,2026-09-03,0.111,23.885,7.272,0.407402,0.073751,0.49118,,-0.347565,0,0,0,-2906647.38,0.00572,2,4,2026-09-03,0.8399,2026-09-03,0.083333,0.511087,15,0.266667,0.1474,0.024564,0.33381,11.416931,-0.513971,-0.436014,0.101142,-0.334872,-0.028254,0.134,0.49541,-0.390408
2026-09-03,NEM,Newmont,Materials,Gold,S&P 500,130.43,4.42753,137433079808,15.771461,7737970,21,0.0053,0.639805,2026-07-23,2026-09-03,0.114,7.867,5.208,,0.064147,0.68041,,-0.035923,0,0,0,-3137047.05,0.00306,3,5,2026-09-03,0.81668,2026-09-03,0.216667,-0.199965,13,0.076923,0.132846,,0.51569,3.919171,0.464067,0.410005,0.233161,0.643167,-0.307834,0.151,0.25905,0.085767
2026-09-03,NWSA,News Corp (Class A),Communication Services,Publishing,S&P 500,30.945,,16613047296,29.754808,3809613,8,0.0119,0.695202,2026-08-05,2026-09-03,-0.749,13.652,2.023,-2.140351,0.06291,0.57167,,-0.022584,0,0,0,-3189231,0.00028,5,5,2026-09-03,1.08541,2026-09-03,0.494444,0.608371,5,0.4,0.279,,0.12537,1.972401,-0.137999,-0.054709,0.095809,0.041101,0.032199,0.108,0.07979,-0.224679
2026-09-03,NWS,News Corp (Class B),Communication Services,Publishing,S&P 500,34.72,,18639683584,33.384617,820067,,0.0119,0.695202,2026-08-05,2026-09-03,-0.749,15.179,2.25,-2.140351,0.05607,0.57167,,-0.029083,0,0,0,-3189231,0.35224,5,5,2026-09-03,0.4997,2026-09-03,0.1253,0.608371,15,-0.266667,-0.079867,,0.12537,2.213016,-0.14886,-0.054205,0.084444,0.030239,0.032199,0.108,0.07979,-0.223567
2026-09-03,NEE,NextEra Energy,Utilities,Multi-Utilities,S&P 500,84.06,1.15523,175347318784,18.68,11537631,18,0.0038,0.779958,2026-07-24,2026-09-03,0.531,20.126,10.233,,-0.101324,0.61024,,-0.148759,0,0,0,0,0.00118,0,0,2026-09-03,0.87035,2026-09-03,0.233333,7.354964,14,0.071429,0.209786,,0.31524,3.069227,-0.00653,0.203133,-0.030564,0.17257,0.098109,0.124,0.11677,-0.013271
2026-09-03,NKE,"Nike, Inc.",Consumer Discretionary,"Apparel, Accessories & Luxury Goods",S&P 500,38.77,1.38598,57515245568,18.201878,29515435,34,0.0066,0.763464,2026-10-01,2026-09-03,4.28,12.078,1.283,-0.976675,0.032848,0.43245,-0.013224,-0.496297,0,0,0,0,0.01686,0,0,2026-09-03,0.82461,2026-09-03,0.083333,0.409008,15,-0.2,-0.0592,,0.12687,3.867717,-0.671601,-0.424083,-0.068418,-0.492502,-0.005022,-0.011,0.22138,0.06032
2026-09-03,NI,NiSource,Utilities,Multi-Utilities,S&P 500,41.66,1.23936,19978473472,21.926315,4786646,14,0.0088,0.551243,2026-08-05,2026-09-03,-0.584,13.11,5.765,-2.841561,-0.088746,0.50971,,-0.153424,0,0,0,-1590388.94,0.00347,1,1,2026-09-03,0.98151,2026-09-03,0.277778,5.741243,14,-0.142857,0.096643,0.062902,0.17156,2.086338,-0.145959,0.095684,-0.062544,0.033141,0.052458,0.046,0.08549,0.031078
2026-09-03,NDSN,Nordson Corporation,Industrials,Industrial Machinery & Supplies & Components,S&P 500,317.49,,17683992576,32.134613,213311,7,0.0038,0.879184,2026-08-19,2026-09-03,0.23,20.241,6.507,0.397347,0.03471,0.55391,,-0.063783,0,0,0,-581025.69,0.05592,3,3,2026-09-03,0.78356,2026-09-03,0.405556,1.779209,11,0.363636,0.316545,,0.27404,5.409517,0.227957,0.363246,0.043811,0.407057,,0.103,0.17763,0.205946
2026-09-03,NSC,Norfolk Southern,Industrials,Rail Transportation,S&P 500,327.83,,73633357824,27.971842,1179716,18,0.0068,0.710435,2026-07-23,2026-09-03,-0.044,15.842,7.154,-0.368109,0.018772,0.45159,,-0.085806,0,0,0,0,0.00044,0,0,2026-09-03,0.77653,2026-09-03,0.216667,2.839661,15,0.066667,0.050933,,0.35296,4.530417,0.009235,0.207793,-0.019458,0.188335,-0.002699,0.114,0.16985,-0.033571
2026-09-03,NTRS,Northern Trust,Financials,Asset Management & Custody Banks,S&P 500,187.445,1.88336,34294122496,15.791491,672424,13,0.0031,0.707464,2026-10-21,2026-09-03,0.986,,4.57,1.460774,,0,,-0.042573,1,1,0.2,-287029.65,0.00859,1,2,2026-09-03,0.86192,2026-09-03,0.288889,,14,0.214286,0.634357,,0.42496,2.739863,0.266489,0.423201,0.022387,0.445588,-0.02216,0.364,0.17066,-0.109081
2026-09-03,NOC,Northrop Grumman,Industrials,Aerospace & Defense,S&P 500,528.24,,75043373056,16.780178,874114,21,0.0047,0.823271,2026-10-20,2026-09-03,-0.058,12.376,2.093,-0.625108,0.033021,0.2006,,-0.317519,0,0,0,-52014.91,0.00266,1,10,2026-09-03,0.84641,2026-09-03,0.2,2.032391,14,0.214286,0.068714,0.020433,0.11604,4.196111,-0.275588,-0.069412,-0.027077,-0.096488,0.007099,0.051,0.26958,-0.214022
2026-09-03,NCLH,Norwegian Cruise Line Holdings,Consumer Discretionary,"Hotels, Resorts & Cruise Lines",S&P 500,15.59,12.8455,7158738432,9.448485,13353688,25,0.005,0.495957,2026-07-30,2026-09-03,6.163,8.835,2.257,0.649398,-0.23472,0.42457,,-0.426416,,,,,0.00546,,,,1.04467,2026-09-03,0.138889,6.075387,15,0,0.2682,,0.14042,2.782438,-0.572319,-0.214835,-0.178384,-0.393219,0.011456,0.049,0.3673,-0.063034
2026-09-03,NRG,NRG Energy,Utilities,Independent Power Producers & Energy Traders,S&P 500,111.84,,23509940224,28.899225,2325144,16,0.0062,0.31876,2026-08-04,2026-09-03,-0.856,14.591,1.433,-3.178683,0.032853,0.18795,,-0.411244,0,0,0,0,0.04457,0,0,2026-09-03,0.95845,2026-09-03,0.338889,7.164156,9,0,0.184111,0.09335,0.12766,5.593678,-0.428238,-0.118459,-0.130679,-0.249138,-0.084701,0.11,0.23772,-0.017834
2026-09-03,NUE,Nucor,Materials,Steel,S&P 500,262.47,,59548061696,21.048115,1048552,16,0.0065,0.675004,2026-07-27,2026-09-03,0.938,11.461,1.804,-0.918156,0.011476,0.15554,,-0.062975,0,0,0,-11166804.12,0.0118,4,6,2026-09-03,0.81025,2026-09-03,0.355556,0.775744,8,0.5,0.2265,,0.15668,2.693381,0.613444,0.733686,0.058857,0.792544,0.000114,0.23,0.14549,-0.094659
2026-09-03,NVDA,Nvidia,Information Technology,Semiconductors,S&P 500,228.45,1.80027,5516382175232,28.91772,133890362,57,0.0057,0.640086,2026-11-17,2026-09-03,1.278,27.232,18.091,,0.007579,0.74674,0.025516,-0.034201,0,0,0,-417380185.61,0.04008,2,10,2026-09-03,0.71487,2026-09-03,0.083333,-0.117302,15,0.133333,0.257667,0.051001,0.66237,24.090477,0.164512,0.252038,0.091574,0.343612,0.206235,1.059,1.17211,0.105825
2026-09-03,NVR,"NVR, Inc.",Consumer Discretionary,Homebuilding,S&P 500,6373.95,,17070413824,16.569487,38108,5,0.0081,0.839248,2026-07-23,2026-09-03,-0.226,11.052,1.763,0.07397,0.053796,0.2184,,-0.260415,1,1,0.2,405185.13,0.05551,0,1,2026-09-03,0.91229,2026-09-03,0.427778,-0.002265,11,0.090909,0.141636,,0.13889,5.033746,-0.434928,-0.246384,-0.009444,-0.255828,0.112373,-0.109,0.31544,0.05423
2026-09-03,NXPI,NXP Semiconductors,Information Technology,Semiconductors,S&P 500,224.99,-1.5361,56734420992,19.496534,2331937,29,0.0105,0.777877,2026-07-28,2026-09-03,0.726,12.796,4.918,0.278142,0.06266,0.56102,0.011823,-0.338167,0,0,0,-315570,0.00141,1,1,2026-09-03,0.99408,2026-09-03,0.111111,1.529992,14,0.071429,0.171214,0.068558,0.30406,4.979087,-0.165301,0.124759,-0.11096,0.013798,0.145738,0.195,0.27921,-0.368234
2026-09-03,ORLY,O'Reilly Automotive,Consumer Discretionary,Automotive Retail,S&P 500,87.38,,70686990336,27.651897,4310180,25,0.0065,0.393326,2026-07-29,2026-09-03,0.103,19.189,4.308,0.103699,0.022221,0.51636,0.000314,-0.196284,0,0,0,-550538.5,0.00504,3,3,2026-09-03,0.90295,2026-09-03,0.188889,2.236409,12,0,0.15175,0.009879,0.2015,,-0.34955,-0.152288,-0.018163,-0.17045,-0.021305,0.081,,-0.289068
2026-09-03,OXY,Occidental Petroleum,Energy,Oil & Gas Exploration & Production,S&P 500,60.61,,60588023808,17.931952,5774450,23,0.0036,0.573845,2026-08-05,2026-09-03,9.649,5.831,3.343,-0.251639,0.062523,0.73318,,-0.101408,1,1,0.2,249852.6,0.26812,0,1,2026-09-03,0.57982,2026-09-03,0.177778,0.763668,14,0.142857,0.0595,,0.45443,1.810929,0.147627,0.239579,0.087148,0.326726,0.616953,0.534,0.10629,-0.236388
2026-09-03,ODFL,Old Dominion,Industrials,Cargo Ground Transportation,S&P 500,185.75,,38630109184,35.721153,3659246,22,0.0066,0.891238,2026-07-29,2026-09-03,0.323,21.331,6.828,0.241009,0.02513,0.39566,,-0.262985,0,0,0,-3958277.28,0.08237,1,1,2026-09-03,0.81276,2026-09-03,0.172222,-0.147187,15,0.133333,0.065133,0.018746,0.28835,8.47477,0.081636,0.400671,-0.139936,0.260735,0.133124,0.104,0.24818,-0.145398
2026-09-03,OMC,Omnicom Group,Communication Services,Advertising,S&P 500,84.73,3.63258,23245332480,229,3190025,12,0.0041,0.879966,2026-07-28,2026-09-03,0.588,8.772,1.442,-0.056551,0.183289,0.1896,,-0.054036,0,0,0,-122891.05,0.00934,1,1,2026-09-03,1.10798,2026-09-03,0.283333,2.196382,15,0,0.178133,0.017712,0.15384,2.405872,-0.138101,0.01145,0.029549,0.040998,0.651867,0.634,0.06051,-0.389152
2026-09-03,ON,ON Semiconductor,Information Technology,Semiconductors,S&P 500,73.65,1.8109,28673316864,47.21154,8136692,25,0.0033,0.372159,2026-08-03,2026-09-03,0.366,14.133,4.766,1.220512,0.057777,0.42776,,-0.454121,0,0,0,0,0.00332,0,0,2026-09-03,1.06118,2026-09-03,0.138889,0.404086,15,-0.066667,0.031133,,0.19532,3.971849,0.29392,0.609145,-0.136125,0.47302,-0.503855,0.092,0.08312,-0.42544
2026-09-03,OKE,Oneok,Energy,Oil & Gas Storage & Transportation,S&P 500,95.75,,60357894144,16.594454,2393755,19,0.0071,0.885462,2026-08-03,2026-09-03,0.142,12.172,2.372,,0.014909,0.27214,,-0.041062,0,0,0,0,0.00152,0,0,2026-09-03,0.84795,2026-09-03,0.205556,4.284354,15,0,-0.002133,0.087663,0.13254,2.631434,0.111704,0.243177,0.047627,0.290804,-0.207888,0.528,0.16277,-0.087683
2026-09-03,ORCL,Oracle Corporation,Information Technology,Application Software,S&P 500,154.04,5.68782,443707752448,26.421955,25017843,42,0.0035,0.757336,2026-09-10,2026-09-03,0.219,19.176,8.681,-0.307445,-0.055299,0.65822,0.004377,-0.554437,0,0,0,-63664039.59,0.40498,1,11,2026-09-03,0.45798,2026-09-03,0.111347,4.444743,15,-0.133333,-0.071067,,0.36202,11.812883,-0.525512,-0.448414,0.102002,-0.346413,-0.003371,0.206,0.53376,-0.389357
2026-09-03,OTIS,Otis Worldwide,Industrials,Industrial Machinery & Supplies & Components,S&P 500,71.48,,27210246144,18.234694,2558029,12,0.0107,0.830424,2026-07-22,2026-09-03,0.13,13.461,2.383,-0.338319,0.052783,0.30313,,-0.244118,0,0,0,0,0.00143,0,0,2026-09-03,0.96117,2026-09-03,0.316667,3.042803,13,-0.076923,0.149538,,0.15133,,-0.364962,-0.172882,-0.01298,-0.185862,,0.073,,-0.071935
2026-09-03,PCAR,Paccar,Industrials,Construction Machinery & Heavy Transportation Equipment,S&P 500,124.51,1.94875,65537703936,26.212631,2709608,16,0.0042,0.769152,2026-07-28,2026-09-03,0.042,21.912,2.577,1.708596,0.029657,0.13715,,-0.105789,0,0,0,0,0.01858,0,0,2026-09-03,0.76284,2026-09-03,0.272222,1.879478,13,0.256385,0.131923,,0.12024,3.225063,0.06446,0.267712,-0.024152,0.24356,0.094208,0.005,0.12756,-0.297987
2026-09-03,PKG,Packaging Corporation of America,Materials,Paper & Plastic Packaging Products & Materials,S&P 500,234.57,,20899788800,30.306204,533594,10,0.0046,0.87016,2026-07-22,2026-09-03,-0.195,12.291,2.578,0.304982,0.020716,0.21386,-0.016616,-0.097738,0,0,0,-10196077,0.01579,2,4,2026-09-03,1.00154,2026-09-03,0.305556,1.905155,15,0.066667,0.110533,0.01857,0.13121,4.455948,-0.118759,0.092801,-0.03246,0.060341,0.040801,0.147,0.14887,-0.129142
2026-09-03,PLTR,Palantir Technologies,Information Technology,Application Software,S&P 500,182.53,7.71273,438630252544,144.86508,38010148,27,0.0062,0.556504,2026-08-03,2026-09-03,2.154,161.323,69.777,,0.004922,0.84796,0.038839,-0.120422,0,0,0,-95617808.56,0.03477,5,27,2026-09-03,0.64857,2026-09-03,0.116667,-3.454366,15,-0.333333,-0.088267,0.128799,0.47121,44.869717,-0.072314,-0.133504,0.24029,0.106786,0.081219,0.928,0.38097,-0.240031
2026-09-03,PANW,Palo Alto Networks,Information Technology,Systems Software,S&P 500,331.94,1.05333,270531100672,286.15518,6901854,49,0.0068,0.452607,2026-09-01,2026-09-03,0.605,145.419,23.574,3.01161,0.016521,0.70488,-0.054027,-0.16782,0,0,0,-1208000,0.0076,2,4,2026-09-03,0.8485,2026-09-03,0.083333,-0.306824,15,-0.066667,-0.0274,0.065035,0.05044,9.75376,0.528621,0.752682,-0.044962,0.70772,0.162176,0.344,0.01739,0.017396
2026-09-03,PSKY,Paramount Skydance Corporation,Communication Services,Movies & Entertainment,S&P 500,11.04,,12386280448,368,9272583,14,0.0137,0.550263,2026-08-04,2026-09-03,-0.541,8.459,0.962,,,0.33329,,-0.470757,0,0,0,0,0.50798,0,0,2026-09-03,0.31799,2026-09-03,0.399118,4.403323,14,0,0.037929,0.012153,0.09345,1.051429,-0.447766,-0.429599,0.160932,-0.268667,-0.13031,0.009,-0.00896,-0.069407
2026-09-03,PH,Parker Hannifin,Industrials,Industrial Machinery & Supplies & Components,S&P 500,964.52,1.59473,121575309312,33.866573,524080,23,0.0054,0.88631,2026-08-06,2026-09-03,0.193,22.92,6.038,0.428689,0.024361,0.37546,,-0.123116,0,0,0,-626362.94,0.00181,1,1,2026-09-03,0.9057,2026-09-03,0.161111,1.45339,15,-0.133333,0.0586,0.011133,0.23458,7.895741,0.072456,0.278959,-0.027404,0.251556,0.015178,0.098,0.25076,0.008967
2026-09-03,PAYX,Paychex,Industrials,Human Resource & Employment Services,S&P 500,125.08,,44488810496,25.371199,2932416,14,0.0099,0.87689,2026-06-24,2026-09-03,0.434,29.835,12.091,1.024925,,0.67198,,-0.094869,0,0,0,-299234,0.10359,1,1,2026-09-03,0.85708,2026-09-03,0.294444,2.168284,13,0.205154,0.360308,0.035559,0.38325,11.907846,-0.263565,-0.169305,0.084839,-0.084465,0.015963,0.125,,-0.334185
2026-09-03,PYPL,PayPal,Financials,Transaction & Payment Processing Services,S&P 500,56.82,3.93269,48607285248,10.330909,15190291,32,0.0054,0.863766,2026-10-27,2026-09-03,-0.031,7.988,1.511,0.009374,0.090997,0.40477,,-0.282712,0,0,0,-331402.58,0.00705,2,3,2026-09-03,0.79292,2026-09-03,0.1,0.459263,14,-0.5,-0.090286,0.013388,0.16966,2.471187,-0.380531,-0.244285,0.042854,-0.201432,-0.000505,0.048,0.24497,-0.093714
2026-09-03,PNR,Pentair,Industrials,Industrial Machinery & Supplies & Components,S&P 500,60.02,,9579192320,15.429306,2439486,13,0.0045,0.880322,2026-07-28,2026-09-03,-0.111,10.876,2.805,0.383732,0.058284,0.41388,0.015645,-0.473278,0,0,0,-670207.46,0.00958,1,1,2026-05-07,1.00757,2026-09-03,0.288889,1.616641,14,-0.4,0.130214,0.022881,0.2344,2.555565,-0.638246,-0.346211,-0.112936,-0.459147,0.008581,-0.17,0.17126,0.615854
2026-09-03,PEP,PepsiCo,Consumer Staples,Soft Drinks & Non-alcoholic Beverages,S&P 500,140.02,,191267323904,18.423685,10306583,22,0.0042,0.799561,2026-10-08,2026-09-03,1.37,12.381,2.413,-0.180236,0.040947,0.54171,-0.004396,-0.183462,0,0,0,-404673.83,0.00183,1,1,2026-09-03,0.81527,2026-09-03,0.172222,2.250715,15,-0.2,-0.051133,0.029088,0.16836,8.655499,-0.219198,-0.04218,0.002081,-0.040098,-0.021026,0.064,0.51508,-0.200136
2026-09-03,PFE,Pfizer,Health Care,Pharmaceuticals,S&P 500,28.81,,164207591424,37.907894,26691582,26,0.0047,0.611521,2026-08-04,2026-09-03,-0.101,8.521,3.396,-0.6806,0.076036,0.74716,,-0.013694,3,3,0.6,2876848.7,0.00104,1,4,2026-09-03,0.69154,2026-09-03,0.127778,2.03979,15,-0.066667,0.084,,0.27877,1.927348,0.00346,0.065503,0.117056,0.182559,-0.027662,0.026,0.05014,-0.192773
2026-09-03,PCG,PG&E Corporation,Utilities,Multi-Utilities,S&P 500,13.96,4.72618,30745042944,9.561644,65611284,16,0.0052,0.85002,2026-07-23,2026-09-03,0.398,9.213,3.727,,-0.200036,0.39823,,-0.271399,0,0,0,-3401190.48,0.00204,3,3,2026-09-03,1.00015,2026-09-03,0.238889,6.09691,15,-0.266667,-0.154267,0.014893,0.24788,0.951213,-0.295733,0.072201,-0.188834,-0.116634,-0.149414,0.001,0.09318,1.442907
2026-09-03,PM,Philip Morris International,Consumer Staples,Tobacco,S&P 500,186.17,,290167062528,25.537724,2757459,15,0.0046,0.871942,2026-10-21,2026-09-03,-0.075,18.608,7.879,-1.971029,0.033479,0.67481,0.007208,-0.103918,0,0,0,-28819973.5,0.00164,6,7,2026-09-03,0.84473,2026-09-03,0.25,2.394449,15,-0.066667,-0.087333,0.017275,0.40002,,-0.012857,0.174434,-0.008191,0.166243,0.012897,0.104,,-0.187874
2026-09-03,PSX,Phillips 66,Energy,Oil & Gas Refining & Marketing,S&P 500,254.66,,102102114304,14.618829,2717652,19,0.0046,0.452572,2026-08-05,2026-09-03,3.449,12.018,0.784,,0.044518,0.13098,,-0.023093,0,0,0,-7458221503.36,0.00211,6,13,2026-09-03,0.80568,2026-09-03,0.255556,1.659043,12,0,0.02025,,0.08529,3.225259,0.767613,0.739317,0.207396,0.946712,0.461255,0.531,0.23453,-0.015719
2026-09-03,PNW,Pinnacle West Capital,Utilities,Multi-Utilities,S&P 500,98,,11877328896,18.702291,932457,13,0.0071,0.539544,2026-08-04,2026-09-03,-0.095,13.221,5.116,-1.234307,-0.078258,0.43352,,-0.118388,0,0,0,-280799.7,0.00155,2,2,2026-09-03,1.10544,2026-09-03,0.288889,7.675811,14,-0.214286,0.029143,0.09575,0.21342,1.688287,-0.084942,0.145045,-0.050888,0.094157,-0.042261,0.071,0.09365,-0.180522
2026-09-03,PNC,PNC Financial Services,Financials,Diversified Banks,S&P 500,245.18,1.12183,97813012480,13.35403,1338070,20,0.0063,0.877729,2026-10-15,2026-09-03,0.249,,7.33,,,0,,-0.053213,0,0,0,-1160710.29,0.00303,2,2,2026-09-03,0.85775,2026-09-03,0.211111,,14,0,0.031714,,0.38689,1.684924,-0.009829,0.185979,-0.016708,0.169271,0.083672,0.236,0.12623,-0.12633
2026-09-03,PPG,PPG Industries,Materials,Specialty Chemicals,S&P 500,110.75,,24619724800,15.889527,1232330,20,0.0065,0.90542,2026-07-28,2026-09-03,-0.015,11.352,1.865,0.19011,0.044867,0.41203,,-0.169977,,,,,0.00109,,,2026-09-03,0.9442,2026-09-03,0.211111,2.17235,14,0.214286,0.167143,,0.14016,2.916008,-0.167006,0.058928,-0.046835,0.012093,0.001338,0.072,0.19297,-0.303725
2026-09-03,PPL,PPL Corporation,Utilities,Electric Utilities,S&P 500,35.11,1.65026,26421850112,20.775148,5843308,14,0.0055,0.754807,2026-08-07,2026-09-03,0.212,12.361,4.944,-2.438596,-0.073363,0.44094,,-0.124657,0,0,0,0,0.00171,0,0,2026-09-03,0.92414,2026-09-03,0.327778,5.332269,11,0.181818,0.37,0.027145,0.23591,1.755763,-0.218588,-0.025115,-0.014373,-0.039488,0.024091,0.042,0.08633,-0.196165
2026-09-03,PFG,Principal Financial Group,Financials,Life & Health Insurance,S&P 500,118.51,7.27799,25373540352,16.881767,3707521,12,0.006,0.492422,2026-07-27,2026-09-03,0.028,11.296,1.549,,0.041633,0.47345,,-0.022033,0,0,0,0,0.0112,0,0,2026-09-03,0.81405,2026-09-03,0.283333,-0.844434,15,0.266667,0.2028,,0.12336,2.094778,0.212623,0.331348,0.060375,0.391723,-0.267604,0.064,0.12949,-0.271596
2026-09-03,PG,Procter & Gamble,Consumer Staples,Personal Care Products,S&P 500,146.92,,341247033344,22.226929,6105520,23,0.0062,0.903222,2026-07-29,2026-09-03,-0.155,14.85,4.223,0.127362,0.038919,0.50873,,-0.121555,0,0,0,-2435835.05,0.00091,7,8,2026-09-03,0.71865,2026-09-03,0.161111,1.013373,15,0.133333,0.1118,0.02185,0.22085,6.40258,-0.256465,-0.077748,0.000383,-0.077365,0.058878,0.015,0.3029,0.010963
2026-09-03,PGR,Progressive Corporation,Financials,Property & Casualty Insurance,S&P 500,223.87,1.12476,130090860544,11.238454,2440573,21,0.0064,0.825825,2026-07-15,2026-09-03,0.05,8.857,1.498,0.913826,0.116184,0.18521,,-0.10348,0,0,0,-22715076.83,0.00249,7,8,2026-09-03,0.89866,2026-09-03,0.216667,0.404663,13,-0.076923,0.188538,,0.18208,3.788435,-0.271284,-0.122083,0.029899,-0.092184,-0.014226,0.073,0.34943,-0.371475
2026-09-03,PLD,Prologis,Real Estate,Industrial REITs,S&P 500,138.35,1.28853,134488850432,30.81292,3469484,13,0.0035,0.824256,2026-10-15,2026-09-03,0.853,25.066,17.487,,0.040204,0.75549,,-0.097815,0,0,0,-7495500,0.00261,1,1,2026-09-03,0.96558,2026-09-03,0.272222,5.243618,15,0.2,0.1592,0.074429,0.43031,2.40546,0.033848,0.239936,-0.026988,0.212947,-0.01329,0.123,0.07749,-0.270963
2026-09-03,PRU,Prudential Financial,Financials,Life & Health Insurance,S&P 500,123.2,2.80374,42503999488,10.873786,1543097,15,0.0043,0.724244,2026-08-04,2026-09-03,0.892,12.114,0.967,,0.177107,0.29015,,-0.03539,1,1,0.2,53728451.09,0.00177,2,4,2026-09-03,0.65074,2026-09-03,0.383333,3.370917,7,-0.142857,-0.006714,,0.07522,1.346875,-0.045432,0.093598,0.04007,0.133668,-0.011662,0.141,0.12011,-0.078228
2026-09-03,PEG,Public Service Enterprise Group,Utilities,Electric Utilities,S&P 500,73.81,,36788379648,18.269802,3109334,18,0.0036,0.826487,2026-08-04,2026-09-03,-0.427,13.729,4.885,0.892857,0.002929,0.33333,,-0.157709,0,0,0,-1325354.23,0.00129,3,5,2026-09-03,0.79311,2026-09-03,0.266667,5.486444,12,-0.333333,-0.026167,0.031182,0.18872,2.12116,-0.281999,-0.054011,-0.048889,-0.1029,-0.283772,-0.089,0.11835,-0.044149
2026-09-03,PTC,PTC Inc.,Information Technology,Application Software,S&P 500,150.08,,16284620800,14.570873,1249563,20,0.0035,0.531757,2026-07-29,2026-09-03,-0.12,13.747,5.938,2.588732,0.063337,0.84501,-0.011762,-0.303541,0,0,0,0,0.00354,0,0,2026-09-03,1.07937,2026-09-03,0.394444,0.98454,3,0.333333,0.293667,0.064303,0.28232,4.788921,-0.481905,-0.412899,0.110094,-0.302805,-0.284913,-0.068,0.35053,-0.352516
2026-09-03,PSA,Public Storage,Real Estate,Self-Storage REITs,S&P 500,305.73,1.4602,57093779456,28.734022,835378,18,0.0053,0.87777,2026-07-29,2026-09-03,0.451,19.804,13.86,,0.040884,0.7442,,-0.088869,0,0,0,-463133.36,0.09559,1,1,2026-09-03,0.83848,2026-09-03,0.216667,2.886693,15,-0.133333,-0.010533,0.013783,0.45704,11.092849,-0.167246,0.059586,-0.047732,0.011854,-0.002742,0.033,0.21929,-0.215474
2026-09-03,PHM,PulteGroup,Consumer Discretionary,Homebuilding,S&P 500,124.31,,23679358976,12.645982,1066131,14,0.0027,0.834028,2026-10-22,2026-09-03,-0.182,8.877,1.49,0.714446,0.045547,0.25565,,-0.139723,0,0,0,0,0.00668,0,0,2026-09-03,0.97588,2026-09-03,0.327778,0.415402,11,0,0.081273,,0.15685,1.792683,-0.299111,-0.081843,-0.038168,-0.120011,0.020001,-0.096,0.14901,-0.288676
2026-09-03,PWR,Quanta Services,Industrials,Construction & Engineering,S&P 500,620.06,1.51936,93221920768,69.9053,870771,28,0.0023,0.710221,2026-07-30,2026-09-03,0.947,32.651,3.021,1.582025,0.020977,0.15456,0.012917,-0.21387,0,0,0,-3027920,0.00668,1,1,2026-09-03,0.94205,2026-09-03,0.155556,2.002199,12,-0.083333,0.031417,0.014113,0.07217,9.667893,0.460578,0.694026,-0.054348,0.639678,0.147707,0.411,0.15337,-0.072284
2026-09-03,QCOM,Qualcomm,Information Technology,Semiconductors,S&P 500,168.57,,180042956800,19.420507,6987656,30,0.0034,0.654515,2026-07-29,2026-09-03,-0.23,15.335,4.175,1.719554,0.056881,0.54226,,-0.351454,0,0,0,-1961221.74,0.00122,3,30,2026-09-03,0.83155,2026-09-03,0.083333,0.580548,15,0.066667,0.111667,0.041447,0.18528,6.442084,-0.114921,0.076144,-0.011965,0.064179,-0.005716,-0.04,0.33754,-0.323951
2026-09-03,DGX,Quest Diagnostics,Health Care,Health Care Services,S&P 500,239.4,,26423382016,25.414011,1043286,15,0.0037,0.868615,2026-07-23,2026-09-03,0.15,14.38,2.819,-0.740028,0.034425,0.33192,,-0.031514,0,0,0,-8316570.84,0.00442,3,5,2026-09-03,0.98971,2026-09-03,0.3,2.549868,12,0.25,0.203333,0.010383,0.15248,3.503739,0.133234,0.253949,0.058384,0.312333,0.010508,0.102,0.14602,0.001655
2026-09-03,Q,Qnity Electronics,Information Technology,Semiconductor Materials & Equipment,S&P 500,118.47,,24784936960,42.310715,1537065,8,0.0167,0.85337,2026-08-04,2026-09-03,-0.343,18.767,5.497,,0.031158,0.46219,,-0.331735,1,1,0.2,78796,0.00074,1,2,2026-09-03,0.78761,2026-09-03,0.344444,2.336828,14,0.214286,0.195786,,0.22323,3.416484,0.055843,0.372316,-0.137374,0.234942,0.04516,0.221,0.06722,0.013045
2026-09-03,RL,Ralph Lauren Corporation,Consumer Discretionary,"Apparel, Accessories & Luxury Goods",S&P 500,344.2,2.28827,20508207104,21.18154,762575,17,0.0064,0.783749,2026-08-06,2026-09-03,0.216,13.539,2.582,1.661342,0.042914,0.70269,0.014266,-0.183586,0,0,0,-3737799.88,0.02541,2,2,2026-09-03,1.07435,2026-09-03,0.244444,0.666771,14,-0.071429,0.079643,0.029343,0.18395,7.537666,-0.100643,0.176301,-0.097844,0.078457,0.017552,0.14,0.37537,-0.003643
2026-09-03,RJF,Raymond James Financial,Financials,Investment Banking & Brokerage,S&P 500,181.1,2.92697,34789310464,15.789015,1109161,13,0.0045,0.891249,2026-10-28,2026-09-03,0.42,,1.639,,,0.93156,,-0.00892,0,0,0,-4090566.11,0.1055,3,3,2026-09-03,0.81221,2026-09-03,0.272222,,15,0,0.096267,,0.19301,2.739871,-0.115958,0.005559,0.057582,0.063142,0.026894,0.151,0.18416,-0.026928
2026-09-03,RDDT,Reddit,Communication Services,Interactive Media & Services,S&P 500,155.99,-1.3346,30011932672,36.276745,3983861,33,0.0069,0.151864,2026-07-30,2026-09-03,1.778,33.994,9.805,2.418694,0.022593,0.91442,,-0.448701,0,0,0,-6691375.2,0.00655,2,15,2026-09-03,0.89132,2026-09-03,0.083333,-3.45032,15,-0.133333,0.1136,0.151073,0.28788,9.130766,-0.497957,-0.235486,-0.083372,-0.318857,-0.079806,0.611,0.30712,-0.25607
2026-09-03,RTX,RTX Corporation,Industrials,Aerospace & Defense,S&P 500,202.13,,272422354944,35.58627,3706031,22,0.0062,0.725712,2026-07-23,2026-09-03,0.287,19.172,3.259,,0.036267,0.20347,,-0.109089,0,0,0,-6862402.98,0.00091,4,6,2026-09-03,0.81716,2026-09-03,0.222222,1.922051,12,0,0.158417,0.069271,0.12696,4.104163,0.086214,0.289058,-0.023744,0.265314,0.415285,0.145,0.12274,-0.189252
2026-09-03,O,Realty Income,Real Estate,Retail REITs,S&P 500,61.74,,58419503104,44.739132,3897604,20,0.0046,0.816504,2026-08-05,2026-09-03,0.692,17.091,15.096,,0.027081,0.9268,,-0.091257,0,0,0,0,0.00124,0,0,2026-09-03,0.81701,2026-09-03,0.194444,5.742052,15,-0.066667,0.013267,,0.46966,1.477104,-0.141825,0.061453,-0.024179,0.037274,-0.024482,0.096,0.03225,-0.178328
2026-09-03,REG,Regency Centers,Real Estate,Retail REITs,S&P 500,75.92,14.51,14193906688,25.562288,1268778,18,0.0048,,2026-07-29,2026-09-03,0.089,18.035,11.462,,0.052372,0.71539,,-0.092517,0,0,0,-99367.4,0.00646,1,1,2026-09-03,1.0353,2026-09-03,0.216667,4.621566,15,-0.066667,0.0072,0.006106,0.39643,2.085886,-0.148512,0.068574,-0.037986,0.030587,0.007015,0.089,0.08187,-0.266692
2026-09-03,REGN,Regeneron Pharmaceuticals,Health Care,Biotechnology,S&P 500,843.47,-1.00467,86839443456,20.883139,496173,27,0.0027,0.785526,2026-07-30,2026-09-03,-0.045,16.786,5.081,0.095349,0.035298,0.44458,,-0.018468,0,0,0,-3432488.09,0.02085,4,6,2026-09-03,0.93633,2026-09-03,0.133333,-1.124532,14,0.238143,0.301214,,0.33106,2.668271,0.306878,0.329446,0.156532,0.485978,-0.083996,0.167,0.14043,-0.216804
2026-09-03,RF,Regions Financial Corporation,Financials,Regional Banks,S&P 500,30.44,1.70398,25932736512,12.176001,6341372,20,0.0068,0.86376,2026-10-16,2026-09-03,0.085,,4.401,,,0,,-0.062519,0,0,0,0,0.00261,0,0,2026-09-03,0.87524,2026-09-03,0.211111,,14,0.071429,0.031786,,0.39315,1.485748,-0.071811,0.120841,-0.013552,0.107288,,0.034,0.11867,-0.232925
2026-09-03,RSG,Republic Services,Industrials,Environmental & Facilities Services,S&P 500,225.12,1.16843,68934664192,31.529411,1395484,24,0.0054,0.931305,2026-08-06,2026-09-03,0.051,15.812,4.921,0.630833,0.028181,0.43035,,-0.042776,1,1,0.2,740246930.68,0.00179,0,51,2026-09-03,0.98287,2026-09-03,0.15,2.698878,15,-0.066667,0.064067,0.004256,0.20429,5.72533,-0.227549,-0.085231,0.036781,-0.04845,0.016659,0.046,0.18152,0.028402
2026-09-03,RMD,ResMed|,Health Care,Health Care Equipment,S&P 500,229.19,,33061185536,22.122587,782985,16,0.0037,0.8516,2026-08-06,2026-09-03,0.024,15.468,5.734,3.681223,0.028409,0.61618,,-0.195458,0,0,0,-4885431.21,0.00499,2,4,2026-09-03,0.71332,2026-09-03,0.238889,-0.306958,15,-0.333333,0.055467,,0.30857,5.019932,-0.345784,-0.2375,0.070815,-0.166685,0.031283,0.086,0.24269,-0.039652
2026-09-03,RVTY,Revvity,Health Care,Health Care Equipment,S&P 500,130.63,,14576532480,62.80289,1817135,16,0.0063,0.743579,2026-08-04,2026-09-03,0.012,19.29,5.802,-0.4795,0.041505,0.54976,,-0.01782,0,0,0,-9305.8,0.00267,1,1,2026-09-03,1.03645,2026-09-03,0.288889,2.647281,12,0.083333,0.124667,0.020614,0.17053,2.016424,0.332212,0.380934,0.130377,0.511311,-0.056677,0.013,0.03211,0.23461
2026-09-03,HOOD,Robinhood Markets,Financials,Investment Banking & Brokerage,S&P 500,124.72,16.5716,112133545984,55.18584,51371826,27,0.0073,0.686953,2026-07-29,2026-09-03,0.476,,22.55,,,0.9189,,-0.189393,0,0,0,-1007244.95,0.00952,1,8,2026-09-03,0.7956,2026-09-03,0.116667,,15,0.066667,0.1412,,0.43884,11.827406,-0.139453,-0.191184,0.23083,0.039646,0.171523,0.323,0.23619,-0.092856
2026-09-03,ROK,Rockwell Automation,Industrials,Electrical Components & Equipment,S&P 500,428.28,,47656407040,40.101124,812819,24,0.0057,0.808876,2026-08-04,2026-09-03,0.404,24.233,5.65,-0.258985,0.02736,0.49092,0.006723,-0.138893,0,0,0,-1225611.98,0.0017,4,5,2026-09-03,0.92924,2026-09-03,0.15,1.498088,15,0,0.149733,0.022642,0.20968,13.611747,0.072843,0.311413,-0.05947,0.251943,-0.040116,0.079,0.30629,-0.177106
2026-09-03,ROL,"Rollins, Inc.",Industrials,Environmental & Facilities Services,S&P 500,35.71,0,17181702144,32.463634,5050356,17,0.0054,0.849792,2026-10-28,2026-09-03,0.031,21.026,4.635,0.402233,0.029202,0.52366,,-0.460085,0,0,0,0,0.38422,0,0,2026-09-03,0.61357,2026-09-03,0.227778,1.163207,15,-0.088867,0.1686,,0.18799,12.019522,-0.551066,-0.26863,-0.103336,-0.371966,0.05572,0.079,0.37009,-0.202812
2026-09-03,ROP,Roper Technologies,Information Technology,Electronic Equipment & Instruments,S&P 500,422.35,1.57772,41770782720,17.330734,620433,15,0.0049,0.63094,2026-07-23,2026-09-03,2.33,16.283,6.368,,0.054241,0.69525,0.00492,-0.203113,0,0,0,-3080774,0.00387,2,2,2026-09-03,1.06916,2026-09-03,0.3,3.383107,12,0,0.051417,0.00483,0.27725,2.233675,-0.390304,-0.32043,0.109226,-0.211204,-0.027815,0.085,0.13066,-0.326865
2026-09-03,ROST,Ross Stores,Consumer Discretionary,Apparel Retail,S&P 500,231.67,,74315350016,28.047215,1504455,18,0.0067,0.815025,2026-08-20,2026-09-03,0.705,18.938,3.021,2.881839,0.029015,0.34175,,-0.09856,0,0,0,-9306579.03,0.02137,5,6,2026-09-03,0.9574,2026-09-03,0.283333,0.115349,11,0.090909,0.082182,0.018798,0.17616,10.914445,0.350215,0.539864,-0.01055,0.529314,-0.072655,0.133,0.42628,0.144996
2026-09-03,RCL,Royal Caribbean Group,Consumer Discretionary,"Hotels, Resorts & Cruise Lines",S&P 500,265.55,-1.88322,71021895680,16.391973,2317355,26,0.0051,0.751872,2026-07-28,2026-09-03,-0.046,13.556,5.026,2.111372,-0.021349,0.50284,,-0.268034,0,0,0,-4048147.89,0.06196,1,1,2026-09-03,0.90863,2026-09-03,0.144444,3.269131,14,-0.214286,0.095429,,0.2707,6.938312,-0.425132,-0.1325,-0.113533,-0.246033,0.007294,0.065,0.4467,-0.258403
2026-09-03,SPGI,S&P Global,Financials,Financial Exchanges & Data,S&P 500,450.58,4.37099,132830978048,26.242283,2554991,20,0.0027,0.844593,2026-07-28,2026-09-03,0.177,18.37,9.278,,0.041016,0.70903,,-0.137595,0,0,0,0,0.00107,0,0,2026-09-03,0.90913,2026-09-03,0.194444,1.426256,15,0.133333,0.202133,,0.4479,4.216742,-0.334474,-0.219039,0.063665,-0.155374,0.027034,0.104,0.14255,-0.133831
2026-09-03,CRM,Salesforce,Information Technology,Application Software,S&P 500,264.43,2.91908,217625886720,24.2152,16008316,54,0.0031,0.710745,2026-08-26,2026-09-03,1.189,19.273,5.658,-0.300302,0.081479,0.77282,,-0.017391,0,0,0,0,0.02978,0,0,2026-09-03,0.8755,2026-09-03,0.083333,2.401194,15,-0.066667,0.116,,0.21375,5.670569,-0.126151,-0.359332,0.41228,0.052949,-0.091777,0.108,0.19381,0.308306
2026-09-03,SNDK,Sandisk,Information Technology,"Technology Hardware, Storage & Peripherals",S&P 500,1554.99,10.2354,227680092160,21.05321,8670816,23,0.0158,0.213524,2026-08-05,2026-09-03,,17.684,11.019,,0.033911,0.71474,,-0.339536,0,0,0,-915360,0.00966,1,1,2026-09-03,0.8079,2026-09-03,0.161111,-0.361496,15,-0.2,-0.034267,0.486478,0.78472,14.72375,,,-0.009144,,,3.716,0.9164,-0.202588
2026-09-03,SBAC,SBA Communications,Real Estate,Telecom Tower REITs,S&P 500,191.52,2.73576,20317995008,20.682505,793630,20,0.003,0.858055,2026-08-03,2026-09-03,-0.105,19.244,12.292,0.021408,0.037014,0.742,0.000147,-0.146752,0,0,0,-54802.35,0.00765,1,1,2026-09-03,1.0143,2026-09-03,0.244444,8.11649,12,0.02775,0.227083,0.02652,0.52165,,-0.236346,-0.104451,0.047204,-0.057247,-0.035689,0.023,,-0.250991
2026-09-03,SLB,Schlumberger,Energy,Oil & Gas Equipment & Services,S&P 500,57.41,-1.23861,85204664320,28.280788,9157010,29,0.0108,0.833119,2026-07-24,2026-09-03,-0.297,12.877,2.614,-0.309783,0.034683,0.16991,,-0.050447,0,0,0,-3988750,0.00216,1,4,2026-09-03,0.92641,2026-09-03,0.111111,1.176487,14,-0.071429,0.164929,,0.12706,3.267873,0.443737,0.483089,0.139748,0.622836,0.009396,0.05,0.12909,0.081574
2026-09-03,STX,Seagate Technology,Information Technology,"Technology Hardware, Storage & Peripherals",S&P 500,798.61,-1.22814,181000568832,58.122997,2966871,23,0.0046,0.593524,2026-07-28,2026-09-03,1.488,40.692,15.022,-0.514798,0.010739,0.45576,,-0.302524,0,0,0,-52542057.31,0.00271,5,109,2026-09-03,0.85389,2026-09-03,0.194444,0.487339,13,-0.076923,0.042538,0.083486,0.4307,83.58032,3.117988,3.369483,-0.072396,3.297088,0.225687,0.485,,-0.367953
2026-09-03,SRE,Sempra,Utilities,Multi-Utilities,S&P 500,84.57,,55300354048,24.301723,3501218,17,0.0063,0.710387,2026-08-06,2026-09-03,0.713,17.456,7.566,,-0.500137,0.43994,,-0.163005,,,,,0.00099,,,2026-09-03,0.93763,2026-09-03,0.244444,6.233572,14,0,0.083143,,0.28328,1.691535,-0.146058,0.084133,-0.051091,0.033042,-0.070215,-0.001,0.06679,0.239174
2026-09-03,NOW,ServiceNow,Information Technology,Systems Software,S&P 500,145.59,6.48771,150519971840,85.641174,18151068,46,0.0052,0.584468,2026-07-22,2026-09-03,-0.219,53.265,10.474,1.340107,0.034211,0.74769,,-0.252334,0,0,0,-1749514.22,0.00174,3,3,2026-09-03,0.85058,2026-09-03,0.083333,1.307905,15,-0.066667,0.059,,0.04063,12.026268,-0.431015,-0.518475,0.266559,-0.251915,0.033585,0.24,0.14244,-0.208258
2026-09-03,SHW,Sherwin-Williams,Materials,Specialty Chemicals,S&P 500,332.26,,80658825216,30.594845,1576858,22,0.0049,0.819272,2026-07-28,2026-09-03,0.143,20.157,3.889,,0.03107,0.48982,,-0.12047,0,0,0,-7665863.8,0.06359,2,2,2026-09-03,0.85066,2026-09-03,0.272222,3.129728,9,-0.222222,0.180444,,0.18124,20.801353,-0.289671,-0.078886,-0.031685,-0.110571,0.006983,0.075,0.65124,-0.275079
2026-09-03,SPG,Simon Property Group,Real Estate,Retail REITs,S&P 500,211.52,,80297959424,14.833099,902289,19,0.009,0.850266,2026-08-10,2026-09-03,-0.125,19.182,14.164,-0.020454,0.032321,0.81426,,-0.113124,3,3,0.6,182455.55,0.01799,0,8,2026-09-03,0.96084,2026-09-03,0.322222,5.544868,8,-0.125,0.062125,0.028091,0.46024,15.5747,-0.0211,0.209914,-0.051915,0.157999,0.002102,0.195,1.20508,-0.351022
2026-09-03,SWKS,Skyworks Solutions,Information Technology,Semiconductors,S&P 500,71.5,,10758804480,37.239586,4022469,17,0.0059,0.667338,2026-07-28,2026-09-03,-0.686,12.089,2.651,,0.041716,0.40734,-0.014389,-0.213421,,,,,0.00399,,,2026-09-03,1.23695,2026-09-03,0.311111,-0.134174,10,0.5,0.4543,0.046711,0.08825,1.875262,-0.218891,-0.143305,0.103514,-0.039791,-0.021329,-0.031,0.05094,0.131718
2026-09-03,SJM,J.M. Smucker Company (The),Consumer Staples,Packaged Foods & Meats,S&P 500,128.51,-2.22916,13727846400,61.488037,1209415,16,0.0055,0.162088,2026-08-26,2026-09-03,,9.11,2.252,-0.15163,0.106669,0.37951,0.216775,-0.054309,0,0,0,-13919115.98,0.02263,3,4,2026-09-03,0.90923,2026-09-03,0.305556,3.046513,11,0,0.120727,0.178175,0.17898,2.472535,-0.010848,0.087171,0.081081,0.168252,-0.020015,0.05,0.03931,0.035561
2026-09-03,SW,Smurfit Westrock,Materials,Paper & Plastic Packaging Products & Materials,S&P 500,45.26,,23739906048,48.148933,3002116,16,0.0111,0.460027,2026-07-29,2026-09-03,-0.836,8.134,1.188,,0.05118,0.18161,-0.016606,-0.140361,0,0,0,0,0.00516,0,0,2026-09-03,1.01156,2026-09-03,0.238889,2.947334,15,0.066667,0.0568,0.030054,0.05466,1.316233,-0.212142,-0.001125,-0.031917,-0.033042,0.004146,0.011,0.02715,-0.120986
2026-09-03,SNA,Snap-on,Industrials,Industrial Machinery & Supplies & Components,S&P 500,384.19,,19873044480,19.41334,174794,9,0.0065,0.963926,2026-07-23,2026-09-03,0.051,13.821,3.709,,0.055828,0.5183,,-0.091792,0,0,0,-18119829.68,0.02421,6,18,2026-09-03,0.99754,2026-09-03,0.316667,-0.2361,15,-0.133333,0.0106,0.009315,0.25397,3.289129,-0.021482,0.204737,-0.047119,0.157618,-0.010448,0.042,0.17932,-0.272294
2026-09-03,SOLV,Solventum,Health Care,Health Care Technology,S&P 500,92.44,,15735481344,11.300734,784227,13,0.0114,0.398688,2026-08-05,2026-09-03,0.039,18.11,2.482,,0.031076,0.54777,0.038434,-0.018267,0,0,0,0,0.15318,0,0,2026-09-03,0.76004,2026-09-03,0.372222,4.294995,9,0,0.100444,0.235679,0.09778,3.276156,0.084652,0.155374,0.108377,0.263751,0.052647,0.022,0.33961,-0.261824
2026-09-03,SO,Southern Company,Utilities,Electric Utilities,S&P 500,88.77,,102117720064,21.28777,6015701,19,0.004,0.847743,2026-07-30,2026-09-03,0.304,12.554,5.931,-1.345679,-0.038322,0.48289,,-0.119695,0,0,0,-341218.66,0.00096,2,4,2026-09-03,0.74245,2026-09-03,0.205556,5.197293,15,-0.133333,0.1006,0.033295,0.29612,2.580673,-0.216907,0.014625,-0.052433,-0.037808,0.004526,0.001,0.11483,0.054808
2026-09-03,LUV,Southwest Airlines,Industrials,Passenger Airlines,S&P 500,38.73,,18947033088,24.20625,4744303,23,0.0061,0.355357,2026-10-21,2026-09-03,0.205,9.429,0.733,,-0.044057,0.22399,,-0.297224,0,0,0,0,0.01018,0,0,2026-09-03,0.93742,2026-09-03,0.161111,1.325064,15,0,0,,0.0338,2.675463,0.05091,0.386447,-0.156437,0.23001,-0.016622,0.164,0.11099,-0.202738
2026-09-03,SWK,Stanley Black & Decker,Industrials,Industrial Machinery & Supplies & Components,S&P 500,96.5,,14573106176,23.710073,1477892,11,0.0074,0.47579,2026-07-29,2026-09-03,2.478,10.716,1.259,2.823668,0.097375,0.32213,,-0.078143,0,0,0,-105164.15,0.00318,1,1,2026-09-03,1.01821,2026-09-03,0.427778,2.579062,7,0.142857,0.133429,0.027789,0.08443,1.626633,0.056427,0.219159,0.016367,0.235527,-0.023257,0.004,0.06886,-0.19087
2026-09-03,SBUX,Starbucks,Consumer Discretionary,Restaurants,S&P 500,105.82,,120634802176,61.883038,4217260,31,0.0053,0.7165,2026-07-29,2026-09-03,0.857,24.721,3.638,-0.131786,0.025412,0.22341,,-0.04244,0,0,0,-681663.24,0.00132,1,4,2026-09-03,0.87127,2026-09-03,0.083333,3.33956,15,-0.266667,0.115933,0.028248,0.12919,,0.047426,0.222245,0.00428,0.226526,-0.101969,-0.014,,-0.166964
2026-09-03,STT,State Street Corporation,Financials,Asset Management & Custody Banks,S&P 500,193.94,2.0522,53275660288,16.776815,1524863,14,0.0044,0.792188,2026-10-14,2026-09-03,-0.241,,,-4.851167,,0,,-0.010157,0,0,0,-5588538.08,0.00352,4,4,2026-09-03,0.94953,2026-09-03,0.261111,,15,0.133333,0.073733,,0.27818,2.22899,0.487041,0.609057,0.057084,0.666141,0.018106,-0.028,0.12437,-0.398052
2026-09-03,STLD,Steel Dynamics,Materials,Steel,S&P 500,246.03,,35263012864,22.32577,889228,14,0.005,0.780824,2026-07-20,2026-09-03,0.836,14.595,1.9,-0.329878,0.006641,0.14652,-0.051568,-0.147919,0,0,0,0,0.06565,0,0,2026-09-03,0.86238,2026-09-03,0.377778,1.430515,8,0.25,0.478875,0.024049,0.11499,3.750972,0.713305,0.875967,0.016437,0.892404,-0.006296,0.334,0.17568,0.048747
2026-09-03,STE,Steris,Health Care,Health Care Equipment,S&P 500,226.83,-1.52811,22115950592,27.729828,517849,8,0.0101,0.861469,2026-08-05,2026-09-03,0.14,14.442,3.924,2.582368,0.036122,0.44422,0.006923,-0.158143,0,0,0,-956795.24,0.00307,1,1,2026-09-03,1.0049,2026-09-03,0.327778,0.952271,15,-0.066667,0.163467,0.013186,0.19153,3.068795,-0.240045,-0.070647,0.009701,-0.060946,-0.018603,0.073,0.11389,-0.263501
2026-09-03,SYK,Stryker Corporation,Health Care,Health Care Equipment,S&P 500,307.99,-1.34534,118136659968,32.351887,2655862,25,0.0062,0.835051,2026-07-30,2026-09-03,0.441,17.639,5.036,-0.180568,0.03477,0.65588,0.044825,-0.222973,1,1,0.2,-118172093.9,0.05364,3,27,2026-09-03,0.82773,2026-09-03,0.138889,1.622831,15,0.2,0.2318,0.030243,0.27015,4.924846,-0.383326,-0.139564,-0.064662,-0.204226,0.067902,0.094,0.16508,-0.106541
2026-09-03,SMCI,Supermicro,Information Technology,"Technology Hardware, Storage & Peripherals",S&P 500,37.87,2.35135,24879278080,11.338324,34386232,16,0.0032,0.728328,2026-08-11,2026-09-03,4.347,10.913,0.789,-0.45972,-0.331552,0.10822,,-0.355733,0,0,0,0,0.12726,0,0,2026-09-03,0.69515,2026-09-03,0.322222,0.607368,10,0,0.4564,,0.13382,2.265901,-0.263485,-0.288902,0.204517,-0.084385,0.16309,0.932,0.21466,-0.361215
2026-09-03,SYF,Synchrony Financial,Financials,Consumer Finance,S&P 500,79.85,1.86248,25980862464,8.041288,2060124,23,0.0126,0.824275,2026-07-21,2026-09-03,0.036,,2.82,,,0,,-0.100484,0,0,0,0,0.00349,0,0,2026-09-03,1.09196,2026-09-03,0.244444,,10,0.1,0.1909,,0.50219,1.709374,-0.159193,-0.020756,0.040662,0.019906,,0.006,0.20786,0.044116
2026-09-03,SNPS,Synopsys,Information Technology,Application Software,S&P 500,416.31,8.17358,79780249600,72.52788,1457851,26,0.0037,0.641905,2026-08-26,2026-09-03,0.893,41.924,9.241,,0.042937,0.82921,,-0.323942,0,0,0,-32518293.5,0.02984,1,3,2026-09-03,0.93216,2026-09-03,0.161111,3.485507,13,-0.461538,0.003154,,0.14521,2.560537,-0.48366,-0.308234,0.003673,-0.304561,-0.021014,0.424,0.03661,0.078609
2026-09-03,SYY,Sysco,Consumer Staples,Food Distributors,S&P 500,81.08,,38845104128,22.153006,2383704,13,0.0029,0.904246,2026-08-04,2026-09-03,0.053,11.598,0.616,-1.225756,0.049273,0.18496,0.003056,-0.117256,0,0,0,0,0.00146,0,0,2026-09-03,0.91102,2026-09-03,0.322222,2.95237,12,-0.166667,0.244833,0.002702,0.04845,14.55394,-0.187468,0.016014,-0.024383,-0.008369,0.016674,0.047,0.77692,-0.327779
2026-09-03,TMUS,T-Mobile US,Communication Services,Wireless Telecommunication Services,S&P 500,188.02,,201683714048,19.687958,3253613,24,0.0035,0.896958,2026-07-23,2026-09-03,0.053,9.289,3.463,0.296169,0.056207,0.63054,,-0.267521,0,0,0,0,0.55553,0,0,2026-09-03,0.43535,2026-09-03,0.209767,3.421548,14,0.071429,0.135071,,0.2522,3.591732,-0.436199,-0.294313,0.037213,-0.2571,-0.052536,0.079,0.17994,-0.234732
2026-09-03,TROW,T. Rowe Price,Financials,Asset Management & Custody Banks,S&P 500,110.88,1.37137,23652460544,11.13253,906314,12,0.0059,0.891981,2026-07-31,2026-09-03,0.286,7.436,2.903,-0.294157,0.085569,0.51614,0.000357,-0.091148,0,0,0,-1118203,0.01699,1,1,2026-09-03,0.91665,2026-09-03,0.283333,-0.939233,15,0,0.2382,,0.28688,2.149712,-0.16782,0.04114,-0.02986,0.01128,-0.076744,0.107,0.194,-0.359632
2026-09-03,TTWO,Take-Two Interactive,Communication Services,Interactive Home Entertainment,S&P 500,214.13,,40038125568,,2696782,29,0.004,0.554078,2026-08-07,2026-09-03,,53.694,6.155,-1.787873,0.031374,0.57126,-0.053077,-0.194818,0,0,0,-10512993.2,0.0178,5,18,2026-09-03,1.00009,2026-09-03,0.094444,1.458708,15,0,-0.107467,0.070196,0.00515,11.307493,-0.277314,0.011733,-0.109947,-0.098214,-0.229432,0.02,-0.09039,0.215157
2026-09-03,TPR,"Tapestry, Inc.",Consumer Discretionary,"Apparel, Accessories & Luxury Goods",S&P 500,122.6,,24445419520,16.957123,2828440,20,0.0034,0.689482,2026-11-05,2026-09-03,0.737,13.467,3.404,1.349603,0.057267,0.76595,,-0.256068,0,0,0,0,0.00417,0,0,2026-09-03,1.02472,2026-09-03,0.194444,1.385767,15,-0.066667,0.231867,,0.19823,35.49508,0.002893,0.317331,-0.135339,0.181993,,0.089,1.97135,0.219716
2026-09-03,TRGP,Targa Resources,Energy,Oil & Gas Storage & Transportation,S&P 500,293.54,2.72668,62944083968,28.089954,843034,21,0.006,0.707866,2026-08-06,2026-09-03,0.233,15.012,4.93,0.498341,0.001046,0.43192,,-0.046762,0,0,0,-2127631.81,0.01375,3,9,2026-09-03,0.97461,2026-09-03,0.216667,3.537061,13,0.153846,0.306077,0.048093,0.27803,20.095844,0.583,0.701939,0.06016,0.762099,0.144587,0.042,0.7084,0.082399
2026-09-03,TGT,Target Corporation,Consumer Staples,Consumer Staples Merchandise Retail,S&P 500,164.01,,74509205504,17.013485,1986084,34,0.0139,0.748172,2026-11-18,2026-09-03,1.005,10.275,0.82,0.516818,0.046075,0.2838,,-0.039473,0,0,0,-11929998.26,0.00265,4,4,2026-09-03,0.8898,2026-09-03,0.1,1.604213,14,-0.071429,0.082357,,0.06044,4.175726,0.582954,0.639336,0.122718,0.762054,-0.00071,0.053,0.26408,0.120248
2026-09-03,TEL,TE Connectivity,Information Technology,Electronic Manufacturing Services,S&P 500,209.41,3.56065,60626964480,19.793007,2097004,19,0.0043,0.7031,2026-10-28,2026-09-03,0.192,13.2,3.382,0.90339,0.038545,0.36119,0.002731,-0.17085,0,0,0,-9627409.9,0.00119,3,21,2026-09-03,0.99437,2026-09-03,0.222222,0.924864,14,0.071429,-0.081429,0.010078,0.20775,4.58378,-0.209453,-0.050911,0.020557,-0.030354,-0.006996,0.138,0.2329,-0.115144
2026-09-03,TDY,Teledyne Technologies,Information Technology,Electronic Equipment & Instruments,S&P 500,607.87,,28178223104,29.3941,175143,12,0.004,0.874731,2026-10-21,2026-09-03,0.212,18.755,4.685,,0.032389,0.43339,,-0.128714,0,0,0,-4708875.81,0.00841,2,5,2026-09-03,1.00639,2026-09-03,0.35,1.059344,11,0.181818,0.297273,0.007542,0.20198,2.580751,-0.074679,0.164843,-0.060423,0.104421,0.022297,0.098,0.09154,-0.275652
2026-09-03,TER,Teradyne,Information Technology,Semiconductor Materials & Equipment,S&P 500,338.59,,52935413760,46.509613,1690141,15,0.0019,0.595051,2026-07-28,2026-09-03,3.858,35.03,11.809,,0.008263,0.59242,0.025629,-0.30604,0,0,0,-4256082,0.00202,3,7,2026-09-03,1.00534,2026-09-03,0.283333,-0.169249,13,-0.153846,0.027923,0.083654,0.33161,16.859533,1.682279,1.960879,-0.0995,1.861379,0.168566,1.039,0.36465,-0.458682
2026-09-03,TSLA,"Tesla, Inc.",Consumer Discretionary,Automobile Manufacturers,S&P 500,376.365,5.42141,1486471430144,351.74295,62838720,39,0.0062,0.69295,2026-07-22,2026-09-03,-0.03,135.722,14.087,-0.98017,0.003253,0.18852,-0.004126,-0.245504,0,0,0,-1047924.28,0.17819,1,1,2026-09-03,0.43681,2026-09-03,0.12546,-2.551743,15,0,0.057467,0.027157,0.0141,17.111387,-0.161513,-0.03268,0.050267,0.017586,0.097308,0.255,0.04667,-0.077141
2026-09-03,TXN,Texas Instruments,Information Technology,Semiconductors,S&P 500,253.83,,231809662976,38.6347,4299114,31,0.0071,0.836965,2026-07-22,2026-09-03,0.518,25.09,12.279,-0.892044,0.015294,0.58325,0.03467,-0.240098,0,0,0,-1852413.12,0.00279,1,2,2026-09-03,0.91687,2026-09-03,0.1,0.740651,14,0.071429,0.052643,0.029425,0.42577,12.869746,0.176724,0.455983,-0.100159,0.355824,0.042397,0.228,0.35176,-0.333498
2026-09-03,TPL,Texas Pacific Land Corporation,Energy,Oil & Gas Exploration & Production,S&P 500,366.5,,25279219712,46.86701,271931,2,0.0053,0.69221,2026-08-05,2026-09-03,0.327,33.777,27.908,,-0.001299,0.93336,,-0.330227,1,1,0.2,2956.9,0.00171,0,8,2026-09-03,0.75057,2026-09-03,0.444444,-0.31095,12,-0.083333,0.131917,0.017571,0.78177,16.247007,0.060186,0.296426,-0.057141,0.239285,0.103654,0.312,0.36566,-0.023242
2026-09-03,TXT,Textron,Industrials,Aerospace & Defense,S&P 500,79.37,16.4065,13650601984,14.94727,1717092,15,0.0043,0.858237,2026-07-28,2026-09-03,0.052,9.777,1.074,-0.007519,0.033167,0.17629,,-0.218568,1,1,0.2,988594,0.00732,0,1,2026-09-03,0.94236,2026-09-03,0.316667,1.651786,11,0.181818,0.007,,0.08701,1.694384,-0.206233,0.073084,-0.100217,-0.027133,-0.087794,0.03,0.12126,-0.072031
2026-09-03,TMO,Thermo Fisher Scientific,Health Care,Life Sciences Tools & Services,S&P 500,618.43,1.6252,228662820864,32.79056,1804922,26,0.0058,0.925698,2026-07-23,2026-09-03,0.094,22.768,5.768,-0.32082,0.027277,0.40988,,-0.044158,0,0,0,-2711671.09,0.0013,2,6,2026-09-03,0.94066,2026-09-03,0.127778,3.278388,15,0.133333,0.196667,,0.18751,4.340682,0.064113,0.150673,0.092539,0.243212,0.089094,0.105,0.13515,-0.199758
2026-09-03,TJX,TJX Companies,Consumer Discretionary,Apparel Retail,S&P 500,132.19,,145405575168,24.47963,7840826,20,0.006,0.878074,2026-11-18,2026-09-03,0.236,17.266,2.465,1.20526,0.030247,0.31467,,-0.222412,0,0,0,-1964135.42,0.00155,2,2,2026-09-03,0.94961,2026-09-03,0.244444,0.93373,12,-0.083333,0.169417,,0.10909,14.041854,-0.236187,0.068489,-0.125576,-0.057087,0.006864,0.054,0.62171,0.385333
2026-09-03,TKO,TKO Group Holdings,Communication Services,Movies & Entertainment,S&P 500,189.42,-19.495,35851468800,66.46316,749524,19,0.0113,0.430127,2026-08-03,2026-09-03,0.144,14.307,4.372,,0.02388,0.59455,,-0.16533,0,0,0,-21206310.1,0.18146,4,28,2026-09-03,1.16756,2026-09-03,0.388889,2.691819,4,0.25,0.33675,0.133094,0.32388,4.145856,-0.180625,0.003104,-0.00463,-0.001526,-0.07619,0.182,0.07063,-0.252861
2026-09-03,TTD,Trade Desk (The),Communication Services,Advertising,S&P 500,15.09,3.71134,7090492416,17.344828,23598530,30,0.0082,0.716242,2026-08-06,2026-09-03,-0.236,8.652,2.02,2.649826,0.082222,0.76872,,-0.732399,0,0,0,-4655112.6,0.02287,1,2,2026-05-07,0.8959,2026-09-03,0.133333,-1.506089,12,-0.166667,-0.134083,0.049535,0.14205,2.896909,-0.898861,-0.62396,-0.095801,-0.719761,-0.087953,0.03,0.15441,-0.254722
2026-09-03,TSCO,Tractor Supply,Consumer Discretionary,Other Specialty Retail,S&P 500,34.6,,18027986944,18.020832,7253865,27,0.0048,0.736271,2026-07-23,2026-09-03,-0.15,12.602,1.545,-3.087672,0.005723,0.36499,0.001125,-0.431575,3,3,0.6,652394.4,0.00347,0,4,2026-09-03,0.96655,2026-09-03,0.166667,3.268673,12,0.166667,0.245917,0.023534,0.12074,6.885572,-0.603092,-0.486195,0.062203,-0.423992,-0.013201,0.023,0.39513,-0.299967
2026-09-03,TT,Trane Technologies,Industrials,Building Products,S&P 500,445.19,1.40541,97952120832,32.68649,973489,21,0.0053,0.818651,2026-07-30,2026-09-03,0.071,23.506,4.56,,0.03187,0.35389,,-0.119952,1,1,0.2,-20690853.15,0.00266,2,3,2026-09-03,0.90998,2026-09-03,0.183333,0.765597,15,-0.133333,0.166933,,0.19251,11.373716,-0.118229,0.114246,-0.053376,0.06087,-0.028415,0.106,0.36643,-0.167692
2026-09-03,TDG,TransDigm Group,Industrials,Aerospace & Defense,S&P 500,1157.83,,64000815104,34.969193,274581,19,0.0033,0.897787,2026-08-04,2026-09-03,0.109,18.606,9.474,1.008271,0.022771,0.59824,-0.001497,-0.208608,0,0,0,-74536922.44,0.00409,2,144,2026-09-03,0.97242,2026-09-03,0.222222,6.026497,14,0.142857,0.220714,0.010759,0.46005,,-0.271378,-0.019531,-0.072748,-0.092279,0.042046,0.225,,-0.037962
2026-09-03,TRV,Travelers Companies (The),Financials,Property & Casualty Insurance,S&P 500,374.34,2.22841,78077976576,9.843282,1626937,24,0.0095,0.681232,2026-10-15,2026-09-03,0.571,7.15,1.676,,0.189236,0.34731,,-0.061099,0,0,0,-12321060.37,0.00284,7,9,2026-09-03,0.91499,2026-09-03,0.183333,0.349042,13,0.076923,0.196385,,0.23698,2.357631,0.1514,0.29369,0.036809,0.330499,-0.006599,0.003,0.26511,-0.266273
2026-09-03,TRMB,Trimble Inc.,Information Technology,Application Software,S&P 500,60.1,1.67484,14014107648,31.484293,2352429,11,0.0067,0.253807,2026-08-12,2026-09-03,0.556,17.338,4.034,0.348138,0.048963,0.71773,,-0.288083,0,0,0,-103080,0.00402,1,1,2026-09-03,1.03262,2026-09-03,0.344444,1.414498,12,-0.166667,-0.037,,0.15134,2.470201,-0.446997,-0.347349,0.079452,-0.267897,-0.14879,0.11,-0.01939,0.520271
2026-09-03,TFC,Truist Financial,Financials,Diversified Banks,S&P 500,51.61,1.57449,63048130560,11.676471,4757460,18,0.0067,0.843104,2026-10-16,2026-09-03,0.367,,4.798,,,0,,-0.081673,0,0,0,-1584518.41,0.00177,3,3,2026-09-03,0.78386,2026-09-03,0.216667,,15,0.066667,0.118,,0.39815,1.074358,-0.086881,0.089584,0.002634,0.092218,,0.082,0.09059,-0.305552
2026-09-03,TYL,Tyler Technologies,Information Technology,Application Software,S&P 500,379.27,1.17104,15531967488,49.838367,814278,22,0.003,0.87143,2026-07-29,2026-09-03,0.155,34.932,6.592,0.704809,0.038272,0.47205,,-0.330598,0,0,0,-6477977.25,0.00519,2,2,2026-09-03,1.08163,2026-09-03,0.172222,1.057736,15,0.2,0.3468,,0.14741,5.11118,-0.509623,-0.509348,0.178824,-0.330524,-0.003876,0.082,0.09731,0.32523
2026-09-03,TSN,Tyson Foods,Consumer Staples,Packaged Foods & Meats,S&P 500,51.76,-7.25677,18209245184,34.506664,7282574,12,0.0055,,2026-08-03,2026-09-03,2.041,9.228,0.459,-0.210025,0.06542,0.06554,-0.015769,-0.255037,0,0,0,0,0.02614,0,0,2026-09-03,0.94078,2026-09-03,0.283333,2.621212,15,-0.466667,-0.189267,0.009444,0.02711,1.0072,-0.185686,0.098708,-0.105294,-0.006586,-0.045439,-0.001,0.03263,-0.211666
2026-09-03,USB,U.S. Bancorp,Financials,Diversified Banks,S&P 500,63.53,1.21077,98983010304,12.530571,5681716,22,0.0039,0.869841,2026-10-15,2026-09-03,0.216,,4.962,,,0,,-0.03859,0,0,0,-5482004.86,0.00124,3,3,2026-09-03,0.84585,2026-09-03,0.172222,,15,0,0.122133,,0.39647,1.6327,0.107171,0.276938,0.009332,0.28627,0.053658,0.104,0.12623,-0.189297
2026-09-03,UBER,Uber,Industrials,Passenger Ground Transportation,S&P 500,75.96,,155152859136,16.768211,14395318,47,0.0113,0.486003,2026-08-05,2026-09-03,0.855,22.154,2.998,3.875502,0.046694,0.40752,,-0.255221,0,0,0,-471600000,0.002,1,1,2026-09-03,0.85417,2026-09-03,0.1,1.249665,14,-0.357143,-0.167,0.037408,0.13318,5.67289,-0.338897,-0.186601,0.026803,-0.159798,-0.023072,0.122,0.3716,-0.281038
2026-09-03,UDR,"UDR, Inc.",Real Estate,Multi-Family Residential REITs,S&P 500,36.37,,13361036288,23.165604,2658800,21,0.0075,0.524537,2026-07-27,2026-09-03,0.909,17.891,10.542,,0.058366,0.66581,,-0.134048,0,0,0,-3140008,0.00444,1,1,2026-09-03,1.08295,2026-09-03,0.35,5.757255,5,-0.2,0.5976,0.120039,0.20178,4.035283,-0.236544,0.005073,-0.062518,-0.057445,-0.018611,-0.001,0.13739,-0.232565
2026-09-03,ULTA,Ulta Beauty,Consumer Discretionary,Other Specialty Retail,S&P 500,557.11,,23820613632,20.273289,665149,24,0.0036,0.875669,2026-08-27,2026-09-03,0.133,13.509,2.017,-0.225186,0.038374,0.43097,-0.000503,-0.220792,0,0,0,-182246.72,0.00243,1,1,2026-09-03,1.04367,2026-09-03,0.2,1.194498,12,-0.083333,0.561917,0.011751,0.12506,8.776841,-0.107468,-0.03697,0.108601,0.071631,-0.022108,0.089,0.46117,0.199857
2026-09-03,UNP,Union Pacific Corporation,Industrials,Rail Transportation,S&P 500,289.15,,171776933888,23.469967,2041388,24,0.0064,0.927242,2026-07-23,2026-09-03,0.066,15.588,7.904,-0.030755,0.027482,0.56285,,-0.084939,0,0,0,0,0.00071,0,0,2026-09-03,0.91397,2026-09-03,0.15,2.255123,15,-0.133333,0.045333,,0.40982,8.840344,0.136002,0.326759,-0.011657,0.315101,-0.165359,0.115,0.39696,-0.05445
2026-09-03,UAL,United Airlines Holdings,Industrials,Passenger Airlines,S&P 500,108.66,,35267747840,10.174157,3047100,23,0.0057,0.644806,2026-07-15,2026-09-03,-0.172,7.376,0.831,,0.025806,0.31816,,-0.216978,0,0,0,-8802653.76,0.00586,4,6,2026-09-03,0.9076,2026-09-03,0.161111,2.401777,15,-0.066667,0.420067,,0.05534,2.112323,-0.162588,0.129515,-0.113003,0.016512,0.004918,0.16,0.23252,-0.228415
2026-09-03,UPS,United Parcel Service,Industrials,Air Freight & Logistics,S&P 500,103.5,,88055889920,19.166666,4810655,26,0.0055,0.804884,2026-10-27,2026-09-03,-0.53,9.322,1.247,-0.334199,0.063116,0.22413,,-0.154481,0,0,0,0,0.00017,0,0,2026-09-03,0.73406,2026-09-03,0.127778,1.997339,15,0.066667,0.101533,,0.09052,5.845806,0.032213,0.252247,-0.040935,0.211312,-0.053296,0.076,0.29602,-0.182667
2026-09-03,URI,United Rentals,Industrials,Trading Companies & Distributors,S&P 500,993.87,1.43394,61860941824,23.925613,322875,21,0.0083,0.89471,2026-07-22,2026-09-03,0.255,16.443,4.583,,0.027582,0.3848,0.004018,-0.157152,0,0,0,-1699731.6,0.00434,1,1,2026-09-03,0.94921,2026-09-03,0.183333,3.255809,15,0.2,0.352533,0.025529,0.25986,6.71679,-0.174393,0.094619,-0.089912,0.004707,0.012156,0.118,0.28895,-0.08857
2026-09-03,UNH,UnitedHealth Group,Health Care,Managed Health Care,S&P 500,400.94,,359881670656,25.783922,5483045,26,0.0051,0.622887,2026-07-16,2026-09-03,0.615,15.338,0.908,0.868443,0.067445,0.19723,,-0.13145,0,0,0,-660910,0.00248,1,2,2026-09-03,0.89685,2026-09-03,0.127778,1.568907,15,-0.133333,0.040333,0.017027,0.07133,3.685754,0.088093,0.294518,-0.027325,0.267193,-0.015858,0.004,0.14153,-0.27991
2026-09-03,UHS,Universal Health Services,Health Care,Health Care Facilities,S&P 500,169.21,1.02693,9972647936,6.906531,466585,17,0.0056,0.857754,2026-07-27,2026-09-03,0.101,5.644,0.841,-0.052829,0.049968,0.44607,,-0.313076,0,0,0,0,0.04978,0,0,2026-05-07,1.03495,2026-09-03,0.377778,1.897818,6,0.166667,0.174333,0.006515,0.1114,1.327241,-0.29813,-0.161548,0.042518,-0.11903,-0.013778,0.083,0.20948,-0.312452
2026-09-03,VLO,Valero Energy,Energy,Oil & Gas Refining & Marketing,S&P 500,370.69,1.25652,106731831296,15.458299,2525484,19,0.0046,0.477288,2026-07-30,2026-09-03,4.535,8.481,0.857,,0.078855,0.16119,,-0.011783,0,0,0,-3788088,0.00422,1,2,2026-09-03,0.87086,2026-09-03,0.205556,0.259735,15,0.066667,0.266133,0.038451,0.12269,4.269146,1.176844,1.160662,0.195281,1.355943,0.417876,0.517,0.27637,-0.189128
2026-09-03,VEEV,Veeva Systems,Health Care,Health Care Technology,S&P 500,284.38,1.30379,46043639808,46.090763,1505151,27,0.0064,0.84975,2026-08-26,2026-09-03,0.395,36.223,11.264,,0.027316,0.74961,,-0.084122,0,0,0,0,0.08612,0,0,2026-09-03,0.93506,2026-09-03,0.116667,-6.594421,15,-0.066667,0.1606,,0.29637,6.343803,-0.150557,-0.292904,0.321446,0.028542,-0.052185,0.176,0.14425,0.087216
2026-09-03,VTR,Ventas,Real Estate,Health Care REITs,S&P 500,92.11,5.43157,47247491072,167.47272,2796694,22,0.008,0.595092,2026-07-29,2026-09-03,-0.067,25.423,9.43,,0.031469,0.3997,,-0.093406,0,0,0,0,0.00505,0,0,2026-09-03,1.05124,2026-09-03,0.272222,5.342626,9,0,0.226333,,0.14808,3.225253,0.176518,0.361669,-0.006052,0.355618,-0.002796,0.217,0.02012,-0.278455
2026-09-03,VLTO,Veralto,Industrials,Environmental & Facilities Services,S&P 500,97.88,,23862491136,24.531328,2032148,15,0.0099,0.915921,2026-07-28,2026-09-03,0.101,18.228,4.448,,0.033824,0.60183,-0.003792,-0.109048,0,0,0,-1490393.74,0.00192,2,3,2026-09-03,1.01516,2026-09-03,0.466667,1.060432,2,0.5,0.2555,0.006754,0.2137,7.718025,-0.259508,-0.113367,0.032958,-0.080409,-0.000926,0.075,0.34312,-0.159592
2026-09-03,VRSN,Verisign,Information Technology,Internet Services & Infrastructure,S&P 500,293.35,1.16913,26518841344,31.816702,560417,5,0.0065,0.682429,2026-07-23,2026-09-03,0.077,23.437,16.275,0.430322,0.031406,0.88465,,-0.06122,1,1,0.2,-2978032.82,0.10595,2,17,2026-09-03,0.89919,2026-09-03,0.411111,1.101349,12,0.166667,0.085417,0.005547,0.68178,,-0.143861,-0.02238,0.057619,0.035239,-0.005861,0.06,,-0.189436
2026-09-03,VRSK,Verisk Analytics,Industrials,Research & Consulting Services,S&P 500,190.6,1.29677,24807737344,28.87879,922154,17,0.0076,0.876255,2026-07-29,2026-09-03,-0.034,19.048,9.207,0.368966,0.042549,0.70179,,-0.303948,0,0,0,-2473671.75,0.00275,3,6,2026-09-03,1.01519,2026-09-03,0.227778,2.681686,15,-0.2,-0.071133,,0.45107,77.12942,-0.48234,-0.305433,0.002193,-0.30324,,0.044,,-0.48142
2026-09-03,VZ,Verizon,Communication Services,Integrated Telecommunication Services,S&P 500,50.59,,210190090240,13.17448,17995106,23,0.0065,0.885444,2026-07-24,2026-09-03,-0.22,7.895,2.904,,0.083099,0.59453,,-0.021091,0,0,0,-55550,0.0005,1,1,2026-09-03,0.71246,2026-09-03,0.161111,3.755726,15,-0.288867,0.048467,0.020559,0.22999,2.022629,-0.042386,0.042459,0.094254,0.136713,-0.035795,-0.007,0.15842,-0.320118
2026-09-03,VRTX,Vertex Pharmaceuticals,Health Care,Biotechnology,S&P 500,557.96,,141421068288,32.53411,800663,26,0.0038,0.222488,2026-11-02,2026-09-03,0.08,26.575,10.769,0.464987,0.018582,0.54957,,-0.004087,0,0,0,-1587264,0.00208,2,2,2026-09-03,0.98072,2026-09-03,0.144444,-1.151809,14,0.142857,0.1835,,0.38055,6.981395,0.226409,0.302363,0.103145,0.405508,-0.50069,0.125,0.23543,-0.340076
2026-09-03,VRT,Vertiv,Industrials,Electrical Components & Equipment,S&P 500,268.83,4.72535,103496359936,58.18831,4239493,26,0.0092,0.634613,2026-07-29,2026-09-03,0.53,38.72,9.036,3.969359,0.026054,0.38039,,-0.292432,0,0,0,-3880208.54,0.00269,1,8,2026-09-03,0.84455,2026-09-03,0.127778,0.084963,15,0.066667,0.0984,,0.20362,21.751759,0.863064,1.09741,-0.055246,1.042164,,0.241,0.43943,-0.324121
2026-09-03,VTRS,Viatris,Health Care,Pharmaceuticals,S&P 500,16.94,,19457130496,,8032003,8,0.0111,0.285181,2026-08-06,2026-09-03,,7.355,2.142,,0.137602,0.40307,0.015597,-0.078847,0,0,0,-809784,0.00318,1,1,2026-09-03,0.9359,2026-09-03,0.427778,2.821945,9,-0.111111,0.035333,0.302782,0.12551,1.345726,0.448519,0.614934,0.012685,0.627619,-0.031954,0.049,-0.02754,-0.258094
2026-09-03,VICI,Vici Properties,Real Estate,Hotel & Resort REITs,S&P 500,25.65,15.6185,28242636800,9.94186,9211082,24,0.0089,0.844144,2026-07-29,2026-09-03,-0.414,12.7,11.279,,0.009455,0.99271,,-0.241573,0,0,0,0,0.00282,0,0,2026-09-03,0.98517,2026-09-03,0.166667,4.820458,14,-0.071429,0.0815,,0.70183,0.96818,-0.416897,-0.208425,-0.029372,-0.237798,0.022227,0.057,0.09849,-0.149979
2026-09-03,V,Visa Inc.,Financials,Transaction & Payment Processing Services,S&P 500,378.75,9.24963,707144187904,32.151955,3868482,37,0.0066,,2026-07-28,2026-09-03,0.102,22.728,15.885,0.315394,0.028854,0.97725,,-0.017688,0,0,0,-33447977.36,0.00085,4,7,2026-09-03,0.90269,2026-09-03,0.1,0.323728,14,-0.142857,-0.027214,,0.66131,20.07154,-0.0766,0.054409,0.048091,0.1025,0.031515,0.144,0.6119,-0.182191
2026-09-03,VST,Vistra Corp.,Utilities,Electric Utilities,S&P 500,144.22,,48405307392,24.361486,4320053,19,0.0064,0.435701,2026-08-07,2026-09-03,-0.062,10.678,3.694,1.858311,0.000767,0.38309,,-0.343918,1,1,0.2,-6518157.67,0.00793,4,9,2026-09-03,0.92061,2026-09-03,0.222222,3.020313,14,-0.071429,0.036071,0.129606,0.13766,16.119371,-0.416014,-0.195923,-0.040992,-0.236915,-0.488843,-0.055,0.42962,-0.071299
2026-09-03,VMRK,Vivmark Residential,Real Estate,Multi-Family Residential REITs,S&P 500,64.96,7.70227,50264690688,24.88889,3639129,16,0.0036,0.726867,2026-10-21,2026-09-03,,,,,0.027596,0.62325,,-0.091469,0,0,0,-1102865.55,0.0048,2,3,2026-09-03,0.48638,2026-09-03,0.414636,4.96376,5,0.2,0.2724,,0.29499,,-0.189467,0.024006,-0.034374,-0.010367,-0.0195,0.033,0.08487,0.406539
2026-09-03,VMC,Vulcan Materials Company,Materials,Construction Materials,S&P 500,260.23,-1.40188,33720274944,31.16527,1029408,23,0.0089,0.718717,2026-07-29,2026-09-03,0.027,16.447,4.743,,0.025018,0.27506,0.034352,-0.21402,0,0,0,-5083149.92,0.00231,2,6,2026-09-03,1.00745,2026-09-03,0.227778,2.028757,11,-0.090909,0.090455,0.034986,0.21611,3.97814,-0.283845,-0.019826,-0.08492,-0.104745,-0.034466,0.025,0.13234,-0.121823
2026-09-03,WRB,W. R. Berkley Corporation,Financials,Property & Casualty Insurance,S&P 500,69.5,2.02583,25800312832,14.012096,2175675,17,0.0052,0.887143,2026-10-19,2026-09-03,0.15,10.162,1.76,,0.118041,0.43786,,-0.119807,0,0,0,0,0.26361,0,0,2026-09-03,0.76548,2026-09-03,0.411111,-0.308363,4,0.25,0.22325,,0.16385,2.568329,-0.232463,-0.030947,-0.022416,-0.053363,-0.027949,0.012,0.20207,-0.149608
2026-09-03,GWW,W. W. Grainger,Industrials,Industrial Machinery & Supplies & Components,S&P 500,1312.84,2.17846,61836001280,32.78821,147133,14,0.0081,0.855819,2026-11-04,2026-09-03,0.205,20.033,3.419,1.588542,0.020178,0.39395,,-0.075406,0,0,0,0,0.0628,0,0,2026-09-03,0.76876,2026-09-03,0.261111,0.686567,15,0,0.122533,,0.16072,14.968645,0.114196,0.314322,-0.021026,0.293295,,0.103,0.46091,-0.264425
2026-09-03,WAB,Wabtec,Industrials,Construction Machinery & Heavy Transportation Equipment,S&P 500,280.83,,47435231232,37.745964,861849,12,0.0026,0.881208,2026-10-21,2026-09-03,0.189,20.272,4.486,0.867305,0.023219,0.35735,,-0.08417,0,0,0,-6739935.23,0.00699,7,27,2026-09-03,0.95824,2026-09-03,0.366667,2.367408,10,0,0.0645,,0.19188,4.234724,0.264858,0.4525,-0.008543,0.443957,-0.00899,0.175,0.11553,-0.163246
2026-09-03,WMT,Walmart,Consumer Staples,Consumer Staples Merchandise Retail,S&P 500,108.42,2.19625,862814928896,38.446808,25507867,40,0.0104,0.855229,2026-11-19,2026-09-03,-0.091,21.108,1.264,-1.668709,0.008261,0.24837,,-0.19784,0,0,0,-6478627.65,0.44988,3,4,2026-09-03,0.38253,2026-09-03,0.178313,1.442221,14,-0.428571,-0.133786,0.00374,0.0345,9.150911,-0.127975,0.076713,-0.025589,0.051125,-0.013932,0.059,0.22314,0.423886
2026-09-03,DIS,Walt Disney Company (The),Communication Services,Movies & Entertainment,S&P 500,107.16,,185031770112,22.094847,6233420,31,0.0077,0.661717,2026-08-05,2026-09-03,-0.483,11.1,2.354,,0.026268,0.37595,,-0.10536,0,0,0,-1532156.84,0.00063,2,3,2026-09-03,0.78624,2026-09-03,0.116667,1.948958,13,0.076923,0.073,0.014437,0.19301,1.684853,-0.270253,-0.152735,0.061581,-0.091154,0.002076,0.068,0.0801,-0.234657
2026-09-03,WBD,Warner Bros. Discovery,Communication Services,Broadcasting,S&P 500,28.37,-7.04422,71127474176,93.793106,14295843,11,0.0031,0.316586,2026-08-06,2026-09-03,-0.906,12.96,2.797,-1.623581,0.227301,0.47811,,-0.054333,0,0,0,-52548759.15,0.04181,6,12,2026-09-03,0.79243,2026-09-03,0.311111,3.6715,14,-0.142857,-0.160071,0.085223,0.05105,2.166807,1.232965,1.363258,0.048806,1.412065,-0.038154,-0.112,-0.08786,-0.20998
2026-09-03,WM,Waste Management,Industrials,Environmental & Facilities Services,S&P 500,221.72,1.22352,88624857088,30.966482,2361619,25,0.0049,0.924754,2026-07-28,2026-09-03,0.083,14.333,4.341,-0.043064,0.026498,0.40601,,-0.106436,0,0,0,-585334.57,0.00255,1,1,2026-09-03,0.85941,2026-09-03,0.138889,2.932724,15,0,-0.296,,0.18986,8.934918,-0.183735,0.024811,-0.029446,-0.004635,-0.026711,0.04,0.29841,0.017574
2026-09-03,WAT,Waters Corporation,Health Care,Life Sciences Tools & Services,S&P 500,413.56,,40605741056,104.17128,438277,23,0.0038,0.487967,2026-08-04,2026-09-03,,31.383,9.812,,-0.003499,0.56337,,-0.029703,0,0,0,-1442930.44,0.00103,1,1,2026-09-03,1.02269,2026-09-03,0.161111,3.400714,15,-0.2,-0.085133,0.140898,0.09422,2.673372,0.166552,0.285697,0.059954,0.345652,-0.008156,1.134,0.0192,-0.211807
2026-09-03,WEC,WEC Energy Group,Utilities,Electric Utilities,S&P 500,106.7,,34768125952,20.519232,2070357,17,0.0107,0.837108,2026-07-29,2026-09-03,0.197,14.673,5.739,0.326774,-0.067695,0.41909,,-0.110166,0,0,0,-103468.4,0.00152,1,1,2026-09-03,0.87728,2026-09-03,0.227778,5.793705,15,-0.133333,-0.0418,0.043044,0.21803,2.683306,-0.198211,0.025361,-0.044472,-0.019111,-0.06422,0.026,0.11988,-0.079927
2026-09-03,WFC,Wells Fargo,Financials,Diversified Banks,S&P 500,89.19,-8.96093,269710491648,12.963663,13205216,23,0.0088,0.868549,2026-10-13,2026-09-03,0.25,,3.243,,,0,,-0.087664,0,0,0,0,0.0009,0,0,2026-09-03,0.78793,2026-09-03,0.161111,,15,0,0.197867,,0.37387,1.676693,-0.088179,0.059185,0.031735,0.09092,0.030621,0.095,0.12575,-0.078504
2026-09-03,WELL,Welltower,Real Estate,Health Care REITs,S&P 500,241.12,1.0604,173744324608,107.64285,2303962,22,0.0031,0.65909,2026-07-27,2026-09-03,0.356,57.711,15.105,,0.015863,0.3956,,-0.055172,1,1,0.2,2407650,0.00061,0,4,2026-09-03,1.00924,2026-09-03,0.172222,5.315081,15,-0.133333,0.151867,,0.16561,3.734647,0.242602,0.402011,0.019691,0.421702,0.076844,0.391,0.03836,-0.151992
2026-09-03,WST,West Pharmaceutical Services,Health Care,Health Care Supplies,S&P 500,342.73,2.91878,24119885824,43.883484,241438,15,0.0065,0.864298,2026-07-23,2026-09-03,0.181,26.311,7.214,0.157475,0.011523,0.36786,,-0.112098,0,0,0,0,0.00644,0,0,2026-09-03,1.01999,2026-09-03,0.366667,-0.130783,8,-0.125,0.130625,,0.22469,8.069172,0.20504,0.405483,-0.021343,0.38414,-0.421159,0.138,0.19087,-0.33588
2026-09-03,WDC,Western Digital,Information Technology,"Technology Hardware, Storage & Peripherals",S&P 500,441.57,-1.63288,159204065280,16.396955,5511792,24,0.0035,0.47459,2026-08-05,2026-09-03,9.841,31.751,12.293,-1.628878,0.014251,0.48851,0.104689,-0.447948,0,0,0,-3215559.8,0.00541,2,5,2026-09-03,0.9191,2026-09-03,0.166667,-0.077569,14,-0.214286,0.082143,0.139519,0.43608,22.594309,3.698128,4.020114,-0.142887,3.877227,0.202277,0.438,1.30853,-0.355571
2026-09-03,WY,Weyerhaeuser,Real Estate,Timber REITs,S&P 500,23.04,,16605758464,34.909092,6209076,11,0.006,0.657178,2026-07-30,2026-09-03,0.871,31.29,3.142,,0.00082,0.14507,-0.005928,-0.16973,0,0,0,0,0.0033,0,0,2026-09-03,0.91487,2026-09-03,0.327778,7.15407,13,-0.307692,-0.270769,0.030589,0.08034,1.759988,-0.292293,-0.063821,-0.049372,-0.113193,0.011396,-0.009,0.04974,-0.183625
2026-09-03,WSM,"Williams-Sonoma, Inc.",Consumer Discretionary,Homefurnishing Retail,S&P 500,222.76,,26236487680,22.823769,1182411,20,0.0079,0.860896,2026-08-26,2026-09-03,0.42,16.109,3.34,2.414445,0.040757,0.45692,0.045631,-0.126054,0,0,0,-8126508.76,0.01118,2,7,2026-09-03,0.98605,2026-09-03,0.194444,0.300663,15,0,0.168333,0.021786,0.17272,14.027707,-0.083753,0.140473,-0.045127,0.095346,0.023416,0.067,0.54961,0.2278
2026-09-03,WMB,Williams Companies,Energy,Oil & Gas Storage & Transportation,S&P 500,74.05,-1.47685,90575552512,29.979757,6426657,19,0.0053,0.827738,2026-08-03,2026-09-03,0.512,17.543,10.012,0.019298,-0.016746,0.63637,,-0.0753,0,0,0,-1124436.8,0.00446,1,3,2026-09-03,0.91427,2026-09-03,0.205556,4.349495,15,0,0.258667,0.040498,0.3954,6.88453,0.126215,0.297505,0.007809,0.305314,0.103712,0.078,0.21503,0.169134
2026-09-03,WTW,Willis Towers Watson,Financials,Insurance Brokers,S&P 500,342.06,1.28209,31767773184,21.19331,369909,19,0.0067,0.021744,2026-07-30,2026-09-03,-0.268,13.242,3.691,,0.044562,0.42516,,-0.030415,0,0,0,-250171.73,0.00268,1,1,2026-09-03,1.02519,2026-09-03,0.255556,1.931818,12,0.166667,0.105167,0.165205,0.17559,4.138006,-0.153406,-0.067597,0.09329,0.025693,0.005648,0.091,0.19762,-0.267306
2026-09-03,WDAY,"Workday, Inc.",Information Technology,Application Software,S&P 500,206.92,3.0119,49867718656,42.22857,2981863,38,0.0028,0.567928,2026-08-27,2026-09-03,2.06,31.675,4.947,0.51746,0.061089,0.75795,,-0.171823,0,0,0,-35733091.51,0.02199,5,33,2026-09-03,1.12576,2026-09-03,0.083333,0.232661,15,0.033333,0.107067,,0.11816,7.709676,-0.309834,-0.405095,0.274361,-0.130734,-0.053857,0.128,0.16006,-0.095579
2026-09-03,WYNN,Wynn Resorts,Consumer Discretionary,Casinos & Gaming,S&P 500,91.56,4.37073,9428288512,21.904306,1540709,20,0.0129,0.629672,2026-08-04,2026-09-03,1.061,10.39,2.535,1.242088,0.050506,0.683,,-0.320368,0,0,0,0,0.27447,0,0,2026-05-07,0.74038,2026-09-03,0.227778,5.661786,13,-0.153846,-0.019846,,0.16537,,-0.42211,-0.173546,-0.069465,-0.243011,0.011689,0.069,,0.065898
2026-09-03,XEL,Xcel Energy,Utilities,Multi-Utilities,S&P 500,76.34,1.09918,47684579328,20.915068,3419008,17,0.0046,0.83272,2026-07-30,2026-09-03,0.24,14.261,5.974,-0.281394,-0.16584,0.46825,,-0.093672,0,0,0,0,0.00201,0,0,2026-09-03,0.98183,2026-09-03,0.277778,6.472808,12,-0.25,0.2345,,0.227,1.981416,-0.140162,0.072286,-0.033348,0.038938,0.018991,-0.051,0.0992,0.01704
2026-09-03,XYL,Xylem Inc.,Industrials,Industrial Machinery & Supplies & Components,S&P 500,107.89,1.07739,25190891520,25.445755,1637809,16,0.0033,0.856054,2026-07-28,2026-09-03,0.195,13.759,2.982,,0.046991,0.3924,0.024586,-0.300642,0,0,0,0,0.00334,0,0,2026-09-03,0.97766,2026-09-03,0.355556,0.899393,8,0.125,0.040375,0.01981,0.16995,2.2892,-0.419709,-0.156205,-0.084404,-0.240609,-0.011855,0.015,0.09183,-0.058559
2026-09-03,YUM,Yum! Brands,Consumer Discretionary,Restaurants,S&P 500,152.54,,41628332032,19.211586,1539070,22,0.007,0.706641,2026-11-03,2026-09-03,1.316,17.718,6.232,0.343519,0.020016,0.45311,,-0.103444,0,0,0,-1933571.06,0.00161,4,6,2026-09-03,0.91493,2026-09-03,0.172222,4.149609,15,0,0.022933,0.014623,0.3278,,-0.132828,0.050911,-0.004639,0.046272,-0.03012,0.122,,-0.07874
2026-09-03,ZBRA,Zebra Technologies,Information Technology,Electronic Equipment & Instruments,S&P 500,357.5,1.81995,16913560576,32.738094,416388,15,0.0025,0.755885,2026-11-03,2026-09-03,1.215,16.654,3.372,-0.095745,0.0341,0.49581,0.053454,-0.074386,0,0,0,-1502040,0.00852,2,2,2026-09-03,1.05901,2026-09-03,0.3,2.369088,12,0.166667,0.21575,0.021726,0.21259,4.932055,-0.060202,-0.03336,0.152257,0.118897,0.06121,0.204,0.15286,-0.28138
2026-09-03,ZBH,Zimmer Biomet,Health Care,Health Care Equipment,S&P 500,98.92,,18867773440,24.009708,1275980,21,0.0066,0.859822,2026-08-05,2026-09-03,0.338,10.181,3.057,-0.183296,0.057818,0.69877,,-0.074476,0,0,0,0,0.00158,0,0,2026-09-03,1.11431,2026-09-03,0.183333,2.793425,15,-0.066667,0.140533,0.015176,0.1796,1.493538,-0.238023,-0.104375,0.045452,-0.058924,-0.045033,0.048,0.06413,-0.40139
2026-09-03,ZTS,Zoetis,Health Care,Pharmaceuticals,S&P 500,76.29,15.7546,31524829184,12.425082,3129059,15,0.0067,0.91836,2026-08-06,2026-09-03,0.012,9.617,4.105,0.217805,0.063981,0.71738,,-0.508282,0,0,0,0,0.00164,0,0,2026-09-03,1.00226,2026-09-03,0.3,1.863994,12,0.083333,0.094833,,0.40721,10.382064,-0.682295,-0.511597,0.008401,-0.503196,-0.031543,-0.002,0.64911,-0.30251
2026-09-03,AA,Alcoa,Materials,Aluminum,S&P 400,51.05,0,13472576512,10.613306,2552853,12,0.0084,0.416116,2026-10-15,2026-09-03,1.468,6.237,1.06,-3.638743,0.071312,0.1979,,-0.394999,0,0,0,-1347230.55,0.00516,4,4,2026-09-03,0.85916,2026-09-03,0.3,0.377759,14,-0.142857,-0.0525,,0.18356,1.828045,0.424733,0.55827,0.045562,0.603833,0.366356,0.314,0.18227,-0.291087
2026-09-03,AAL,American Airlines Group,Industrials,Passenger Airlines,S&P 400,12.97,-1.06788,8585750016,42.629032,55602509,23,0.0041,0.013657,2026-07-23,2026-09-03,-0.882,10.662,0.616,,0.060478,0.21239,,-0.309739,,,,,0.01514,,,,0.78906,2026-09-03,0.177778,8.116251,14,-0.142857,-0.027857,0.038891,0.02814,,-0.176806,0.162181,-0.159887,0.002294,0.054361,0.163,,-0.39881
2026-09-03,AAON,AAON,Industrials,Building Products,S&P 400,77.98,4.50282,6429734912,41.042107,1247236,3,0.0045,0.75094,2026-08-10,2026-09-03,2.579,22.935,3.561,-1.792449,-0.033245,0.25569,-0.022309,-0.481723,,,,,0.1673,,,,0.82054,2026-09-03,0.616667,1.506617,1,0,-0.103,0.047467,0.10987,6.363117,-0.259568,0.122453,-0.202921,-0.080468,0.46931,1.012,0.17284,-0.054605
2026-09-03,ACI,Albertsons,Consumer Staples,Food Retail,S&P 400,12.59,,6110250496,78.6875,4371180,16,0.0078,0.723057,2026-07-23,2026-09-03,-0.585,6.147,0.258,,0.286958,0.2704,-0.001593,-0.3705,,,,,0.01197,,,,0.96481,2026-09-03,0.238889,4.400417,15,0,0.0824,0.005944,0.01428,3.815152,-0.524325,-0.316826,-0.028399,-0.345226,0.011525,0.002,0.02717,-0.270158
2026-09-03,ACM,AECOM,Industrials,Construction & Engineering,S&P 400,66.83,,8600781824,23.449123,1502463,12,0.0038,0.515998,2026-08-10,2026-09-03,-0.553,11.93,0.722,1.997371,0.044168,0.05678,-0.08774,-0.506862,0,0,0,0,0.00489,0,0,2026-05-07,0.96166,2026-09-03,0.333333,2.478092,12,0.083333,0.213667,0.027873,-0.01844,3.921488,-0.654222,-0.449795,-0.025327,-0.475122,-0.149598,-0.142,0.16605,0.39937
2026-09-03,ADC,Agree Realty,Real Estate,Retail REITs,S&P 400,72.73,13.7693,9071389696,39.102154,1345023,18,0.0033,0.922534,2026-07-30,2026-09-03,0.021,19.259,16.702,,0.049362,0.87656,,-0.113913,,,,,0.01761,,,,1.1771,2026-09-03,0.216667,5.640639,15,0,0.249533,0.022544,0.48116,1.423566,-0.17035,0.059522,-0.050773,0.00875,-0.018602,0.168,0.03705,-0.176317
2026-09-03,AEIS,Advanced Energy,Information Technology,Semiconductor Materials & Equipment,S&P 400,274.3,2.27823,10985835520,49.512634,572800,12,0.0066,0.524485,2026-08-03,2026-09-03,0.934,31.066,5.381,-1.345652,0.003112,0.3996,0.04115,-0.309833,0,0,0,-8932471.86,0.01058,4,22,2026-09-03,1.024,2026-09-03,0.283333,-0.055808,15,-0.133333,0.490333,0.061389,0.17018,7.535093,0.565339,0.851251,-0.106812,0.744439,0.037364,0.3,0.16267,-0.334192
2026-09-03,AFG,American Financial Group,Financials,Multi-line Insurance,S&P 400,144.34,1.22019,11968883712,12.464594,181610,6,0.0062,0.865822,2026-08-04,2026-09-03,0.443,8.825,1.55,,0.011885,0.20156,,-0.037862,0,0,0,-15379368.65,0.20265,5,6,2026-09-03,0.68519,2026-09-03,0.35,0.366078,15,-0.066667,0.1644,0.021454,0.17241,2.4825,-0.150611,0.016494,0.011995,0.028489,0.056171,0.058,0.20413,-0.315648
2026-09-03,AGCO,AGCO,Industrials,Agricultural & Farm Machinery,S&P 400,125.82,,8811392000,17.523678,1707147,15,0.0042,0.271979,2026-07-30,2026-09-03,-0.744,11.288,1.103,0.023843,0.0511,0.25267,-0.002443,-0.124913,,,,,0.17977,,,,0.98335,2026-09-03,0.266667,2.288553,14,0.142857,0.162286,0.046552,0.05729,2.158444,-0.024117,0.026772,0.12821,0.154982,-0.152201,-0.01,0.11827,0.564268
2026-09-03,AHR,American Healthcare REIT,Real Estate,Health Care REITs,S&P 400,55.76,,12155611136,82,2851098,15,0.0047,0.374655,2026-08-06,2026-09-03,1.575,30.425,5.434,,0.032634,0.1928,,-0.050085,0,0,0,-1499632.5,0.00607,2,3,2026-09-03,0.9923,2026-09-03,0.266667,3.150521,14,0,0.062571,0.011482,0.0683,2.938294,0.13637,0.30291,0.012559,0.315469,0.039057,0.247,0.03951,-0.245275
2026-09-03,AIT,Applied Industrial Technologies,Industrials,Trading Companies & Distributors,S&P 400,322.46,,11833912320,29.421532,254100,6,0.0029,0.95629,2026-08-13,2026-09-03,0.134,19.812,2.454,,0.030661,0.30338,,-0.139648,0,0,0,-1291648.96,0.00764,2,2,2026-09-03,0.98657,2026-09-03,0.433333,0.579088,10,0,0.0546,,0.11774,6.547544,0.013056,0.243268,-0.051113,0.192156,0.045087,0.104,0.22369,-0.067461
2026-09-03,ALGM,Allegro MicroSystems,Information Technology,Semiconductors,S&P 400,35.56,,6628456960,508.00003,2463359,11,0.0062,0.045753,2026-07-30,2026-09-03,,50.21,7.159,,0.015614,0.47375,0.035658,-0.504528,,,,,0.3254,,,,0.80544,2026-09-03,0.461111,1.052648,5,-0.2,0.3062,0.060596,0.09824,6.871498,-0.018812,0.393958,-0.23367,0.160288,0.085816,0.275,0.01527,-0.245943
2026-09-03,ALK,Alaska Air Group,Industrials,Passenger Airlines,S&P 400,41.4,,4620369408,82.581635,1712400,16,0.0068,0.077095,2026-07-21,2026-09-03,,13.619,0.649,-0.202703,-0.00514,0.17713,,-0.371585,,,,,0.00598,,,,0.94451,2026-09-03,0.288889,7.046941,12,0,0.131667,,-0.02927,1.25855,-0.516944,-0.220171,-0.117673,-0.337844,,0.097,-0.04598,-0.209077
2026-09-03,ALLY,Ally Financial,Financials,Consumer Finance,S&P 400,43.59,2.18003,13260063744,10.256471,2710884,18,0.0056,0.50764,2026-07-21,2026-09-03,0.135,,3.843,,,0,,-0.078241,0,0,0,-221168,0.09646,1,1,2026-09-03,0.88922,2026-09-03,0.233333,,14,-0.285714,0.122429,,0.25271,0.982244,-0.152879,0.04298,-0.01676,0.026221,-0.266067,0.11,0.09681,0.001187
2026-09-03,ALSN,Allison Transmission,Industrials,Construction Machinery & Heavy Transportation Equipment,S&P 400,128.44,1.36533,10606323712,20.037443,531178,10,0.0087,0.858647,2026-08-03,2026-09-03,-0.061,12.153,3.272,0.068966,0.019894,0.37846,-0.166223,-0.066705,,,,,0.00733,,,2026-09-03,1.07092,2026-09-03,0.455556,3.202532,6,0,0.202333,0.06644,0.19093,5.365079,0.240939,0.354266,0.065772,0.420038,0.088324,0.924,0.28349,-0.222458
2026-09-03,ALV,Autoliv,Consumer Discretionary,Automotive Parts & Equipment,S&P 400,125.05,3.20212,9158313984,14.746464,609157,17,0.0078,0.856765,2026-10-23,2026-09-03,-0.375,7.044,0.991,-3.427603,0.081033,0.19298,-0.003007,-0.05387,,,,,0.00364,,,,0.84694,2026-09-03,0.244444,1.162283,14,0.142857,0.1205,0.010252,0.09597,3.678049,-0.213063,-0.068967,0.035004,-0.033963,-0.035089,0.033,0.25858,-0.200881
2026-09-03,AM,Antero Midstream,Energy,Oil & Gas Storage & Transportation,S&P 400,22.46,,10661177344,27.06024,2112990,7,0.0064,0.903436,2026-07-29,2026-09-03,-0.08,,,,0.040579,0.79645,,-0.057688,0,0,0,-458510,0.30628,2,2,2026-09-03,0.60982,2026-09-03,0.338889,3.778248,15,0,0.029333,0.019835,0.52005,5.480722,0.065234,0.237683,0.006651,0.244334,-0.008011,0.083,0.19822,-0.150267
2026-09-03,AMG,Affiliated Managers Group,Financials,Asset Management & Custody Banks,S&P 400,366.18,2.72393,9469389824,12.514695,444963,7,0.0092,0.707938,2026-07-30,2026-09-03,1.482,21.31,5.872,1.410368,0.029271,0.50273,,-0.068055,,,,,0.04233,,,,1.00798,2026-09-03,0.372222,4.309783,13,0,0.217615,,0.30357,3.133869,0.368886,0.533863,0.014122,0.547985,0.201806,0.299,0.24257,-0.128035
2026-09-03,AMH,American Homes 4 Rent,Real Estate,Single-Family Residential REITs,S&P 400,32.71,,13409529856,26.168,2491643,22,0.004,0.871219,2026-07-30,2026-09-03,0.106,17.999,9.334,,0.061324,0.56647,,-0.067294,2,2,0.4,341051.5,0.07892,0,13,2026-09-03,0.93353,2026-09-03,0.322222,5.208013,6,-0.166667,-0.0875,,0.25921,1.72895,-0.232471,-0.021083,-0.032289,-0.053372,0.037528,0.028,0.07084,-0.253121
2026-09-03,AMKR,Amkor Technology,Information Technology,Semiconductors,S&P 400,46.94,,11662359552,21.049326,3874779,10,0.0048,0.689431,2026-07-27,2026-09-03,2.182,8.959,1.59,1.233325,-0.032479,0.15511,,-0.514481,0,0,0,-3530037,0.49913,5,6,2026-09-03,0.4883,2026-09-03,0.330022,0.122271,14,0.071429,0.149214,,0.10532,2.503066,0.735267,1.136235,-0.221869,0.914367,0.0423,0.256,0.12514,-0.217747
2026-09-03,AN,AutoNation,Consumer Discretionary,Automotive Retail,S&P 400,207.18,,6849537536,9.543068,372574,13,0.0079,0.795093,2026-07-31,2026-09-03,1.385,11.961,0.66,-0.662198,0.051993,0.17835,-0.005216,-0.121411,,,,,0.01525,,,,1.01452,2026-09-03,0.272222,7.441768,15,-0.133333,0.020067,0.006952,0.04449,3.038142,-0.266931,-0.112854,0.025022,-0.087831,0.014277,-0.006,0.32767,-0.113383
2026-09-03,ANF,Abercrombie & Fitch,Consumer Discretionary,Apparel Retail,S&P 400,143.54,5.08052,6377727488,12.395509,1471633,10,0.0039,0.82235,2026-08-26,2026-09-03,0.433,7.919,1.301,0.909531,0.064795,0.63675,0.00187,-0.071419,,,,,0.02123,,,,1.10348,2026-09-03,0.322222,0.740283,14,-0.071429,-0.022857,0.028813,0.19941,4.638102,0.253217,0.067065,0.365251,0.432316,-0.052494,0.048,0.40609,1.326544
2026-09-03,APG,APi Group,Industrials,Construction & Engineering,S&P 400,40.03,1.70223,17299376128,,4281580,11,0.007,0.063775,2026-07-30,2026-09-03,0.25,18.787,2.405,2.15942,0.037494,0.31441,,-0.19924,0,0,0,-110811336.35,0.1221,4,9,2026-09-03,0.86855,2026-09-03,0.294444,2.769444,15,-0.2,0.056067,,0.09051,4.735036,-0.053241,0.15194,-0.026081,0.125858,0.02371,0.133,0.10348,-0.098064
2026-09-03,APPF,AppFolio,Information Technology,Application Software,S&P 400,223.57,,7918177280,51.04338,319837,8,0.0065,0.885128,2026-07-23,2026-09-03,0.182,39.714,7.429,,0.025122,0.63532,,-0.225691,,,,,0.03954,,,,0.99505,2026-09-03,0.394444,-0.954863,11,-0.090909,0.167364,0.019939,0.18845,15.049139,-0.375955,-0.37744,0.180584,-0.196856,-0.011111,0.193,0.3209,-0.111656
2026-09-03,AR,Antero Resources,Energy,Oil & Gas Exploration & Production,S&P 400,39.69,,12202253312,11.339999,2469858,20,0.0064,0.438123,2026-07-29,2026-09-03,0.799,,,,0.032061,0.67154,,-0.132459,0,0,0,0,0.04407,0,0,2026-09-03,0.91536,2026-09-03,0.194444,1.991977,15,0,-0.136933,0.139257,0.26017,1.47229,0.034573,0.105193,0.10848,0.213673,-0.235754,0.126,0.14216,-0.255232
2026-09-03,ARMK,Aramark,Consumer Discretionary,Distributors,S&P 400,57.28,,15100441600,39.777775,1811318,16,0.0076,0.795168,2026-08-11,2026-09-03,0.333,14.625,1.064,-1.069712,0.024777,0.15292,,-0.085714,0,0,0,-4310717.78,0.00691,1,2,2026-09-03,1.00632,2026-09-03,0.338889,4.118992,9,0.111111,0.199556,0.003547,0.04422,4.447895,0.270057,0.454588,-0.005431,0.449157,-0.053504,0.093,0.11694,-0.16514
2026-09-03,ARW,Arrow Electronics,Information Technology,Technology Distributors,S&P 400,210.87,1.31648,10734426112,13.295712,288229,4,0.0067,0.671903,2026-08-06,2026-09-03,0.465,8.659,0.354,,0.068272,0.11271,0.000648,-0.11149,,,,,0.00515,,,2026-09-03,1.06105,2026-09-03,0.438889,1.309661,11,0.181818,0.109727,0.00571,0.0395,1.534448,0.4636,0.638354,0.004346,0.642699,-0.072057,0.318,0.12036,-0.164906
2026-09-03,ARWR,Arrowhead Pharmaceuticals,Health Care,Biotechnology,S&P 400,86.49,1.31193,12217098240,46.471878,1370547,11,0.0107,0.286508,2026-08-04,2026-09-03,,-59.806,17.923,,-0.00398,1,,-0.094251,0,0,0,-1186600,0.03657,2,2,2026-09-03,0.85608,2026-09-03,0.444444,1.088818,6,-0.166667,-0.054,,0.15456,26.224983,1.7571,1.903284,0.032915,1.936199,0.005507,1.71,-0.55207,-0.42856
2026-09-03,ASB,Associated Bank,Financials,Regional Banks,S&P 400,30.91,1.07914,5837343232,10.695501,1614299,10,0.0078,0.894429,2026-07-23,2026-09-03,-0.031,,6.328,,,0,,-0.047751,,,,,0.12512,,,,0.81888,2026-09-03,0.355556,,12,0.083333,0.196333,,0.41343,1.058018,-0.031202,0.150968,-0.00307,0.147898,0.033043,0.235,0.09695,-0.164253
2026-09-03,ASH,Ashland Global,Materials,Diversified Chemicals,S&P 400,73.2,-1.3743,3352074496,47.532467,482944,11,0.0111,0.26488,2026-07-28,2026-09-03,-0.475,12.055,2.382,,0.080286,0.33388,0.056955,-0.064537,,,,,0.01176,,,,1.1958,2026-09-03,0.311111,2.846154,14,-0.071429,-0.202286,0.521224,0.11469,1.792536,0.172567,0.308185,0.043481,0.351666,0.067171,0.073,0.0399,-0.380735
2026-09-03,ATI,ATI Inc.,Industrials,Aerospace & Defense,S&P 400,204.54,1.41306,27852290048,59.982403,1608242,9,0.0067,0.817644,2026-08-06,2026-09-03,0.557,32.049,6.232,0.295724,0.012447,0.23647,,-0.160241,0,0,0,-30156619.26,0.00867,2,21,2026-09-03,0.95717,2026-09-03,0.416667,1.536867,9,-0.111111,0.118333,,0.18198,14.841097,1.418994,1.585765,0.012329,1.598094,0.038972,0.106,0.25357,0.316454
2026-09-03,ATR,AptarGroup,Materials,"Metal, Glass & Plastic Containers",S&P 400,128.31,-1.54992,8158094336,23.54312,339980,7,0.0045,0.848021,2026-10-29,2026-09-03,-0.186,11.797,2.395,0.518219,0.032603,0.3607,,-0.126608,,,,,0.00855,,,,0.99032,2026-09-03,0.338889,1.520908,15,0.066667,-0.003533,0.013886,0.12494,3.1049,-0.238903,-0.038333,-0.021471,-0.059804,-0.045073,0.063,0.13459,-0.223028
2026-09-03,AVAV,AeroVironment,Industrials,Aerospace & Defense,S&P 400,147.21,1.25181,7481597440,,2382184,19,0.0043,0.243598,2026-09-09,2026-09-03,,39.175,3.857,,-0.033601,0.25325,,-0.647705,,,,,0.00904,,,,0.88192,2026-09-03,0.205556,1.040378,15,0.266667,0.180133,,0.02812,1.686815,-0.536009,-0.284511,-0.072398,-0.356909,0.160103,1.333,-0.10029,-0.231781
2026-09-03,AVNT,Avient,Materials,Specialty Chemicals,S&P 400,42.91,-1.55999,3935685888,23.576921,480070,7,0.0083,0.610836,2026-08-06,2026-09-03,0.228,9.201,1.621,-2.446809,0.067025,0.32994,,-0.079974,,,,,0.00851,,,,1.08179,2026-09-03,0.438889,2.47137,9,-0.111111,0.080444,,0.1277,1.61504,-0.010467,0.095362,0.073271,0.168633,0.148392,0.058,0.0711,-0.21011
2026-09-03,AVT,Avnet,Information Technology,Technology Distributors,S&P 400,90.82,,7453867520,22.648378,762341,4,0.0055,0.807571,2026-08-05,2026-09-03,0.129,11.412,0.39,,-0.017352,0.10429,-0.00679,-0.0918,,,,,0.01429,,,,1.10561,2026-09-03,0.422222,3.516804,12,0.083333,0.239,0.00474,0.03852,1.484254,0.5017,0.662946,0.017853,0.680799,0.223701,0.477,0.06665,-0.160505
2026-09-03,AVTR,Avantor,Health Care,Life Sciences Tools & Services,S&P 400,15.19,3.68601,10273890304,,9319048,14,0.0099,0.098219,2026-07-29,2026-09-03,-0.374,14.48,2.083,-0.253778,0.043833,0.31825,-0.021626,-0.046453,,,,,0.01499,,,,1.05404,2026-09-03,0.444444,3.593303,4,0,0.253,0.162268,0.07162,1.825063,-0.06841,-0.113935,0.224625,0.11069,0.052846,0.005,-0.09701,-0.351114
2026-09-03,AXTA,Axalta,Materials,Specialty Chemicals,S&P 400,35.97,,7698299904,21.932928,1061316,14,0.0061,0.797666,2026-07-28,2026-09-03,-0.18,10.272,1.977,0.551247,0.07008,0.34039,,-0.068376,,,,,0.00444,,,,1.07997,2026-09-03,0.344444,2.456105,10,-0.1,-0.0165,0.020355,0.15156,3.052185,-0.054335,0.097895,0.026869,0.124764,0.017903,0.031,0.14344,-0.2235
2026-09-03,AYI,Acuity Brands,Industrials,Electrical Components & Equipment,S&P 400,328.47,,9832929280,21.796284,255210,7,0.0045,0.846258,2026-10-01,2026-09-03,0.462,13.621,2.205,0.352969,0.047521,0.4867,0.022383,-0.135992,,,,,0.00422,,,,1.03035,2026-09-03,0.488889,0.526076,6,0,0.049333,0.01579,0.16052,3.444237,-0.201977,0.019084,-0.041961,-0.022877,-0.032631,0.016,0.17378,-0.504976
2026-09-03,BAH,Booz Allen Hamilton,Industrials,Research & Consulting Services,S&P 400,73.88,,8886653952,11.489891,1710338,13,0.0043,0.749122,2026-07-24,2026-09-03,-0.245,9.965,1.127,,0.096873,0.2242,,-0.322823,,,,,0.01211,,,,1.00512,2026-09-03,0.288889,2.884462,14,0,-0.025357,0.027217,0.09964,7.393175,-0.464898,-0.344057,0.058259,-0.285798,0.059409,-0.042,0.68637,-0.352792
2026-09-03,BBWI,"Bath & Body Works, Inc.",Consumer Discretionary,Other Specialty Retail,S&P 400,18.97,2.37452,3825211392,4.979002,5717325,15,0.0079,0.744667,2026-08-26,2026-09-03,0.933,5.91,1.079,1.758701,0.199891,0.43043,0.043898,-0.407743,,,,,0.00531,,,,1.0624,2026-09-03,0.333333,3.00152,10,0,0.1459,0.021401,0.09577,,-0.549042,-0.310168,-0.059774,-0.369942,0.009708,-0.023,,0.344579
2026-09-03,BC,Brunswick,Consumer Discretionary,Leisure Products,S&P 400,72.76,-2.26997,4714660864,,822513,17,0.0043,0.180922,2026-07-30,2026-09-03,0.875,11.134,1.193,-0.421484,0.077643,0.25947,,-0.193795,,,,,0.00868,,,,1.06809,2026-09-03,0.227778,3.318747,15,0,-0.226,0.085408,0.06804,2.81046,-0.061399,0.212457,-0.094757,0.1177,-0.051354,0.077,-0.04827,-0.040728
2026-09-03,BCO,Brink's,Industrials,Security & Alarm Services,S&P 400,106.35,-1.04215,4379602432,24.618053,400387,2,0.0029,0.851115,2026-08-05,2026-09-03,0.041,8.385,1.352,-2.224903,0.089332,0.26431,,-0.220136,,,,,0.0106,,,,1.13698,2026-09-03,0.411111,3.278262,14,0.142857,0.147571,0.009345,0.09502,14.112262,-0.23381,-0.014693,-0.040017,-0.05471,-0.032404,0.071,0.46236,-0.272798
2026-09-03,BDC,Belden Inc.,Information Technology,Electronic Components,S&P 400,118.92,2.72978,4647178752,18.78673,447231,4,0.0064,0.853119,2026-07-30,2026-09-03,0.137,12.047,1.97,0.413254,0.02329,0.3766,0.006638,-0.256704,,,,,0.0156,,,,1.08966,2026-09-03,0.388889,2.124998,14,0.142857,0.213,0.008715,0.13171,3.34769,-0.285545,-0.124275,0.01783,-0.106445,0.00187,0.116,0.18644,-0.277764
2026-09-03,BHF,Brighthouse Financial,Financials,Life & Health Insurance,S&P 400,53.71,16.7848,3088946176,4.259318,629826,6,0.0031,0.015392,2026-11-05,2026-09-03,-0.821,,0.89,,-0.170547,0.3544,,-0.195958,,,,,0.01418,,,,0.93409,2026-09-03,0.45,,9,0.185222,0.418333,,0.77778,0.471566,0.057524,0.35027,-0.113647,0.236624,0.289529,0.867,0.13535,0.214245
2026-09-03,BILL,Bill Holdings,Information Technology,Application Software,S&P 400,50.86,4.30681,4337177088,,2234846,20,0.0043,0.144247,2026-08-19,2026-09-03,,42.926,2.599,,0.051378,0.83938,0.003874,-0.110995,,,,,0.04296,,,,1.18179,2026-09-03,0.211111,-0.400224,14,-0.285714,0.148857,0.06009,0.09702,1.326206,-0.233038,-0.191075,0.137136,-0.053939,-0.008787,0.138,-0.00302,-0.121908
2026-09-03,BIO,Bio-Rad Laboratories,Health Care,Life Sciences Tools & Services,S&P 400,387.9,-15.7014,10371738624,47.420536,148022,5,0.0093,0.154599,2026-08-04,2026-09-03,0.187,22.956,3.91,0.544061,0.027304,0.52041,0.001256,-0.021023,,,,,0.16359,,,,0.9144,2026-09-03,0.361111,-0.562585,15,0,0.0616,0.035011,0.11183,1.445753,0.135967,0.147709,0.167357,0.315066,-0.012366,-0.001,0.0311,-0.083325
2026-09-03,BJ,BJ's Wholesale Club,Consumer Staples,Consumer Staples Merchandise Retail,S&P 400,93.19,,11771266048,20.302832,1325609,20,0.0082,0.89269,2026-08-21,2026-09-03,0.193,12.507,0.636,-0.741388,0.020955,0.18244,,-0.119021,0,0,0,-9412613.08,0.00638,2,8,2026-09-03,1.1146,2026-09-03,0.444444,2.363879,0,0.066667,0.259133,0.003307,0.04053,5.362527,-0.222914,-0.052336,0.008521,-0.043814,0.058728,0.157,0.27673,0.2825
2026-09-03,BKH,Black Hills Corporation,Utilities,Multi-Utilities,S&P 400,73.3,,5589355520,18.463476,1002290,5,0.0054,0.567227,2026-08-05,2026-09-03,0.316,12.026,4.389,1.709246,-0.01391,0.39716,,-0.068497,,,,,0.00482,,,,1.04422,2026-09-03,0.394444,5.26978,13,-0.076923,0.210692,0.035523,0.21422,1.417466,0.037017,0.220766,-0.004649,0.216117,0.061862,0.031,0.07958,-0.198813
2026-09-03,BMRN,BioMarin Pharmaceutical,Health Care,Biotechnology,S&P 400,66.43,,12859105280,179.54054,1477672,26,0.0074,0.580661,2026-08-06,2026-09-03,-0.813,25.084,4.752,3.227704,0.006622,0.50968,,-0.064103,0,0,0,-1163748.19,0.00345,1,1,2026-09-03,1.0379,2026-09-03,0.211111,5.157442,10,-0.3,0.1554,,0.21162,2.033737,0.000989,0.112277,0.067811,0.180088,0.035646,0.199,0.01182,-0.127602
2026-09-03,BRKR,Bruker,Health Care,Health Care Equipment,S&P 400,59.41,,9051666432,,1208639,12,0.0033,0.014113,2026-08-04,2026-09-03,-0.818,19.916,3.079,0.062054,0.019879,0.48477,,-0.090199,,,,,0.26966,,,,0.95992,2026-09-03,0.35,3.08686,11,0,-0.024909,,0.09875,3.800781,0.73527,0.903496,0.010873,0.914369,0.012002,0.052,-0.02998,-0.101229
2026-09-03,BROS,Dutch Bros Inc.,Consumer Discretionary,Restaurants,S&P 400,46.24,-3.92686,8110331392,67.014496,4969393,25,0.0101,0.716592,2026-08-05,2026-09-03,0.373,23.267,3.981,,0.000212,0.25097,,-0.375338,,,,,0.05181,,,,0.95704,2026-09-03,0.138889,2.913051,15,-0.066667,0.015733,0.018256,0.12876,7.993086,-0.449636,-0.038799,-0.231738,-0.270537,0.017114,0.325,0.14562,0.005626
2026-09-03,BRX,Brixmor Property Group,Real Estate,Retail REITs,S&P 400,29.27,,8982153216,20.907143,2711418,18,0.0129,0.830563,2026-10-26,2026-09-03,-0.141,15.366,10.132,,0.067148,0.7515,,-0.109251,,,,,0.00917,,,,1.05879,2026-09-03,0.416667,5.627097,3,0.333333,0.293,,0.36018,2.972479,-0.136546,0.094371,-0.051818,0.042553,-0.007958,0.043,0.14413,-0.059509
2026-09-03,BSY,Bentley Systems,Information Technology,Application Software,S&P 400,35.59,1.33827,10751485952,39.544445,1544656,15,0.0076,0.809818,2026-08-06,2026-09-03,0.148,26.003,7.592,,0.037016,0.81845,0.008753,-0.378341,0,0,0,0,0.45546,0,0,2026-09-03,0.55183,2026-09-03,0.45,2.395618,3,0,0,0.03656,0.25,9.177411,-0.526311,-0.397821,0.050609,-0.347212,-0.016716,0.128,0.24517,-0.336707
2026-09-03,BTSG,BrightSpring Health Services,Health Care,Health Care Services,S&P 400,61.43,1.95851,12154800128,54.848213,2108332,17,0.0087,0.403637,2026-07-31,2026-09-03,1.966,23.139,1.009,,0.084612,0.12382,-0.047632,-0.167051,0,0,0,0,0.03125,0,0,2026-09-03,1.08377,2026-09-03,0.427778,2.931106,3,0.666667,0.407,0.019676,0.03367,6.178216,1.321938,1.561817,-0.060779,1.501038,0.02812,0.23,0.13036,-0.455406
2026-09-03,BURL,Burlington Stores,Consumer Discretionary,Apparel Retail,S&P 400,258.56,,16241497088,23.085714,1337173,16,0.0084,0.762209,2026-08-27,2026-09-03,0.959,15.759,1.756,-0.943967,0.006611,0.44084,,-0.316575,0,0,0,-12308890.29,0.00564,3,30,2026-09-03,1.05019,2026-09-03,0.238889,3.823327,15,0,0.014133,,0.06718,8.111686,-0.296304,0.110566,-0.227771,-0.117205,-0.030885,0.11,0.41413,1.274991
2026-09-03,BWA,BorgWarner,Consumer Discretionary,Automotive Parts & Equipment,S&P 400,65.73,,13386989568,32.22059,1199564,16,0.0063,0.819411,2026-08-05,2026-09-03,0.301,7.456,1.058,,0.079648,0.19325,,-0.166075,1,1,0.2,-5420378.67,0.00614,6,9,2026-09-03,1.0945,2026-09-03,0.238889,0.794204,15,0.2,0.1508,,0.10636,2.381608,0.307331,0.480302,0.006129,0.486431,-0.117497,0.003,0.08056,-0.274481
2026-09-03,BWXT,BWX Technologies,Industrials,Aerospace & Defense,S&P 400,160.25,2.94212,14682423296,40.36524,1227372,14,0.0089,0.909703,2026-08-03,2026-09-03,0.141,33.776,4.58,1.139524,0.009918,0.22082,,-0.337317,0,0,0,-1725006.53,0.00353,1,4,2026-09-03,0.94378,2026-09-03,0.261111,2.962681,15,-0.2,0.120733,,0.10393,11.002403,-0.227804,0.024864,-0.073569,-0.048704,-0.055852,0.18,0.28289,0.274945
2026-09-03,BYD,Boyd Gaming,Consumer Discretionary,Casinos & Gaming,S&P 400,77.79,1.42113,5651865088,3.451198,821756,16,0.0069,0.396765,2026-07-23,2026-09-03,-0.049,7.316,2.094,-0.013841,0.050242,0.59126,,-0.148999,,,,,0.31968,,,,0.7647,2026-09-03,0.238889,2.50122,15,0.066667,0.073133,,0.20891,2.274561,-0.291984,-0.027521,-0.085364,-0.112885,,0,0.93085,-0.080077
2026-09-03,CACI,CACI International,Industrials,Diversified Support Services,S&P 400,630,2.56076,13922710528,25.444265,244240,14,0.0056,0.89255,2026-08-05,2026-09-03,-0.012,16.076,1.998,-0.255452,0.04384,0.33204,,-0.078274,0,0,0,0,0.01082,0,0,2026-09-03,1.05017,2026-09-03,0.427778,4.366262,5,-0.2,0.0502,,0.10051,3.119723,0.1156,0.140104,0.154595,0.294699,0.006005,0.176,0.12824,-0.095359
2026-09-03,CAR,Avis Budget Group,Industrials,Passenger Ground Transportation,S&P 400,138.51,,4892969472,,335562,7,0.0082,0.104615,2026-07-28,2026-09-03,8.8,21.846,2.871,,0.223407,0.27385,,-0.836605,,,,,0.01424,,,,1.18052,2026-09-03,0.338889,18.562052,15,-0.2,-0.243267,,0.1491,,-0.297093,-0.039033,-0.07896,-0.117993,0.029945,-0.013,,-0.344356
2026-09-03,CART,Maplebear Inc.,Consumer Staples,Food Retail,S&P 400,51.72,,11973183488,28.262295,2818902,28,0.0098,0.813012,2026-08-06,2026-09-03,0.081,18.171,2.844,,0.076661,0.72577,-0.021756,-0.018037,0,0,0,-10647976.7,0.1129,5,6,2026-09-03,0.81202,2026-09-03,0.105556,-1.3056,15,-0.133333,-0.2294,0.036571,0.14094,5.190687,-0.041321,0.052756,0.085023,0.137779,0.005129,0.141,0.16001,-0.28828
2026-09-03,CAVA,Cava Group,Consumer Discretionary,Restaurants,S&P 400,61.67,-19.4211,7203438080,110.125,1801956,24,0.0168,0.245478,2026-08-11,2026-09-03,0.198,45.375,5.305,,-0.0001,0.37733,-0.005825,-0.375747,0,0,0,-4061793.35,0.05749,3,3,2026-05-07,0.90034,2026-09-03,0.333333,0.530053,4,-0.5,0.21875,0.050344,0.0762,8.562899,-0.25174,0.033903,-0.106543,-0.07264,0.259536,0.313,0.08323,-0.333585
2026-09-03,CBSH,Commerce Bancshares,Financials,Regional Banks,S&P 400,58.37,,8372135936,14.201945,1103025,9,0.0083,0.919249,2026-07-16,2026-09-03,0.012,,3.637,1.037851,,0,,-0.041858,,,,,0.02495,,,,0.78151,2026-09-03,0.4,,10,0.1,0.1589,,0.45125,1.930863,-0.191946,-0.006984,-0.005862,-0.012847,,0.142,0.14694,-0.276281
2026-09-03,CBT,Cabot Corp,Materials,Diversified Chemicals,S&P 400,81.19,-1.99178,4191921664,23.197144,343380,6,0.0083,0.725391,2026-08-03,2026-09-03,-0.937,7.284,1.475,2.202797,0.061607,0.24216,-0.076983,-0.141119,,,,,0.01344,,,,1.06384,2026-09-03,0.35,1.413043,15,-0.133333,0.0644,0.023618,0.14257,2.611787,-0.157014,0.091641,-0.069556,0.022085,0.09811,0.064,0.13345,-0.366574
2026-09-03,CCK,Crown Holdings,Materials,Paper & Plastic Packaging Products & Materials,S&P 400,115.59,-1.20513,12571627520,16.825327,609760,14,0.006,0.51827,2026-10-19,2026-09-03,0.429,8.767,1.399,0.656093,0.067921,0.20957,,-0.059556,0,0,0,0,0.00858,0,0,2026-09-03,1.02346,2026-09-03,0.261111,2.655319,15,0,0.170867,,0.12595,4.334571,0.062543,0.247067,-0.005424,0.241643,-0.163291,0.165,0.27367,-0.32978
2026-09-03,CDE,Coeur Mining,Materials,Gold,S&P 400,21.65,1.07376,22254792704,18.041666,26028276,11,0.0032,0.465602,2026-08-05,2026-09-03,0.076,13.45,6.911,,0.035801,0.56329,,-0.220382,1,1,0.2,-833706.75,0.00557,3,4,2026-09-03,0.82442,2026-09-03,0.411111,-0.208119,8,0.125,0.036,,0.19387,2.139117,0.340049,0.270979,0.24817,0.519149,-0.206299,1.259,0.12848,-0.034098
2026-09-03,CDP,COPT Defense Properties,Real Estate,Office REITs,S&P 400,35.3,,4089309184,24.685314,814534,8,0.0073,0.903209,2026-07-27,2026-09-03,0.192,16.232,8.469,,0.062917,0.58258,,-0.092545,,,,,0.00249,,,,1.17434,2026-09-03,0.494444,6.35222,5,0,0.2808,,0.32167,2.607475,-0.022544,0.202723,-0.046168,0.156556,-0.028666,0.039,0.10825,-0.222239
2026-09-03,CELH,Celsius Holdings,Consumer Staples,Soft Drinks & Non-alcoholic Beverages,S&P 400,31.61,1.02269,7998437888,137.43478,4919470,21,0.0078,0.446562,2026-08-06,2026-09-03,-0.569,14.592,3.217,,0.043713,0.4876,0.086594,-0.526371,,,,,0.28885,,,,0.7526,2026-09-03,0.25,0.064932,11,-0.030273,0.047636,0.43083,0.19087,6.675818,-0.643036,-0.514473,0.050536,-0.463937,-0.071802,0.106,0.05113,-0.20722
2026-09-03,CFR,Frost Bank,Financials,Regional Banks,S&P 400,162.73,,10113471488,15.294172,514861,14,0.0036,0.913622,2026-07-30,2026-09-03,0.128,,4.052,-0.487234,,0,,-0.047248,,,,,0.06143,,,,0.96164,2026-09-03,0.294444,,13,-0.230769,-0.161385,,0.37236,2.258884,0.082489,0.256221,0.005368,0.261589,-0.010788,0.061,0.15498,-0.251588
2026-09-03,CG,Carlyle Group (The),Financials,Asset Management & Custody Banks,S&P 400,47.75,1.29402,17014891520,49.739586,3147892,17,0.004,0.433563,2026-08-04,2026-09-03,-0.575,,11.156,,,0.98319,,-0.316392,0,0,0,0,0.26557,0,0,2026-09-03,0.65008,2026-09-03,0.227778,,15,0,0.1704,,0.26855,3.218956,-0.439649,-0.291884,0.031335,-0.260549,0.453264,-0.329,0.07766,-0.074848
2026-09-03,CGNX,Cognex,Information Technology,Electronic Equipment & Instruments,S&P 400,60.79,1.41809,10226327552,58.451927,1255710,19,0.004,0.657891,2026-08-05,2026-09-03,0.792,37.002,9.086,-0.563113,0.019134,0.68866,,-0.165889,0,0,0,-2606658.66,0.00362,2,5,2026-05-07,1.12311,2026-09-03,0.372222,-1.241158,5,0,0.3178,,0.29361,6.275421,0.154679,0.38483,-0.051052,0.333778,,0.169,0.11149,-0.327022
2026-09-03,CHDN,Churchill Downs Inc.,Consumer Discretionary,Casinos & Gaming,S&P 400,90.28,1.23346,6292537344,15.147651,824629,12,0.0062,0.334029,2026-07-29,2026-09-03,0.144,11.107,3.678,,0.022044,0.34179,,-0.237178,,,,,0.05907,,,,0.89337,2026-09-03,0.283333,4.704754,15,-0.066667,0.200933,0.069014,0.36531,4.712638,-0.308031,-0.163802,0.03487,-0.128931,-0.217352,0.049,0.33848,-0.091161
2026-09-03,CHE,Chemed Corp.,Health Care,Health Care Services,S&P 400,524.45,8.77921,6854541312,26.380787,136016,4,0.0089,0.907961,2026-07-28,2026-09-03,0.437,16.983,2.728,-0.326753,0.044913,0.33114,,-0.058438,,,,,0.01946,,,,1.06438,2026-09-03,0.405556,0.610602,13,-0.153846,0.101538,0.014117,0.1325,8.218802,-0.053764,0.103777,0.021559,0.125336,0.07166,0.088,0.27106,-0.164567
2026-09-03,CHH,Choice Hotels,Consumer Discretionary,"Hotels, Resorts & Cruise Lines",S&P 400,99.4,,4522251776,14.220315,444723,16,0.0042,0.61524,2026-08-05,2026-09-03,-0.194,13.706,6.459,,0.046941,0.90328,,-0.197222,,,,,0.39108,,,,0.7739,2026-09-03,0.238889,4.352743,15,0,0.046533,0.060738,0.37729,31.307087,-0.321859,-0.056277,-0.086483,-0.14276,0.0104,0.071,,-0.206046
2026-09-03,CHRD,Chord Energy,Energy,Oil & Gas Exploration & Production,S&P 400,148,-1.05629,8095285248,10.109289,561202,15,0.0055,0.408082,2026-08-05,2026-09-03,-0.481,3.372,1.508,,0.118739,0.4811,,-0.03268,,,,,0.00611,,,,1.03132,2026-09-03,0.333333,0.334402,10,0,0.4317,,0.34717,0.977491,0.267236,0.329196,0.11714,0.446335,,0.841,0.10312,-0.177641
2026-09-03,CHWY,Chewy,Consumer Discretionary,Other Specialty Retail,S&P 400,23.96,,9809803264,39.93333,6771474,22,0.0091,0.456116,2026-09-09,2026-09-03,0.527,24.576,0.764,3.781079,0.047226,0.29912,0.004793,-0.449195,0,0,0,-2240665.6,0.02598,1,2,2026-05-07,0.9784,2026-09-03,0.172222,0.008264,15,0,0.191,0.011706,0.03828,23.149757,-0.60811,-0.516332,0.087322,-0.42901,-0.005648,0.077,0.63816,-0.201056
2026-09-03,CLF,Cleveland-Cliffs,Materials,Steel,S&P 400,12.28,-1.12722,7006231552,,11488128,10,0.0037,0.583285,2026-07-23,2026-09-03,,28.88,0.775,-0.629426,0.000874,-0.01052,,-0.264671,,,,,0.00857,,,,0.8443,2026-09-03,0.338889,14.860194,13,-0.076923,0.131077,0.040867,0.00344,1.250255,0.001509,0.058122,0.122486,0.180608,-0.004115,0.059,-0.13862,-0.262256
2026-09-03,CLH,Clean Harbors,Industrials,Environmental & Facilities Services,S&P 400,318.65,1.08813,16820656128,38.57748,273547,15,0.0052,0.775179,2026-07-29,2026-09-03,0.364,16.339,3.132,-2.030513,0.022815,0.32257,,-0.051468,0,0,0,-1051103.89,0.04927,2,2,2026-09-03,0.961,2026-09-03,0.383333,2.283202,7,0,0.405857,,0.15498,5.744339,0.10683,0.254477,0.031453,0.28593,-0.012448,0.119,0.15562,-0.181678
2026-09-03,CMC,Commercial Metals,Materials,Steel,S&P 400,68.75,,7867459584,13.070342,595820,11,0.0083,0.411117,2026-10-15,2026-09-03,1.123,8.859,1.206,2.563004,0.018329,0.18565,,-0.189938,,,,,0.00659,,,,0.95685,2026-09-03,0.294444,2.544656,15,0.066667,0.1258,,0.09476,1.679287,0.009249,0.176879,0.01147,0.188349,,0.229,0.13792,-0.136974
2026-09-03,CNH,CNH Industrial,Industrials,Agricultural & Farm Machinery,S&P 400,13.84,1.39195,22256916480,55.36,37560972,19,0.008,0.608358,2026-11-09,2026-09-03,-0.353,39.778,2.316,,0.025442,0.17789,,-0.0036,0,0,0,-490086.83,0.29947,1,1,2026-09-03,0.78415,2026-09-03,0.205556,23.510859,15,0.133333,0.089733,,0.05538,2.208746,0.012,-0.078206,0.269306,0.1911,0.020051,0.02,0.03914,1.072511
2026-09-03,CNM,Core & Main,Industrials,Trading Companies & Distributors,S&P 400,43.98,,8511890432,18.556963,2115531,14,0.0143,0.885973,2026-09-09,2026-09-03,0.094,11.537,1.387,,0.051443,0.2706,0.005375,-0.345341,,,,,0.00483,,,,1.10846,2026-09-03,0.261111,2.498368,15,0.066667,0.074733,0.008908,0.09267,4.050097,-0.525621,-0.321727,-0.024795,-0.346521,-0.0123,-0.001,0.23888,-0.170751
2026-09-03,CNO,CNO Financial Group,Financials,Life & Health Insurance,S&P 400,56.72,2.53073,5247812096,19.097643,988823,4,0.0063,0.595874,2026-07-30,2026-09-03,0.462,8.336,1.776,,0.189812,0.38706,,-0.015107,,,,,0.02402,,,,0.98254,2026-09-03,0.405556,3.034852,13,-0.076923,0.192692,0.023973,0.16729,2.028757,0.212949,0.335137,0.056911,0.392048,0.090714,0.116,0.10934,0.197798
2026-09-03,CNX,CNX Resources,Energy,Oil & Gas Exploration & Production,S&P 400,37.77,,5587831296,6.091936,1299071,11,0.0026,0.404906,2026-07-30,2026-09-03,-0.477,4.352,3.721,-0.339563,0.078227,0.73616,,-0.134113,,,,,0.04663,,,,0.92738,2026-09-03,0.411111,1.297558,8,-0.125,0.217375,,0.62878,1.162118,0.092643,0.183082,0.088661,0.271743,,-0.181,0.21249,-0.24921
2026-09-03,COKE,Coca-Cola Consolidated,Consumer Staples,Soft Drinks & Non-alcoholic Beverages,S&P 400,197.4,1.09597,13139791872,26.18037,289837,,0.0073,0.338675,2026-08-05,2026-09-03,2.658,2.394,0.379,,0.033751,0.39111,-0.020889,-0.101298,,,,,2e-05,,,2026-09-03,0.75064,2026-09-03,0.125,0.875557,15,-0.266667,0.0006,0.008127,0.07417,4.128066,0.437157,0.558893,0.057364,0.616257,-0.062678,0.083,0.97331,-0.149691
2026-09-03,COLB,Columbia Banking System,Financials,Regional Banks,S&P 400,30.45,1.23006,8614374400,11.848249,2927396,14,0.0039,0.828519,2026-07-23,2026-09-03,0.002,,4.727,1.242276,,0,,-0.095903,,,,,0.00749,,,,0.97416,2026-09-03,0.427778,,5,0,0.0804,,0.50923,1.140321,-0.060884,0.154888,-0.036673,0.118216,,0.351,0.11028,-0.091273
2026-09-03,COLM,Columbia Sportswear,Consumer Discretionary,"Apparel, Accessories & Luxury Goods",S&P 400,57.79,1.6356,2958454528,14.817948,547693,6,0.0046,0.523069,2026-10-29,2026-09-03,-0.133,8.163,0.82,-0.683919,0.086233,0.52155,,-0.163191,,,,,0.58046,,,,0.53061,2026-09-03,0.366667,-0.477083,14,-0.071429,0.068214,,0.05027,1.847152,-0.172728,0.05409,-0.047718,0.006372,0.171474,0.015,0.12658,0.104702
2026-09-03,CPRI,Capri Holdings,Consumer Discretionary,"Apparel, Accessories & Luxury Goods",S&P 400,13.24,4.16994,1519900416,16.345678,5184728,16,0.0073,0.119577,2026-08-05,2026-09-03,0.344,13.869,0.809,-0.800475,0.126735,0.6271,0.020333,-0.531659,,,,,0.02645,,,,1.04568,2026-09-03,0.272222,6.358209,13,-0.076923,0.138077,0.029054,0.02601,10.897119,-0.595,-0.242089,-0.173812,-0.415901,0.00513,-0.035,1.44615,0.067084
2026-09-03,CR,Crane,Industrials,Industrial Machinery & Supplies & Components,S&P 400,202.93,1.92365,11729425408,34.748287,325646,10,0.0062,0.856613,2026-07-28,2026-09-03,0.106,16.734,4.823,,0.031012,0.46965,,-0.11961,0,0,0,-220300,0.1446,1,2,2026-09-03,0.80079,2026-09-03,0.305556,1.024772,15,-0.2,-0.016667,0.017947,0.35463,5.386188,-0.09862,0.141377,-0.060897,0.08048,0.00662,0.256,0.16522,-0.135402
2026-09-03,CRBG,Corebridge Financial,Financials,Asset Management & Custody Banks,S&P 400,34.75,3.60763,15490458624,22.275642,3233231,12,0.0058,0.214428,2026-08-04,2026-09-03,,9.696,1.345,,0.041461,0.21102,,-0.001724,0,0,0,-492317848.14,0.00263,3,5,2026-09-03,1.13446,2026-09-03,0.316667,3.522912,13,0,0.161462,,0.11114,1.524925,-0.181479,-0.100326,0.097946,-0.00238,0.326061,0.259,0.07139,-0.35244
2026-09-03,CROX,Crocs,Consumer Discretionary,Footwear,S&P 400,116.01,19,5562108416,10.275465,719281,12,0.0038,0.29432,2026-07-30,2026-09-03,-0.042,7.642,1.746,0.073092,0.095987,0.5747,-0.022628,-0.178865,,,,,0.03094,,,,1.03589,2026-09-03,0.3,1.639358,14,0.142857,0.066643,0.204457,0.24221,4.032886,0.160287,0.439136,-0.099749,0.339387,0.043121,0.026,0.423,-0.119058
2026-09-03,CRS,Carpenter Technology,Industrials,Industrial Machinery & Supplies & Components,S&P 400,467.48,1.41224,23167639552,44.47954,490552,8,0.0102,0.679138,2026-07-30,2026-09-03,0.464,28.449,7.523,,0.010307,0.30584,0.079142,-0.253215,0,0,0,-53091754.9,0.02403,2,22,2026-09-03,0.9552,2026-09-03,0.411111,0.404552,10,0.1,0.2499,0.038059,0.24078,10.410422,0.683932,1.014397,-0.151365,0.863032,-0.085415,0.126,0.25752,0.257994
2026-09-03,CRUS,Cirrus Logic,Information Technology,Semiconductors,S&P 400,113.13,6.19138,5669799424,13.830072,889101,4,0.009,0.742452,2026-08-05,2026-09-03,0.289,9.356,2.395,1.298761,0.079544,0.52785,0.000568,-0.372963,,,,,0.00563,,,,1.07762,2026-09-03,0.505556,-1.449954,7,0.142857,0.157857,0.050336,0.18367,2.606922,-0.202086,0.114046,-0.137033,-0.022987,0.084006,0.129,0.20904,0.178268
2026-09-03,CSL,Carlisle Companies,Industrials,Industrial Conglomerates,S&P 400,345.04,,13702964224,19.593412,647792,8,0.0083,0.625746,2026-07-29,2026-09-03,0.072,13.09,3.119,-0.21103,0.048875,0.35264,,-0.202975,0,0,0,0,0.01166,0,0,2026-09-03,1.0394,2026-09-03,0.361111,1.832002,13,0.076923,-0.004385,0.037602,0.22849,8.471813,-0.316076,-0.100469,-0.036507,-0.136976,-0.051289,0.083,0.39183,0.397061
2026-09-03,CTRE,CareTrust REIT,Real Estate,Health Care REITs,S&P 400,39.61,10.1089,9359574016,24.75625,1656335,13,0.0108,0.736375,2026-08-06,2026-09-03,0.05,20.613,17.491,,-0.00858,0.96365,,-0.09193,,,,,0.00777,,,,1.07669,2026-09-03,0.355556,1.310349,10,-0.1,0.1634,,0.57791,2.081778,-0.013219,0.19304,-0.027159,0.165881,-0.043164,0.032,0.09056,-0.286298
2026-09-03,CUBE,CubeSmart,Real Estate,Industrial REITs,S&P 400,39.75,,8997689344,27.040815,1632061,16,0.0054,0.913062,2026-07-30,2026-09-03,0.083,17.775,11.007,,0.054018,0.70712,,-0.081137,,,,,0.00871,,,,1.06513,2026-09-03,0.238889,5.001482,15,0,0.090067,,0.41088,3.475562,-0.233723,-0.024429,-0.030194,-0.054624,-0.019812,0.015,0.12028,-0.054701
2026-09-03,CUZ,Cousins Properties,Real Estate,Office REITs,S&P 400,29.25,1.42164,4815341568,731.25,1838234,11,0.0053,0.409674,2026-07-30,2026-09-03,0.844,13.235,8.385,,-0.005214,0.67779,,-0.112291,,,,,0.00993,,,,1.12303,2026-09-03,0.461111,5.811949,5,-0.2,0.0028,0.011397,0.24225,1.073828,-0.200477,0.015507,-0.036885,-0.021378,0.067213,0.116,0.00152,-0.230044
2026-09-03,CVLT,CommVault Systems,Information Technology,Systems Software,S&P 400,137.12,4.23017,5682878464,87.33757,486454,16,0.0046,0.823431,2026-07-28,2026-09-03,-0.038,46.458,4.664,0.605731,0.053448,0.81087,-0.003317,-0.308104,,,,,0.00887,,,,1.11148,2026-09-03,0.238889,-0.099804,15,-0.066667,0.225267,0.015347,0.0895,,-0.444004,-0.249766,-0.015139,-0.264905,-0.080932,0.114,0.32774,-0.311279
2026-09-03,CW,Curtiss-Wright,Industrials,Aerospace & Defense,S&P 400,568.72,1.28042,21005355008,39.114166,320039,7,0.0075,0.836531,2026-08-05,2026-09-03,0.276,25.712,5.933,0.485026,0.026329,0.37727,0.011835,-0.296278,1,1,0.2,-551816.03,0.00365,2,3,2026-09-03,0.89765,2026-09-03,0.355556,0.796872,14,0.142857,0.026429,0.019058,0.19395,7.582832,-0.01335,0.361036,-0.195286,0.16575,0.008282,0.054,0.19746,0.512796
2026-09-03,CXT,Crane NXT,Information Technology,Electronic Equipment & Instruments,S&P 400,49.99,-15.9772,2877489664,20.742739,516460,6,0.0031,0.706433,2026-08-05,2026-09-03,0.419,9.613,2.292,,0.083332,0.42115,,-0.275507,,,,,0.13793,,,,1.09845,2026-09-03,0.566667,2.874389,2,0.5,0,0.062146,0.15592,2.27217,-0.359623,-0.161101,-0.019423,-0.180524,-0.001971,0.22,0.11484,-0.477003
2026-09-03,CYTK,Cytokinetics,Health Care,Biotechnology,S&P 400,73.95,2.80828,10280781824,,1589723,20,0.0083,0.786253,2026-08-06,2026-09-03,,-15.157,93.268,-3.424672,-0.038655,0,,-0.162609,,,,,0.00647,,,,1.25826,2026-09-03,0.194444,-0.372136,15,0.133333,0.250067,,,,0.26673,0.515561,-0.069732,0.445829,-0.313858,-0.571,,-0.086516
2026-09-03,DAR,Darling Ingredients,Consumer Staples,Agricultural Products & Services,S&P 400,65.75,-2.76546,10375541760,18.162985,2061530,12,0.0039,0.418167,2026-07-30,2026-09-03,,12.817,2.206,,0.021169,0.26333,0.058478,-0.060446,0,0,0,-191670,0.012,1,1,2026-05-07,1.08329,2026-09-03,0.283333,3.55621,15,-0.2,0.327067,0.091051,0.12892,1.97792,0.962807,1.072311,0.069596,1.141907,0.040424,0.164,0.12126,0.380753
2026-09-03,DBX,Dropbox,Information Technology,Application Software,S&P 400,35.7,3.47826,7762701824,19.09091,3401451,6,0.0083,0.873351,2026-08-06,2026-09-03,-0.067,12.799,4.197,1.21541,0.100877,0.79732,,-0.018314,,,,,0.08071,,,,1.30883,2026-09-03,0.35,3.447296,15,-0.533333,-0.082067,,0.26097,,-0.024095,0.030078,0.124927,0.155005,-0.015127,0.009,,-0.180664
2026-09-03,DCI,Donaldson Company,Industrials,Industrial Machinery & Supplies & Components,S&P 400,90.6,,9989557248,23.350513,485741,5,0.006,0.844888,2026-08-26,2026-09-03,0.14,16.22,2.981,0.663163,0.025323,0.35091,-0.007369,-0.197093,0,0,0,-3515565.87,0.00572,2,6,2026-05-07,0.92801,2026-09-03,0.377778,1.504341,14,-0.357143,-0.060786,0.020052,0.17085,5.956607,-0.069647,0.127051,-0.017599,0.109452,0.028275,0.08,0.28205,-0.071685
2026-09-03,DINO,HF Sinclair,Energy,Oil & Gas Refining & Marketing,S&P 400,106.15,8.48614,18871756800,10.109524,2229108,15,0.0052,0.503936,2026-07-28,2026-09-03,3.502,6.243,0.641,,0.107866,0.12892,,-0.0194,2,1,0.2,623659,0.05489,1,3,2026-09-03,0.8991,2026-09-03,0.25,0.335933,15,0.2,0.0394,,0.11694,1.834886,0.877921,0.832839,0.224181,1.057021,-0.176386,0.532,0.19505,-0.114145
2026-09-03,DKS,Dick's Sporting Goods,Consumer Discretionary,Specialty Stores,S&P 400,139.77,1.76934,12509769728,15.159436,3383989,22,0.0042,0.751073,2026-08-25,2026-09-03,-0.257,9.342,0.921,0.237992,-0.065805,0.33093,-0.022723,-0.428063,4,4,0.8,3843905.07,0.04436,0,6,2026-09-03,1.06525,2026-09-03,0.205556,3.383419,13,-0.846154,-0.131,0.032959,0.08005,2.168389,-0.558326,-0.081143,-0.298083,-0.379226,-0.094726,0.532,0.18475,2.568824
2026-09-03,DLB,Dolby,Information Technology,Application Software,S&P 400,61.92,,5799971328,26.348936,775613,3,0.0048,0.717553,2026-07-30,2026-09-03,-0.375,14.623,3.83,0.550889,0.057215,0.87612,0.007252,-0.160748,,,,,0.01434,,,,1.06586,2026-09-03,0.416667,-1.755413,13,-0.153846,0.191692,0.071766,0.12548,2.244373,-0.328466,-0.25001,0.100643,-0.149367,-0.103978,-0.033,0.08758,0.168662
2026-09-03,DOCN,DigitalOcean,Information Technology,Internet Services & Infrastructure,S&P 400,109.4,4.31963,12863203328,49.727272,1846391,15,0.0036,0.494154,2026-08-04,2026-09-03,-0.245,45.601,13.919,,-0.001853,0.57222,-0.048704,-0.416533,0,0,0,-3927212.85,0.16737,4,6,2026-09-03,0.82615,2026-09-03,0.266667,3.923204,14,-0.071429,0.134571,0.040438,0.10445,12.342057,2.085844,2.397661,-0.132717,2.264944,0.061685,0.286,0.62273,-0.349593
2026-09-03,DOCS,Doximity,Health Care,Health Care Technology,S&P 400,27.1,2.96353,4830466048,31.511627,2524218,18,0.0092,0.780913,2026-08-06,2026-09-03,-0.519,19.925,6.334,,0.049623,0.88068,-0.043037,-0.645798,,,,,0.02816,,,,1.02881,2026-09-03,0.216667,-3.253869,15,-0.066667,-0.126933,0.070079,0.21539,5.319984,-0.794978,-0.791869,0.175991,-0.615879,-0.024201,0.073,0.17206,-0.493681
2026-09-03,DOCU,Docusign,Information Technology,Application Software,S&P 400,65.97,,12596616192,42.288464,5620654,17,0.0043,0.376851,2026-09-03,2026-09-03,0.176,30.883,3.641,1.671929,0.099262,0.79541,-0.000348,-0.238661,0,0,0,0,0.00526,0,0,2026-09-03,0.94067,2026-09-03,0.227778,-1.628187,15,0,0.160533,0.032497,0.13407,6.998727,-0.360292,-0.386414,0.205222,-0.181192,0.003022,0.087,0.1644,-0.168818
2026-09-03,DT,Dynatrace,Information Technology,Application Software,S&P 400,52.76,3.71535,15312474112,105.52,5518641,33,0.0053,0.443017,2026-08-05,2026-09-03,-0.249,49.065,6.823,2.280575,0.035691,0.81597,-0.008049,-0.037841,0,0,0,0,0.00576,0,0,2026-09-03,1.07947,2026-09-03,0.083333,-3.258552,15,0,0.195733,0.016869,0.12889,6.250444,-0.156998,-0.109694,0.131795,0.022102,-0.020095,0.162,0.05879,0.07179
2026-09-03,DTM,DT Midstream,Energy,Oil & Gas Storage & Transportation,S&P 400,128.58,,13117126656,28.197369,814400,15,0.0136,0.910935,2026-07-30,2026-09-03,0.048,17.891,12.565,,0.009758,0.75344,,-0.158948,2,2,0.4,218313.1,0.00574,0,2,2026-09-03,0.90353,2026-09-03,0.383333,3.479348,7,-0.285714,-0.011,0.014053,0.50437,2.744738,0.045276,0.298215,-0.073839,0.224375,0.001121,0.11,0.09901,0.296525
2026-09-03,DUOL,Duolingo,Consumer Discretionary,Education Services,S&P 400,158.82,,7399919104,18.66275,1441792,18,0.0054,0.434499,2026-08-05,2026-09-03,-0.275,34.647,5.417,,0.040568,0.72717,0.002442,-0.550085,,,,,0.01523,,,,0.99952,2026-09-03,0.216667,-6.857639,15,-0.066667,-0.002733,0.023485,0.11684,5.263821,-0.597014,-0.603578,0.185664,-0.417914,-0.082237,0.183,0.3442,-0.242812
2026-09-03,DY,Dycom Industries,Industrials,Construction & Engineering,S&P 400,295.56,,8914371584,26.967154,520739,11,0.0039,0.813375,2026-08-26,2026-09-03,0.144,12.458,1.688,-2.329775,0.036633,0.20529,,-0.478242,0,0,0,0,0.0126,0,0,2026-05-07,0.94103,2026-09-03,0.327778,2.893517,13,0,0.123615,,0.09571,4.318338,0.016761,0.471283,-0.275423,0.19586,-0.105351,0.456,0.19197,0.622098
2026-09-03,EEFT,Euronet Worldwide,Financials,Transaction & Payment Processing Services,S&P 400,73.28,,2740935424,11.631745,764578,6,0.0031,0.661021,2026-07-30,2026-09-03,-0.247,5.14,0.772,-2.17525,0.113697,0.24004,,-0.207355,,,,,0.07208,,,,1.05911,2026-09-03,0.566667,0.947376,2,-0.5,0,0.037927,0.12369,2.228304,-0.378639,-0.186459,-0.01308,-0.199539,-0.073447,0.032,0.22371,-0.129725
2026-09-03,EGP,EastGroup Properties,Real Estate,Industrial REITs,S&P 400,198.47,,10672390144,34.880493,356630,20,0.0035,0.864939,2026-10-22,2026-09-03,0.167,24.94,16.311,,0.035547,0.73607,,-0.124564,0,0,0,-98668.08,0.01008,1,1,2026-09-03,1.04791,2026-09-03,0.211111,3.25689,14,0.142857,0.159714,,0.40761,2.956943,-0.005101,0.216205,-0.042206,0.173998,-0.000108,0.091,0.08732,-0.225676
2026-09-03,EHC,Encompass Health,Health Care,Health Care Facilities,S&P 400,122.59,1.16356,12093918208,20.229372,759686,12,0.0038,0.83232,2026-08-05,2026-09-03,0.108,10.722,2.528,-0.534688,0.019012,0.43865,,-0.042191,0,0,0,-26430022.85,0.00867,4,6,2026-09-03,1.00325,2026-09-03,0.4,1.868534,8,0.25,0.3545,,0.18054,4.662458,-0.214137,-0.106505,0.071467,-0.035037,,0.096,0.24968,-0.155749
2026-09-03,ELAN,Elanco,Health Care,Pharmaceuticals,S&P 400,24.42,-1.05349,12196558848,,5924695,14,0.0065,0.339465,2026-08-05,2026-09-03,4.405,15.793,3.168,-1.813975,0.067796,0.55359,0.008797,-0.127234,4,4,0.8,1236218.76,0.01226,0,4,2026-09-03,1.15422,2026-09-03,0.377778,3.677259,8,-0.125,0.056625,,0.08626,1.851683,0.160021,0.347414,-0.008293,0.339121,-0.046867,0.102,-0.02978,-0.209583
2026-09-03,ELF,e.l.f. Beauty,Consumer Staples,Personal Care Products,S&P 400,107.41,4.65751,6338049024,109.60204,1623061,16,0.009,0.636662,2026-08-05,2026-09-03,0.931,93.177,22.138,1.736984,0.01333,0.60951,0.1407,-0.288628,,,,,0.02895,,,,0.99233,2026-09-03,0.272222,9.175669,13,0.153846,0.567308,0.05174,0.14315,24.126236,-0.377726,-0.447943,0.249317,-0.198627,-0.022485,0.355,-0.00291,-0.431332
2026-09-03,ELS,Equity Lifestyle Properties,Real Estate,Single-Family Residential REITs,S&P 400,62.61,,12553988096,30.246378,1086236,19,0.0074,0.873489,2026-07-22,2026-09-03,0.191,20.377,9.889,,0.048075,0.53656,,-0.092609,0,0,0,0,0.00762,0,0,2026-09-03,1.12609,2026-09-03,0.305556,4.334016,9,-0.111111,0.230889,0.03409,0.32113,6.907546,-0.156416,0.056834,-0.034151,0.022683,0.010918,0.064,0.22877,-0.123484
2026-09-03,ENS,EnerSys,Industrials,Electrical Components & Equipment,S&P 400,179.99,-4.99758,6491379712,19.291533,431516,5,0.0078,0.795151,2026-08-12,2026-09-03,1.116,11.401,1.864,4.89466,0.094689,0.2976,,-0.263242,,,,,0.01357,,,,1.04541,2026-09-03,0.527778,0.929733,5,-0.2,0.0272,,0.14028,3.317666,0.55494,0.821382,-0.087343,0.734039,0.252514,0.048,0.18363,-0.014747
2026-09-03,ENSG,Ensign Group,Health Care,Health Care Facilities,S&P 400,172.09,,10029824000,27.0157,286937,5,0.0063,0.892345,2026-07-27,2026-09-03,0.167,20.384,2.165,,0.02798,0.16566,,-0.210596,0,0,0,-225595.24,0.03532,3,3,2026-05-07,0.92652,2026-09-03,0.377778,3.311114,14,-0.071429,0.181786,0.00447,0.09035,4.072461,-0.180834,0.00973,-0.011464,-0.001734,-0.011018,0.173,0.16973,-0.596923
2026-09-03,ENTG,Entegris,Information Technology,Semiconductor Materials & Equipment,S&P 400,130.7,,19970959360,65.67839,1458831,11,0.0042,0.818672,2026-08-04,2026-09-03,0.751,25.339,6.968,,0.023924,0.45555,0.031954,-0.300845,0,0,0,-1273733.92,0.00512,3,3,2026-09-03,1.1077,2026-09-03,0.394444,3.505411,9,-0.666667,0.129889,0.014912,0.19271,4.801969,0.469488,0.736874,-0.088286,0.648588,0.064537,0.115,0.07671,-0.34318
2026-09-03,EPR,EPR Properties,Real Estate,Other Specialized REITs,S&P 400,60.48,1.45948,4633307648,19.384617,592160,11,0.0055,0.853276,2026-07-29,2026-09-03,-0.132,14.192,11.026,0.763828,0.072892,0.91873,,-0.069109,,,,,0.02268,,,,0.84893,2026-09-03,0.294444,6.111013,15,-0.266667,-0.1166,0.047294,0.54329,2.00484,-0.059873,0.122972,-0.003746,0.119226,0.065616,0.106,0.11317,-0.007081
2026-09-03,EQH,Equitable Holdings,Financials,Diversified Financial Services,S&P 400,53.54,3.92081,14603880448,,2632904,11,0.0055,0.209544,2026-08-04,2026-09-03,,11.74,0.539,,-0.60424,0.12768,,-0.029193,0,0,0,-746418.66,0.00611,1,6,2026-09-03,1.00941,2026-09-03,0.327778,-7.843869,13,0.076923,0.121385,,-0.26357,,-0.226261,-0.148522,0.101361,-0.047161,-0.222441,-0.298,-0.25131,-0.304385
2026-09-03,ESAB,ESAB,Industrials,Industrial Machinery & Supplies & Components,S&P 400,74.7,,4641556480,23.416927,902637,11,0.0086,0.801967,2026-08-06,2026-09-03,-0.541,13.334,2.393,,0.031482,0.36955,0.008598,-0.456411,,,,,0.06491,,,,1.07691,2026-09-03,0.444444,4.31074,6,-0.166667,-0.055333,0.02269,0.12016,1.961454,-0.551171,-0.231,-0.141071,-0.372071,0.029146,0.129,0.08727,-0.005174
2026-09-03,ESNT,Essent Group Ltd.,Financials,Commercial & Residential Mortgage Finance,S&P 400,69.63,,6258100224,9.711297,626772,7,0.0034,0.927333,2026-08-07,2026-09-03,0.078,7.055,4.577,0.212715,0.110297,0.76006,,-0.010516,,,,,0.05518,,,,0.97826,2026-09-03,0.505556,-0.235615,5,0.2,0.0846,,0.6575,1.10501,-0.098065,0.034546,0.046489,0.081035,0.078136,0.136,0.12009,-0.248997
2026-09-03,EVR,Evercore,Financials,Investment Banking & Brokerage,S&P 400,296.91,2.84735,11418498048,16.727324,416052,10,0.0039,0.647034,2026-07-29,2026-09-03,-0.017,,2.457,-0.017513,,0.93935,,-0.236166,0,0,0,-2678594.52,0.02333,1,1,2026-09-03,0.95525,2026-09-03,0.305556,,15,0,0.005333,,0.16955,6.143262,-0.273462,-0.020964,-0.073399,-0.094363,-0.812002,0.188,0.39504,0.035526
2026-09-03,EWBC,East West Bancorp,Financials,Regional Banks,S&P 400,130.61,1.27161,17895118848,12.391841,693601,16,0.0024,0.899941,2026-10-20,2026-09-03,0.174,,5.798,0.493268,,0,,-0.049902,0,0,0,-3077756,0.00892,3,5,2026-09-03,0.94058,2026-09-03,0.372222,,7,0.142857,0.142,,0.65281,1.93545,0.019729,0.204334,-0.005505,0.198829,0.133958,0.163,0.16577,-0.173811
2026-09-03,EXEL,Exelixis,Health Care,Biotechnology,S&P 400,59.13,1.02512,14651331584,18.42056,2141249,16,0.0058,0.728252,2026-08-05,2026-09-03,0.262,13.699,5.738,0.551491,0.050488,0.96483,,-0.009879,0,0,0,-526511.92,0.01845,1,1,2026-09-03,1.07076,2026-09-03,0.288889,-0.660043,12,-0.25,-0.014083,,0.39513,7.981912,0.366043,0.466222,0.07892,0.545143,-0.229393,0.106,0.44393,-0.192351
2026-09-03,EXLS,EXL Service,Industrials,Data Processing & Outsourced Services,S&P 400,37.32,1.11081,5658178560,23.620253,1896415,8,0.0034,0.851139,2026-07-28,2026-09-03,0.05,15.468,2.621,0.266815,0.046363,0.38511,,-0.172138,,,,,0.02694,,,,1.04489,2026-09-03,0.461111,0.544233,7,0.142857,0.310571,,0.14609,6.537046,-0.358513,-0.35288,0.173467,-0.179413,,0.156,0.25944,-0.242022
2026-09-03,EXP,Eagle Materials,Materials,Construction Materials,S&P 400,193.58,,5938129408,15.254532,342823,10,0.0078,0.910963,2026-07-29,2026-09-03,-0.125,10.64,3.226,-0.029696,0.004257,0.2702,,-0.211583,,,,,0.01243,,,,1.09832,2026-09-03,0.305556,2.215764,15,-0.066667,0.116933,,0.21667,4.010358,-0.375583,-0.118271,-0.078212,-0.196483,-0.064417,0.026,0.2703,-0.217085
2026-09-03,EXPO,"Exponent, Inc.",Industrials,Research & Consulting Services,S&P 400,70.05,2.85653,3330603264,31.412558,297358,3,0.0043,0.942575,2026-07-30,2026-09-03,0.157,24.265,5.898,0.969264,0.023103,0.36417,,-0.14521,,,,,0.01158,,,,1.00964,2026-09-03,0.383333,0.102232,15,0,0.1256,,0.18824,11.536562,-0.198562,-0.096018,0.076556,-0.019462,-0.061796,0.12,0.31204,-0.336776
2026-09-03,FAF,First American Financial Corporation,Financials,Property & Casualty Insurance,S&P 400,76.51,3.32208,7811671040,10.269799,643831,6,0.0044,0.520213,2026-10-21,2026-09-03,0.504,5.762,0.989,-2.378586,0.299265,0.63984,,-0.042068,,,,,0.03527,,,,0.99126,2026-09-03,0.4,0.044585,12,-0.083333,0.158083,,0.15567,1.388415,-0.061701,0.059505,0.057893,0.117399,-0.011706,0.15,0.13846,-0.231876
2026-09-03,FBIN,Fortune Brands Innovations,Industrials,Building Products,S&P 400,42.21,-1.58545,5035375104,34.59836,2214024,15,0.0077,0.591378,2026-08-04,2026-09-03,-0.242,10.337,1.737,0.285426,0.05941,0.44268,,-0.349013,,,,,0.00525,,,,1.08766,2026-09-03,0.316667,3.509756,11,0.636364,0.065455,0.056751,0.11015,2.182749,-0.473904,-0.15724,-0.137565,-0.294804,-0.019952,-0.041,0.06406,-0.175811
2026-09-03,FCFS,FirstCash,Financials,Consumer Finance,S&P 400,223.92,1.73557,9711813632,25.503418,294354,4,0.0065,0.798545,2026-07-23,2026-09-03,0.582,15.533,2.971,,0.022633,0.57869,-0.000416,-0.062822,0,0,0,-5110070,0.08437,4,10,2026-05-07,1.00207,2026-09-03,0.422222,3.210915,12,0,0.275667,,0.15508,4.193258,0.316856,0.448267,0.047689,0.495956,0.036516,0.294,0.17398,0.109502
2026-09-03,FCN,FTI Consulting,Industrials,Research & Consulting Services,S&P 400,153.36,2.24681,4234511360,18.149113,469742,2,0.0063,0.886278,2026-07-30,2026-09-03,-0.066,11.927,1.332,-1.134465,0.068424,0.31824,,-0.189857,,,,,0.02082,,,,1.13495,2026-09-03,0.477778,2.461975,10,-0.2,0.0707,,0.09225,3.119864,-0.288793,-0.098513,-0.01118,-0.109693,0.076121,0.053,0.15634,-0.293947
2026-09-03,FFIN,First Financial Bankshares,Financials,Regional Banks,S&P 400,33.34,,4778539008,17.828876,501801,6,0.0071,0.886684,2026-07-16,2026-09-03,0.073,,7.086,0.235216,,0,,-0.118689,,,,,0.03624,,,,0.72192,2026-09-03,0.55,,3,0,0.275667,,0.55958,2.377184,-0.287048,-0.071488,-0.036461,-0.107948,,0.098,0.14408,-0.274735
2026-09-03,FHI,Federated Hermes,Financials,Asset Management & Custody Banks,S&P 400,62.16,2.35469,4640883200,11.281306,667149,7,0.0041,0.747842,2026-07-30,2026-09-03,0.193,8.176,2.347,4.996974,0.080042,0.69044,,-0.075,,,,,0.03893,,,,0.9353,2026-09-03,0.355556,-0.051812,14,0.142857,0.170071,,0.27722,3.544708,-0.029346,0.125522,0.024232,0.149754,0.020063,0.183,0.31137,-0.125477
2026-09-03,FHN,First Horizon,Financials,Regional Banks,S&P 400,24.96,1.5873,11825477632,12,2175360,19,0.0034,0.847175,2026-10-14,2026-09-03,0.2,,3.721,,,0,,-0.060241,0,0,0,-455142.1,0.00965,1,5,2026-09-03,0.89528,2026-09-03,0.205556,,15,0,0.055933,,0.41284,1.393946,-0.100995,0.096023,-0.017918,0.078104,0.007098,0.09,0.11453,-0.209066
2026-09-03,FIVE,Five Below,Consumer Discretionary,Specialty Stores,S&P 400,239.96,-1.28353,13268673536,30.297981,2579809,21,0.0065,0.497938,2026-09-02,2026-09-03,1.956,18.914,2.821,2.543651,0.032204,0.36805,-0.019577,-0.090647,0,0,0,0,0.01663,0,0,2026-09-03,1.03362,2026-09-03,0.183333,1.168942,15,-0.2,0.087733,0.063213,0.11998,5.738062,0.405516,0.47273,0.111885,0.584615,-0.096132,0.325,0.21127,0.119846
2026-09-03,FLG,Flagstar Bank,Financials,Regional Banks,S&P 400,13.48,-7.41307,5595451392,449.3333,3125701,17,0.0081,0.475921,2026-07-24,2026-09-03,,,6.081,2.093504,,0,,-0.126943,,,,,0.00945,,,,0.89456,2026-09-03,0.377778,,6,0.166667,0.133833,,0.20281,0.736089,-0.139007,0.097461,-0.057369,0.040092,-0.105326,0.153,0.00591,-0.164679
2026-09-03,FLR,Fluor,Industrials,Construction & Engineering,S&P 400,57.5,1.59011,7690110976,,2867046,8,0.0031,0.23122,2026-08-07,2026-09-03,-0.945,-24.97,0.375,0.151396,0.002796,-0.00798,0.027272,-0.014567,,,,,0.02387,,,,1.00384,2026-09-03,0.344444,8.459228,14,0.214286,0.286071,0.056922,0.03257,2.902135,0.182459,0.251061,0.110497,0.361559,0.168346,0.088,-0.45167,-0.04875
2026-09-03,FLS,Flowserve,Industrials,Industrial Machinery & Supplies & Components,S&P 400,77.19,,9811835904,26.895472,1653413,10,0.0029,0.661273,2026-07-29,2026-09-03,0.242,15.995,2.475,-2.417218,0.043655,0.35146,,-0.164701,,,,,0.00609,,,,1.15893,2026-09-03,0.355556,2.214182,12,0,0.2025,,0.13919,4.347263,0.229234,0.381387,0.026946,0.408333,,-0.016,0.16936,-0.132506
2026-09-03,FN,Fabrinet,Information Technology,Electronic Manufacturing Services,S&P 400,395,-8.85307,14154771456,30.29141,1050817,9,0.0059,0.833445,2026-08-17,2026-09-03,0.581,25.029,2.862,4.871917,-0.004089,0.11991,0.001657,-0.472553,0,0,0,-964765.06,0.00352,1,2,2026-09-03,1.04485,2026-09-03,0.366667,-1.641224,12,0.083333,0.143333,0.002852,0.10231,5.767434,-0.087455,0.284361,-0.192716,0.091645,0.033841,0.446,0.21326,-0.026253
2026-09-03,FNB,FNB Corporation,Financials,Regional Banks,S&P 400,18.47,1.03938,6574653440,10.994047,4480655,8,0.0045,0.896312,2026-07-16,2026-09-03,0.162,,5.287,0.138554,,0,,-0.057172,,,,,0.01509,,,,0.94704,2026-09-03,0.561111,,1,0,0,,0.44671,0.954867,-0.069876,0.132884,-0.023661,0.109223,,0.068,0.0904,-0.358345
2026-09-03,FND,Floor & Decor,Consumer Discretionary,Home Improvement Retail,S&P 400,49.38,2.98227,5258474496,22.445454,2789574,22,0.0121,0.786705,2026-07-30,2026-09-03,0.534,14.182,1.475,3.920173,0.02666,0.44976,0.043658,-0.465613,,,,,0.01339,,,,1.21333,2026-09-03,0.355556,3.452689,4,-0.75,0.11225,0.014963,0.05438,2.114685,-0.630912,-0.328186,-0.123626,-0.451812,0.037039,0.03,0.09694,-0.113843
2026-09-03,FNF,Fidelity National Financial,Financials,Property & Casualty Insurance,S&P 400,47.28,2.38198,12680157184,16.081633,2499398,5,0.0065,0.774052,2026-08-05,2026-09-03,0.058,6.145,0.964,,0.283051,0.54046,,-0.201476,0,0,0,-7153734.58,0.05739,2,2,2026-09-03,0.84921,2026-09-03,0.361111,0.317974,15,-0.066667,-0.0108,,0.10666,1.700108,-0.388466,-0.170096,-0.03927,-0.209367,-0.067675,0.105,0.10211,-0.043113
2026-09-03,FOUR,Shift4,Financials,Transaction & Payment Processing Services,S&P 400,44.19,-9.04384,3489247488,69.046875,1974599,20,0.0032,,2026-08-06,2026-09-03,-0.754,9.712,1.846,,0.101318,0.35905,,-0.506533,,,,,0.30511,,,,0.92349,2026-09-03,0.194444,4.632563,15,0.133333,0.196067,0.025082,0.0749,5.692387,-0.673729,-0.412463,-0.082167,-0.49463,0.018646,0.341,0.0649,0.156484
2026-09-03,FR,First Industrial Realty Trust,Real Estate,Industrial REITs,S&P 400,61.71,9.73196,8455440896,22.44,1049503,16,0.0068,0.719467,2026-07-22,2026-09-03,0.393,20.773,14.221,,0.034373,0.73745,,-0.116915,,,,,0.00353,,,,1.03124,2026-09-03,0.238889,4.875697,15,-0.066667,0.0682,,0.45097,2.947554,0.000805,0.219183,-0.039279,0.179904,-0.018237,0.084,0.1363,-0.332333
2026-09-03,FTI,TechnipFMC,Energy,Oil & Gas Equipment & Services,S&P 400,80.08,,31404525568,27.902441,2614893,21,0.0033,0.757707,2026-07-30,2026-09-03,0.406,15.961,3.039,1.134369,0.046597,0.22967,,-0.007682,1,1,0.2,499970.75,0.0149,0,1,2026-09-03,1.01134,2026-09-03,0.2,0.126474,14,0,0.0085,0.021166,0.1769,9.614599,0.868972,0.947612,0.10046,1.048072,-0.025892,0.09,0.35814,-0.3824
2026-09-03,G,Genpact,Industrials,Data Processing & Outsourced Services,S&P 400,38.08,1.57375,6398750208,11.333334,1738372,11,0.0045,0.909996,2026-08-06,2026-09-03,0.147,8.297,1.389,-0.001952,0.074925,0.36456,,-0.217105,,,,,0.00585,,,,1.10815,2026-09-03,0.294444,1.016966,15,0.266667,0.110333,,0.15016,2.456457,-0.343761,-0.319077,0.154415,-0.164661,0.01566,0.071,0.22447,0.092071
2026-09-03,GAP,Gap Inc.,Consumer Discretionary,Apparel Retail,S&P 400,22.32,1.1786,7840349696,6.642857,5412669,18,0.0039,0.707427,2026-08-27,2026-09-03,1.421,7.545,0.723,0.802799,0.031424,0.40539,0.115999,-0.239782,,,,,0.39688,,,,0.66676,2026-09-03,0.25,2.203679,13,0.076923,0.150538,0.037652,0.0671,1.982943,-0.252209,-0.179034,0.105925,-0.073109,-0.029684,-0.02,0.33776,0.506904
2026-09-03,GATX,GATX,Industrials,Construction Machinery & Heavy Transportation Equipment,S&P 400,177.31,,6259939328,17.383333,146076,4,0.0045,0.83355,2026-07-30,2026-09-03,0.379,15.854,9.155,,-0.788624,0.73627,,-0.137429,,,,,0.01516,,,,1.04894,2026-09-03,0.505556,9.891477,7,0,0.084571,,0.27771,2.248215,-0.130543,0.056174,-0.007617,0.048556,-0.036985,0.348,0.11799,-0.169139
2026-09-03,GBCI,Glacier Bancorp,Financials,Regional Banks,S&P 400,46.36,-8.62089,6036625920,19,945626,6,0.0043,0.787769,2026-07-23,2026-09-03,0.667,,6.418,,,0,,-0.150605,,,,,0.00702,,,,0.8901,2026-09-03,0.383333,,13,-0.076923,0.153077,,0.44305,1.399505,-0.243616,0.006549,-0.071065,-0.064516,0.067316,0.415,0.07946,-0.177933
2026-09-03,GEF,"Greif, Inc.",Materials,"Metal, Glass & Plastic Containers",S&P 400,85.02,,4833230336,35.278008,318201,5,0.0109,,2026-07-28,2026-09-03,0.434,10.186,1.373,,,0.22521,-0.000331,-0.061279,,,,,0.0308,,,,0.97071,2026-09-03,0.527778,1.629151,5,0,0.2644,0.069772,0.10561,1.610502,0.21523,0.346477,0.047852,0.394329,-0.148284,0.035,,0.172392
2026-09-03,GGG,Graco Inc.,Industrials,Industrial Machinery & Supplies & Components,S&P 400,77.88,,12612963328,24.413792,1716602,7,0.0047,0.931639,2026-10-21,2026-09-03,0.145,16.541,5.362,1.979414,0.042545,0.52642,0.01286,-0.186122,0,0,0,-257486.66,0.00755,1,1,2026-09-03,0.94149,2026-09-03,0.355556,-0.619543,14,-0.071429,0.131571,0.014722,0.29729,4.999679,-0.278171,-0.093596,-0.005476,-0.099072,0.010334,0.033,0.21241,1.08491
2026-09-03,GHC,Graham Holdings,Consumer Discretionary,Education Services,S&P 400,1122.91,,4755443200,9.07989,45086,1,0.0083,0.450631,2026-07-30,2026-09-03,6.765,7.62,0.992,1.619168,0.05629,0.29947,,-0.110461,,,,,0.07166,,,,0.86701,2026-09-03,0.405556,0.320198,15,-0.133333,-0.015333,,0.1974,0.998711,-0.195282,0.025393,-0.041576,-0.016183,0.085316,0.071,0.11871,0.565864
2026-09-03,GLPI,Gaming and Leisure Properties,Real Estate,Other Specialized REITs,S&P 400,42.36,4.72377,12686871552,12.385964,3686240,23,0.0068,0.871973,2026-07-30,2026-09-03,0.479,12.612,12.556,,0.039943,1.02151,,-0.151952,1,1,0.2,277440,0.0401,1,2,2026-09-03,0.97237,2026-09-03,0.227778,4.891957,11,0.090909,0.147909,0.073664,0.77479,2.472855,-0.304848,-0.090642,-0.035106,-0.125749,0.027643,0.09,0.19355,0.772823
2026-09-03,GME,GameStop,Consumer Discretionary,Computer & Electronics Retail,S&P 400,19.23,1.37059,8628332544,14.139706,7162214,,0.0045,0.387895,2026-09-08,2026-09-03,6.333,11.155,1.232,1.272134,-0.146175,0.34387,0.062232,-0.315658,0,0,0,-421552.11,0.08827,2,3,2026-05-07,0.37051,2026-09-03,0.25449,-9.77201,15,0.066667,0.1762,0.070894,0.16605,1.476958,-0.331089,-0.096999,-0.05499,-0.151989,0.186179,0.141,0.14095,0.161045
2026-09-03,GMED,Globus Medical,Health Care,Health Care Equipment,S&P 400,78.12,-3.14902,10488541184,20.612139,1400614,13,0.0076,0.592719,2026-08-06,2026-09-03,-0.262,9.903,3.181,2.455823,0.052838,0.68975,-0.150725,-0.229586,0,0,0,-2766700,0.00613,1,2,2026-05-07,0.91998,2026-09-03,0.322222,-0.478306,12,0.083333,0.323333,0.069001,0.24755,2.199324,0.158767,0.375696,-0.037829,0.337867,-0.211006,0.059,0.11814,-0.390344
2026-09-03,GNTX,Gentex,Consumer Discretionary,Automotive Parts & Equipment,S&P 400,22.84,-8.74911,4812007424,12.084657,2318224,9,0.0045,0.894876,2026-07-24,2026-09-03,0.258,7.431,1.745,-0.220055,0.076483,0.35018,0.027565,-0.2226,,,,,0.00472,,,,1.0247,2026-09-03,0.35,-0.375504,13,0.076923,0.165692,0.01396,0.21757,1.896065,-0.376431,-0.153612,-0.043719,-0.197331,-0.181042,-0.01,0.16355,0.013048
2026-09-03,GPK,Graphic Packaging,Materials,Paper & Plastic Packaging Products & Materials,S&P 400,10.7,-2.55009,3167965952,16.984127,3607553,11,0.0059,0.59612,2026-08-04,2026-09-03,-0.765,7.58,1.003,,0.075088,0.15491,,-0.50714,,,,,0.01547,,,,1.22139,2026-09-03,0.344444,4.807524,12,-0.166667,0.14375,0.042629,0.04525,0.978957,-0.669114,-0.452244,-0.03777,-0.490014,-0.024241,-0.007,0.0601,-0.178333
2026-09-03,GWRE,Guidewire Software,Information Technology,Application Software,S&P 400,202.86,5.23968,16889387008,104.03077,2088501,14,0.0058,0.361984,2026-09-03,2026-09-03,-0.648,128.576,11.855,-0.594803,0.016765,0.64011,,-0.255833,0,0,0,-4232672,0.00316,3,7,2026-09-03,1.03708,2026-09-03,0.261111,-0.345766,15,-0.066667,0.085267,,0.08224,12.823009,-0.290764,-0.396473,0.284809,-0.111664,0.112303,0.269,0.1193,-0.197563
2026-09-03,GXO,GXO Logistics,Industrials,Air Freight & Logistics,S&P 400,47.18,1.74682,5410818560,41.02609,865487,17,0.0143,0.130577,2026-08-04,2026-09-03,-0.04,11.473,0.791,,0.062953,0.15255,,-0.294241,,,,,0.01031,,,,1.08418,2026-09-03,0.227778,5.685441,15,0.266667,0.2052,0.019144,0.02993,1.812803,-0.298043,-0.06663,-0.052314,-0.118944,-0.064783,0.043,0.04502,-0.190971
2026-09-03,H,Hyatt,Consumer Discretionary,"Hotels, Resorts & Cruise Lines",S&P 400,165.39,,15585813504,204.18518,765278,24,0.0066,0.462481,2026-07-30,2026-09-03,1.105,23.692,5.85,4.331492,0.010923,0.43444,,-0.200474,0,0,0,-24488539.67,0.03359,3,10,2026-09-03,1.21891,2026-09-03,0.15,4.668661,15,0.133333,0.0854,,0.16749,4.716669,-0.040638,0.235633,-0.097172,0.138462,-0.04359,-0.066,0.02157,-0.242437
2026-09-03,HAE,Haemonetics,Health Care,Health Care Supplies,S&P 400,102.85,-6.80137,4679371776,49.68599,602058,10,0.0043,0.885704,2026-08-06,2026-09-03,0.029,15.689,4.163,2.768199,0.066855,0.59331,-0.000588,-0.061331,,,,,0.01263,,,,1.12601,2026-09-03,0.372222,2.646817,11,0.181818,0.316364,0.023642,0.17932,5.586941,0.724007,0.715819,0.187288,0.903106,0.083434,0.056,0.112,-0.232575
2026-09-03,HALO,Halozyme,Health Care,Biotechnology,S&P 400,110.76,1.0031,12571038720,32.197674,1889603,9,0.0063,0.743546,2026-08-06,2026-09-03,0.429,13.818,8.726,4.588872,0.026832,0.76271,,-0.003509,0,0,0,-7268585.98,0.01106,3,17,2026-09-03,1.12307,2026-09-03,0.316667,1.853576,15,0,0.0354,,0.59803,87.97459,0.314906,0.251229,0.242777,0.494005,-0.642024,0.477,1.73674,-0.233268
2026-09-03,HGV,Hilton Grand Vacations,Consumer Discretionary,"Hotels, Resorts & Cruise Lines",S&P 400,41.86,,3253532672,23.92,677784,11,0.0089,0.416961,2026-07-30,2026-09-03,-0.4,11.784,2.332,-0.587927,-0.039034,0.24617,,-0.244404,,,,,0.0206,,,,1.08498,2026-09-03,0.361111,8.121375,11,0,0.134091,,0.12666,2.96354,-0.300375,0.004087,-0.125362,-0.121275,-0.046668,0.062,0.11456,-0.227888
2026-09-03,HIMS,Hims & Hers Health,Health Care,Health Care Services,S&P 400,27.82,-2.99861,6490779136,51.69608,12144701,13,0.0054,0.077539,2026-08-10,2026-09-03,-0.174,36.376,2.791,,0.130868,0.69529,-0.125561,-0.57396,,,,,0.0497,,,,0.71556,2026-09-03,0.288889,3.091774,14,-0.3095,-0.001357,0.08002,-0.12751,20.028797,-0.58666,-0.282238,-0.125322,-0.40756,0.344765,0.382,-0.32033,-0.232933
2026-09-03,HL,Hecla Mining,Materials,Silver,S&P 400,21.21,2.11843,14248208384,24.95294,29465685,10,0.0049,0.452305,2026-08-04,2026-09-03,0.929,14.218,7.904,,0.024027,0.61395,,-0.37928,0,0,0,-498136.44,0.00554,1,2,2026-09-03,0.77535,2026-09-03,0.338889,-0.478462,13,0,0.145615,,0.4427,5.321124,1.123561,1.042291,0.260369,1.302661,0.065445,0.524,0.22174,-0.178566
2026-09-03,HLI,Houlihan Lokey,Financials,Investment Banking & Brokerage,S&P 400,136.86,2.74003,9564665856,23.001682,885655,8,0.0076,0.87329,2026-07-29,2026-09-03,-0.19,,3.734,-0.167743,,0.94111,-0.009374,-0.353754,0,0,0,-926000,0.00201,2,2,2026-05-07,1.05523,2026-09-03,0.461111,,7,0,0.156429,0.03068,0.18395,4.242406,-0.504482,-0.349747,0.024364,-0.325382,-0.285637,-0.155,0.17794,-0.251463
2026-09-03,HLNE,Hamilton Lane,Financials,Asset Management & Custody Banks,S&P 400,103.4,,5706192896,15.69044,399287,7,0.0087,,2026-08-04,2026-09-03,0.505,13.555,6.069,1.019973,0.040553,0.6066,,-0.335732,,,,,0.11564,,,,1.10151,2026-09-03,0.488889,0.072263,6,-0.166667,0.226333,,0.45934,4.715217,-0.473104,-0.417671,0.123666,-0.294005,0.38451,0.565,0.32416,-0.329376
2026-09-03,HOG,Harley-Davidson,Consumer Discretionary,Motorcycle Manufacturers,S&P 400,27.67,,2879686144,15.458101,1750774,11,0.0058,0.610943,2026-07-23,2026-09-03,-0.15,9.172,0.925,-1.421637,0.038209,0.27989,,-0.11456,,,,,0.01185,,,,1.11805,2026-09-03,0.294444,2.395281,15,-0.066667,0.147,0.094396,0.05633,0.929178,-0.258239,-0.131735,0.052596,-0.079139,0.059223,-0.059,0.06093,-0.331322
2026-09-03,HOMB,Home BancShares,Financials,Regional Banks,S&P 400,30,1.04412,6001488896,12.244898,1390473,7,0.004,0.920456,2026-07-15,2026-09-03,-0.016,,5.342,0.310345,,0,,-0.053628,,,,,0.06344,,,,0.79136,2026-09-03,0.472222,,7,0,0.120857,,0.57611,1.32246,-0.192393,-0.010634,-0.00266,-0.013293,,0.086,0.11106,-0.255422
2026-09-03,HQY,HealthEquity,Health Care,Managed Health Care,S&P 400,98.78,,8170616832,35.532375,443406,15,0.0043,0.694079,2026-08-27,2026-09-03,0.147,17.3,6.523,2.903594,0.048651,0.71247,,-0.082141,,,,,0.02167,,,,1.11714,2026-09-03,0.266667,1.39214,14,0.285714,0.139,,0.28415,4.115148,-0.101924,0.076379,0.000796,0.077175,-0.048443,0.076,0.11434,0.279923
2026-09-03,HR,Healthcare Realty Trust,Real Estate,Health Care REITs,S&P 400,19.27,-15.5434,6686647808,,2729305,12,0.0069,0.5487,2026-07-30,2026-09-03,,15.738,9.615,,0.073732,0.61946,,-0.125681,,,,,0.00596,,,,1.15423,2026-09-03,0.283333,6.242119,15,-0.066667,0.074467,,0.14713,1.56603,-0.075612,0.152587,-0.049099,0.103488,0.014237,-0.043,-0.0192,-0.186154
2026-09-03,HRB,H&R Block,Consumer Discretionary,Specialized Consumer Services,S&P 400,51.1,1.18812,6298888192,8.949211,1412838,3,0.004,0.251298,2026-08-11,2026-09-03,0.045,7.225,1.886,-0.449385,0.099192,0.4433,,-0.129027,,,,,0.01314,,,,1.06165,2026-09-03,0.416667,1.110201,13,0.076923,-0.121154,,0.3291,54.016914,-0.182424,-0.136393,0.133068,-0.003325,0.044464,0.03,,-0.382191
2026-09-03,HWC,Hancock Whitney,Financials,Regional Banks,S&P 400,75.6,1.0155,6064862720,14.823529,487365,10,0.0084,0.819726,2026-07-21,2026-09-03,0.174,,4.891,-0.132962,,0,,-0.056533,,,,,0.00939,,,,0.98951,2026-09-03,0.455556,,6,0.166667,0.208167,,0.4386,1.368896,-0.001073,0.186504,-0.008478,0.178026,,0.076,0.09704,-0.315527
2026-09-03,HXL,Hexcel,Industrials,Aerospace & Defense,S&P 400,92.43,,6989876224,46.681816,741998,13,0.0051,0.893442,2026-07-29,2026-09-03,2.802,20.274,3.987,-0.729323,0.036192,0.24956,0.033313,-0.172812,,,,,0.00957,,,,1.15648,2026-09-03,0.438889,2.305656,5,-0.2,0.2456,0.025925,0.13905,5.3754,0.23505,0.495227,-0.081078,0.414149,-0.018152,0.08,0.10764,-0.222498
2026-09-03,IBOC,Intl Bancshares Corp,Financials,Regional Banks,S&P 400,71.54,1.30274,4449180672,10.645834,301830,1,0.0054,0.963819,2026-08-06,2026-09-03,-0.043,,5.646,0.806035,,0,,-0.088198,,,,,0.13085,,,,0.73116,2026-09-03,0.588889,,4,0.25,0.196,,0.60488,1.318078,-0.192511,0.026511,-0.039922,-0.013412,,0,0.1292,-0.231212
2026-09-03,IDA,Idacorp,Utilities,Electric Utilities,S&P 400,136.12,,7873458688,22.42504,418947,9,0.0073,0.782475,2026-07-30,2026-09-03,0.017,17.469,6.548,,-0.155115,0.3897,,-0.121296,,,,,0.00289,,,,1.0706,2026-09-03,0.316667,5.807074,15,-0.244467,-0.1146,0.05332,0.27459,2.023608,-0.099528,0.139806,-0.060234,0.079572,-0.026464,0.042,0.09439,-0.210841
2026-09-03,IDCC,InterDigital,Information Technology,Communications Equipment,S&P 400,335.91,1.85572,8668495872,39.472385,202823,3,0.0052,0.707445,2026-07-30,2026-09-03,-0.364,18.744,10.092,1.021714,0.069314,0.82498,,-0.18587,,,,,0.01575,,,,1.09154,2026-09-03,0.4,-1.674462,14,-0.1785,0.133071,,0.53518,7.210691,-0.0332,0.031625,0.114275,0.1459,-0.412773,-0.134,0.26403,-0.414471
2026-09-03,IESC,IES Holdings,Industrials,Construction & Engineering,S&P 400,315.09,4.11379,12555930624,26.953808,370553,1,0.0026,0.711893,2026-07-31,2026-09-03,0.987,22.215,3.074,,0.026238,0.26305,0.004969,-0.228203,0,0,0,-39151578.47,0.03062,2,10,2026-09-03,0.97807,2026-09-03,0.472222,-0.563827,11,0.090909,0.225091,0.012246,0.14364,10.214276,0.50626,0.75054,-0.065181,0.68536,0.227779,0.396,0.44523,-0.478828
2026-09-03,ILMN,"Illumina, Inc.",Health Care,Life Sciences Tools & Services,S&P 400,221.66,3.94373,33470660608,39.86691,1715241,19,0.0022,0.079545,2026-07-30,2026-09-03,-0.094,30.156,7.75,-0.376022,0.023831,0.67935,0.008086,-0.043786,0,0,0,-379278799.25,0.00196,3,57,2026-09-03,1.06484,2026-09-03,0.305556,1.176623,9,0.111111,0.228444,0.595668,0.21139,11.793562,0.976465,1.027138,0.128427,1.155565,0.046398,0.094,0.32339,0.040364
2026-09-03,INGR,Ingredion,Consumer Staples,Agricultural Products & Services,S&P 400,101.68,,6412345344,11.149123,642575,6,0.0096,0.847689,2026-08-04,2026-09-03,-0.405,6.277,1.004,,0.071308,0.23728,-0.029959,-0.211661,,,,,0.00888,,,,1.01946,2026-09-03,0.45,0.720104,9,0.222222,0.183778,0.017363,0.12595,1.41821,-0.380096,-0.200731,-0.000265,-0.200997,0.020857,0.009,0.13693,-0.337063
2026-09-03,IPGP,IPG Photonics,Information Technology,Electronic Manufacturing Services,S&P 400,76.46,-2.61562,3252190976,117.630775,359941,7,0.0066,0.203588,2026-08-04,2026-09-03,-0.228,21.903,2.242,-1.026996,0.014905,0.38351,0.030704,-0.509306,,,,,0.39092,,,,0.75254,2026-09-03,0.555556,-7.812951,2,-0.5,0.148,0.367611,0.07595,1.528833,-0.271541,0.076351,-0.168792,-0.092441,-0.054403,0.111,0.01302,0.475376
2026-09-03,IRT,Independence Realty Trust,Real Estate,Multi-Family Residential REITs,S&P 400,16.13,-1.16422,3898398208,89.6111,1709003,14,0.0045,0.607521,2026-08-03,2026-09-03,-0.667,16.743,9.351,,0.047729,0.60678,,-0.112761,,,,,0.00679,,,,1.03791,2026-09-03,0.361111,6.36914,9,-0.111111,0.441111,,0.14755,1.129947,-0.274443,-0.060103,-0.035241,-0.095344,0.005858,0.03,0.01259,-0.295468
2026-09-03,ITT,ITT Inc.,Industrials,Industrial Machinery & Supplies & Components,S&P 400,203.48,1.23383,18638170112,39.357834,750121,13,0.0044,0.80765,2026-08-06,2026-09-03,-0.375,22.883,4.526,,0.013446,0.3498,-0.01448,-0.116534,1,1,0.2,851417.07,0.00526,1,2,2026-09-03,1.01414,2026-09-03,0.422222,3.461637,6,0,0.131667,0.03479,0.12396,3.789411,-0.002836,0.16146,0.014804,0.176264,0.187529,0.515,0.11569,-0.346947
2026-09-03,JAZZ,Jazz Pharmaceuticals,Health Care,Pharmaceuticals,S&P 400,247.565,,16070577152,16.806858,507614,20,0.005,0.102027,2026-08-03,2026-09-03,0.032,9.486,3.973,0.466741,0.088945,0.91354,,-0.070632,0,0,0,0,0.02958,0,0,2026-09-03,1.03032,2026-09-03,0.194444,1.146561,15,0.2,0.1928,,0.26914,3.340958,0.717194,0.898487,-0.002193,0.896293,0.081631,0.155,0.22114,0.606317
2026-09-03,JEF,Jefferies,Financials,Multi-Sector Holdings,S&P 400,54.26,2.57088,11036049408,15.156424,1150143,6,0.004,0.736247,2026-06-24,2026-09-03,1.598,,,,,0.02625,,-0.236205,0,0,0,0,0.2528,0,0,2026-09-03,0.68964,2026-09-03,0.35,,15,-0.066667,0.131133,,0.16941,1.044406,-0.364878,-0.190128,0.00435,-0.185778,0.089012,0.35,,-0.307915
2026-09-03,JLL,Jones Lang LaSalle,Real Estate,Real Estate Services,S&P 400,362.3,3.53499,16668591104,17.368168,304551,10,0.0047,0.685624,2026-07-30,2026-09-03,0.978,11.608,0.713,,0.089997,0.51232,,-0.080083,0,0,0,-3795360,0.0093,1,5,2026-09-03,0.96233,2026-09-03,0.322222,1.637717,14,0.142857,0.206357,0.007831,0.0457,2.233869,-0.041782,0.094023,0.043295,0.137318,-0.002945,0.108,0.1352,-0.158472
2026-09-03,KBH,KB Home,Consumer Discretionary,Homebuilding,S&P 400,52.31,,3207111936,12.665859,695401,12,0.0048,0.704918,2026-09-24,2026-09-03,-0.712,12.108,0.909,,0.098787,0.17731,,-0.238684,,,,,0.04371,,,,1.05786,2026-09-03,0.333333,4.350912,12,0.083333,-0.009167,0.017449,0.03631,0.844691,-0.38941,-0.129501,-0.08081,-0.210311,-0.027248,-0.273,0.06989,-0.308014
2026-09-03,KBR,"KBR, Inc.",Industrials,Diversified Support Services,S&P 400,37.29,,4701066752,11.131344,820249,7,0.005,0.883503,2026-07-30,2026-09-03,0.331,10.656,0.93,,0.05988,0.14476,,-0.286043,,,,,0.0121,,,,1.07049,2026-09-03,0.472222,3.672107,7,0.428571,0.339286,,0.07611,2.873545,-0.424502,-0.266962,0.02156,-0.245403,0.054967,0.016,0.27531,-0.336412
2026-09-03,KD,Kyndryl,Information Technology,IT Consulting & Other Services,S&P 400,13.34,1.90985,2905695488,35.105263,2779447,5,0.0098,0.313021,2026-08-05,2026-09-03,-0.729,4.449,0.389,,0.912905,0.21841,,-0.60649,,,,,0.02179,,,,0.89877,2026-09-03,0.477778,2.157252,8,0,0.2115,,0.02902,2.735288,-0.779527,-0.655824,0.055396,-0.600427,-0.064111,-0.033,0.0693,-0.165036
2026-09-03,KEX,Kirby Corporation,Industrials,Marine Transportation,S&P 400,143.27,1.1651,7564656128,22.00768,332234,6,0.0081,0.901683,2026-07-29,2026-09-03,0,11.248,2.509,-1.084536,0.0459,0.33197,,-0.091445,,,,,0.00793,,,,1.02701,2026-09-03,0.35,1.526345,15,-0.2,0.0962,,0.13833,2.210036,0.390967,0.537384,0.032682,0.570067,0.173252,0.078,0.10414,-0.401545
2026-09-03,KNF,Knife River Corporation,Materials,Construction Materials,S&P 400,62.13,1.4533,3526711296,24.852001,1098970,9,0.0073,0.283856,2026-08-04,2026-09-03,-0.135,10.426,1.558,,-0.000993,0.17828,-0.015181,-0.354695,,,,,0.00433,,,,1.03511,2026-09-03,0.45,3.292682,7,-0.285714,0.043286,0.170145,0.08802,2.196105,-0.417124,-0.071409,-0.166615,-0.238024,-0.034567,0.126,0.09122,0.312143
2026-09-03,KNSL,Kinsale Capital Group,Financials,Property & Casualty Insurance,S&P 400,382.98,1.64553,8723681280,15.288624,198919,9,0.0044,0.810228,2026-07-23,2026-09-03,0.34,11.933,4.378,1.952185,0.112579,0.31142,,-0.210351,,,,,0.05416,,,,0.96887,2026-09-03,0.45,0.019152,7,-0.142857,0.178429,,0.40678,4.286578,-0.359496,-0.250993,0.070597,-0.180396,0.065227,0.168,0.30268,-0.393148
2026-09-03,KNX,Knight-Swift,Industrials,Cargo Ground Transportation,S&P 400,69.57,3.18897,11322935296,257.66666,3911790,19,0.0049,0.532103,2026-07-22,2026-09-03,0.238,13.174,1.789,,0.043386,0.24333,,-0.160391,0,0,0,-16183489.69,0.02918,3,5,2026-09-03,1.02327,2026-09-03,0.205556,2.380202,15,-0.2,-0.0068,0.011163,0.05181,1.621716,0.384807,0.603178,-0.039272,0.563906,-0.012671,0.126,0.00611,-0.294106
2026-09-03,KRC,Kilroy Realty Corp,Real Estate,Office REITs,S&P 400,36.96,1.34356,4340676608,25.489655,1104608,14,0.007,0.554565,2026-07-27,2026-09-03,-0.702,14.792,8.161,,0.165412,0.65379,,-0.179214,,,,,0.009,,,,1.23665,2026-09-03,0.377778,7.304983,8,-0.125,0.2145,,0.23993,0.82254,-0.325001,-0.118093,-0.027808,-0.145902,0.032239,-0.06,0.03431,-0.264418
2026-09-03,KRG,Kite Realty Group Trust,Real Estate,Retail REITs,S&P 400,26.09,,5353577472,16.408804,1800700,10,0.0061,0.349998,2026-07-30,2026-09-03,0.58,16.972,10.089,,0.028533,0.73175,,-0.128008,,,,,0.00785,,,,1.05984,2026-09-03,0.372222,5.758929,11,-0.090909,-0.030909,0.11273,0.24018,1.8218,-0.050123,0.190332,-0.061355,0.128977,0.0119,-0.08,0.10738,-0.219285
2026-09-03,KRYS,Krystal Biotech,Health Care,Biotechnology,S&P 400,371.47,,10995079168,46.550125,226477,8,0.0095,0.624663,2026-08-03,2026-09-03,0.388,50.972,23.062,2.411046,0.013801,0.94639,,-0.028925,0,0,0,-8575222.56,0.10828,2,9,2026-09-03,1.02535,2026-09-03,0.461111,-4.198733,7,0.142857,0.048571,0.204573,0.48999,8.088975,1.278011,1.393685,0.063426,1.457111,-0.078142,0.241,0.20124,-0.42386
2026-09-03,KTOS,Kratos Defense & Security Solutions,Industrials,Aerospace & Defense,S&P 400,48.1,,9029395456,282.94116,3874448,21,0.0051,0.635898,2026-08-04,2026-09-03,0.074,89.487,5.114,,-0.0131,0.23002,,-0.641045,0,0,0,-2641162.75,0.01276,7,20,2026-05-07,0.85385,2026-09-03,0.183333,-14.298851,15,-0.066667,0.398267,,-0.00174,2.632587,-0.441868,-0.182427,-0.080341,-0.262768,-0.015993,0.305,0.01147,-0.313894
2026-09-03,LAD,Lithia Motors,Consumer Discretionary,Automotive Retail,S&P 400,378.98,1.81613,8331161600,12.328563,215532,16,0.0055,0.792627,2026-07-29,2026-09-03,0.169,12.9,0.654,-0.681944,0.065735,0.15438,,-0.137682,,,,,0.01201,,,,1.16539,2026-09-03,0.238889,8.553106,15,-0.066667,-0.006533,,0.04611,1.302314,-0.087769,0.003521,0.08781,0.09133,0.037316,0.022,0.10719,-0.443948
2026-09-03,LAMR,Lamar Advertising Company,Real Estate,Other Specialized REITs,S&P 400,151.55,3.30053,15389854720,27.604738,298963,5,0.0118,0.834547,2026-08-06,2026-09-03,0.039,19.188,8.732,0.694195,0.036303,0.67431,,-0.088859,0,0,0,0,0.00814,0,0,2026-09-03,1.00152,2026-09-03,0.444444,4.638325,10,0,0.1178,,0.33283,15.670563,0.004402,0.215623,-0.032122,0.183501,-0.009262,0.065,0.59433,-0.254968
2026-09-03,LEA,Lear,Consumer Discretionary,Automotive Parts & Equipment,S&P 400,131.05,1.11882,8724623360,12.06722,487544,14,0.0077,0.778086,2026-07-31,2026-09-03,0.239,5.364,0.385,,0.098456,0.07696,0.002926,-0.128251,,,,,0.00488,,,,1.10899,2026-09-03,0.277778,1.47623,14,0,0.119429,0.004593,0.04153,1.252988,-0.012058,0.172603,-0.005561,0.167042,-0.017527,0.03,0.12094,-0.079542
2026-09-03,LECO,Lincoln Electric,Industrials,Industrial Machinery & Supplies & Components,S&P 400,273.83,,14925309952,27.355642,267015,11,0.0052,0.861783,2026-07-30,2026-09-03,0.125,17.949,3.545,4.457247,0.020574,0.36052,,-0.116677,0,0,0,-232214.45,0.0152,1,1,2026-09-03,0.83103,2026-09-03,0.427778,1.084358,7,-0.142857,0.103143,,0.18243,9.603353,-0.063391,0.093097,0.022612,0.115709,-0.036624,0.12,0.37736,0.099022
2026-09-03,LFUS,Littelfuse,Information Technology,Electronic Components,S&P 400,414.24,,10521177088,,148756,4,0.0025,0.846637,2026-07-29,2026-09-03,0.517,18.571,4.055,0.731388,0.03467,0.39343,,-0.172463,0,0,0,-431788.85,0.01605,1,3,2026-05-07,1.03588,2026-09-03,0.488889,0.138036,8,0.25,0.25475,,0.18799,4.017886,0.384012,0.594774,-0.031663,0.563112,0.096436,0.204,-0.00309,-0.419152
2026-09-03,LIVN,LivaNova,Health Care,Health Care Equipment,S&P 400,81.2,-1.45632,4460602880,24.311377,694081,10,0.0066,0.121311,2026-08-05,2026-09-03,2.878,16.564,2.928,1.355404,0.013423,0.67743,,-0.053172,,,,,0.00418,,,,1.13158,2026-09-03,0.455556,-0.63301,6,-0.333333,0.266667,,0.13544,3.372933,0.242325,0.414509,0.006916,0.421425,,0.108,0.15404,-0.14396
2026-09-03,LNTH,Lantheus Holdings,Health Care,Health Care Supplies,S&P 400,100.98,16.864,6591203840,24.100239,737067,9,0.0068,0.716978,2026-08-06,2026-09-03,-0.009,16.885,4.255,,0.068524,0.60143,,-0.097264,,,,,0.02076,,,,1.17146,2026-09-03,0.466667,0.080719,6,0,0.279333,,0.25817,5.02413,0.693996,0.896041,-0.022946,0.873096,-0.078516,0.027,0.22215,-0.087265
2026-09-03,LOPE,Grand Canyon Education,Consumer Discretionary,Education Services,S&P 400,152.45,1.91189,3973614592,18.411837,282341,3,0.0059,0.716252,2026-07-30,2026-09-03,0.182,10.46,3.286,-0.089997,0.05178,0.53271,,-0.31649,,,,,0.02179,,,,1.05372,2026-09-03,0.45,-0.474687,11,-0.363636,0.381091,,0.22023,5.89817,-0.44682,-0.304958,0.037237,-0.267721,-0.013844,0.067,0.30979,-0.121404
2026-09-03,LPX,Louisiana-Pacific,Industrials,Building Products,S&P 400,67.73,,4735912448,87.961044,895679,13,0.0101,0.601414,2026-08-05,2026-09-03,-0.518,19.007,1.978,-1.180959,-0.020271,0.18023,-0.061063,-0.33126,,,,,0.09481,,,,0.98263,2026-09-03,0.322222,0.579767,12,0.083333,0.182917,0.072315,0.05271,2.718552,-0.489239,-0.22078,-0.089359,-0.310139,0.086653,-0.121,0.03098,-0.140279
2026-09-03,LSCC,Lattice Semiconductor,Information Technology,Semiconductors,S&P 400,113.63,,16138899456,454.52,1583851,13,0.0052,0.602997,2026-08-04,2026-09-03,6,173.694,24.579,0.221138,0.009608,0.69024,,-0.276288,0,0,0,-2359257.14,0.00602,2,6,2026-09-03,1.03223,2026-09-03,0.372222,-1.46763,9,-0.222222,0.232111,,0.1333,19.792719,0.54714,0.843126,-0.116887,0.726239,0.095945,0.622,0.04927,-0.349332
2026-09-03,LSTR,Landstar System,Industrials,Cargo Ground Transportation,S&P 400,174.33,,5916224000,45.163216,283059,16,0.0074,0.780371,2026-10-27,2026-09-03,0.201,23.305,1.143,,0.016344,0.19034,,-0.236934,,,,,0.00775,,,,1.03861,2026-09-03,0.472222,-0.851736,1,0,0.34,0.011958,0.04615,7.070777,0.121139,0.398781,-0.098543,0.300238,0.023273,0.181,0.14978,-0.288755
2026-09-03,M,Macy's,Consumer Discretionary,Broadline Retail,S&P 400,22.47,,5910462464,9.285124,4486529,11,0.0083,0.341686,2026-09-10,2026-09-03,0.769,6.907,0.428,-4.277778,0.126703,0.40308,,-0.154945,,,,,0.03159,,,,0.98204,2026-09-03,0.294444,2.709517,15,-0.133333,0.158867,0.010197,0.01758,1.221926,0.114611,0.349728,-0.056017,0.29371,0.018616,0.021,0.14363,0.050264
2026-09-03,MANH,Manhattan Associates,Information Technology,Application Software,S&P 400,222.35,2.57416,12964111360,62.10894,534104,10,0.0092,0.93038,2026-07-28,2026-09-03,-0.086,44.412,11.394,1.305164,0.02477,0.5581,,-0.020614,0,0,0,-2044701.5,0.01352,3,4,2026-09-03,1.13109,2026-09-03,0.338889,-0.45765,13,-0.076923,0.150385,0.022103,0.25015,82.2909,-0.146173,-0.210008,0.242934,0.032927,0.019208,0.093,0.96378,-0.080144
2026-09-03,MAT,Mattel,Consumer Discretionary,Leisure Products,S&P 400,14.3,-2.32241,4085510144,10.916031,4035499,13,0.0069,0.397323,2026-08-04,2026-09-03,,9.653,1.149,,0.104103,0.47605,-0.027748,-0.363879,,,,,0.01032,,,,1.08991,2026-09-03,0.288889,3.401167,14,0.071429,0.193286,0.126549,0.01323,2.04461,-0.394113,-0.207766,-0.007248,-0.215013,0.061822,0.105,0.20497,-0.283924
2026-09-03,MEDP,Medpace,Health Care,Life Sciences Tools & Services,S&P 400,593.39,6.23917,16562497536,34.864277,143228,12,0.0078,0.870627,2026-07-22,2026-09-03,0.371,26.512,5.824,1.938054,0.030816,0.7235,,-0.124664,0,0,0,-51518362.2,0.19461,5,11,2026-09-03,0.9138,2026-09-03,0.4,-0.586675,8,-0.375,0.290875,,0.20757,38.172405,0.038651,0.178577,0.039173,0.21775,,0.172,1.62154,-0.279085
2026-09-03,MIDD,Middleby,Industrials,Industrial Machinery & Supplies & Components,S&P 400,112.4,-3.55753,5082992128,17.082067,368280,9,0.0034,0.012217,2026-08-11,2026-09-03,-0.393,9.854,2.042,1.929557,0.118847,0.38401,-0.014005,-0.243352,,,,,0.01613,,,,1.0706,2026-09-03,0.35,2.618327,13,0,0.127077,0.243596,0.17361,2.300027,-0.211413,0.091549,-0.123863,-0.032314,-0.050745,0.099,0.10974,-0.327581
2026-09-03,MKSI,MKS Instruments,Information Technology,Semiconductor Materials & Equipment,S&P 400,249.65,,16880722944,40.008015,1136865,14,0.0044,0.598067,2026-08-05,2026-09-03,1.62,19.353,4.706,,0.028457,0.46952,0.011192,-0.442272,0,0,0,-5452690.58,0.00484,5,8,2026-09-03,1.0674,2026-09-03,0.311111,3.382214,12,0,0.271583,0.023617,0.20593,5.648062,1.226681,1.629896,-0.224115,1.405781,0.130922,0.283,0.15846,-0.115768
2026-09-03,MLI,Mueller Industries,Industrials,Industrial Machinery & Supplies & Components,S&P 400,62.96,1.43386,13925579776,16.395834,1074853,2,0.0033,0.810582,2026-07-21,2026-09-03,0.018,11.53,2.695,,0.037696,0.28776,,-0.114736,0,0,0,-29524958.02,0.02122,4,7,2026-09-03,0.94582,2026-09-03,0.544444,-1.277132,6,0,0.098667,0.02478,0.2181,3.925187,0.093609,0.273248,-0.00054,0.272709,0.061766,0.255,0.26325,-0.091047
2026-09-03,MMS,Maximus Inc.,Industrials,Data Processing & Outsourced Services,S&P 400,58.43,1.45859,3059264256,8.517492,441861,2,0.0051,0.802417,2026-08-06,2026-09-03,0.048,6.844,0.902,,0.115738,0.25594,,-0.4157,,,,,0.01824,,,,1.10414,2026-09-03,0.411111,2.422097,14,-0.071429,0.270071,,0.12622,1.757663,-0.528439,-0.359983,0.010644,-0.349339,0.01057,-0.051,0.21112,-0.325957
2026-09-03,MOG.A,Moog Inc.,Industrials,Aerospace & Defense,S&P 400,370.12,1.35831,11722132480,31.050335,224202,5,,,2026-07-31,,1.59,20.241,2.965,,0.028448,0.28204,,-0.175404,,,,,0.0185,,,,1.03551,2026-09-03,0.444444,1.705739,10,-0.1,0.0753,,0.14516,5.272891,0.694477,0.958311,-0.084735,0.873576,,0.152,0.18106,-0.238092
2026-09-03,MOH,Molina Healthcare,Health Care,Managed Health Care,S&P 400,202.91,14.3129,10591901696,,384368,17,0.0055,0.634679,2026-10-21,2026-09-03,-0.753,14.436,0.133,0.82498,0.066112,0.08427,,-0.171424,,,,,0.0142,,,,1.11617,2026-09-03,0.311111,-12.723078,10,0.1,-0.0232,0.014898,0.01398,2.529671,-0.018951,0.198835,-0.038687,0.160149,-0.016906,-0.057,-0.0016,-0.41398
2026-09-03,MORN,"Morningstar, Inc.",Financials,Financial Exchanges & Data,S&P 400,215.76,2.8408,8093927936,20.509504,249677,3,0.0096,0.813191,2026-07-29,2026-09-03,0.354,13.932,3.692,0.495041,0.061503,0.6224,,-0.174504,,,,,0.4967,,,,0.66661,2026-09-03,0.383333,2.030584,15,0,0.1014,0.02293,0.24216,7.905903,-0.363519,-0.33524,0.150821,-0.184419,-0.012077,0.096,0.3196,-0.312534
2026-09-03,MP,MP Materials,Materials,Diversified Metals & Mining,S&P 400,53.78,-1.6819,9578302464,,3418806,16,0.0099,0.555865,2026-08-06,2026-09-03,,,22.873,,-0.045201,0.42326,,-0.463546,0,0,0,-22804795.56,0.19617,3,4,2026-05-07,0.77549,2026-09-03,0.255556,-11.579875,14,-0.214286,-0.073071,,-0.1472,4.892204,-0.311534,-0.177583,0.045149,-0.132435,-0.808878,1.197,-0.03585,-0.077613
2026-09-03,MSA,MSA Safety,Industrials,Office Services & Supplies,S&P 400,187.71,,7241530880,23.376091,250388,7,0.0026,0.886293,2026-07-30,2026-09-03,0.403,14.824,3.95,-3.475512,0.0437,0.47571,0.029767,-0.101522,,,,,0.06078,,,,0.95992,2026-09-03,0.422222,0.855022,10,-0.1,0.1409,0.013753,0.24592,5.183068,-0.073092,0.066492,0.039515,0.106007,-0.038763,0.062,0.2366,-0.292688
2026-09-03,MSM,MSC Industrial Direct,Industrials,Trading Companies & Distributors,S&P 400,117.89,1.2192,5852831744,28.136038,644291,7,0.0037,0.807186,2026-10-22,2026-09-03,0.411,15.91,1.808,-0.269762,0.031846,0.40823,,-0.096351,,,,,0.26757,,,,0.86775,2026-09-03,0.488889,1.08395,6,0,-0.049333,,0.10195,4.638234,0.083174,0.295882,-0.033608,0.262274,-0.024127,0.078,0.16322,-0.27136
2026-09-03,MTDR,Matador Resources,Energy,Oil & Gas Exploration & Production,S&P 400,59.72,,7390601728,10.243568,1353528,19,0.0027,0.641136,2026-08-05,2026-09-03,1.606,5.001,3.127,,-0.122827,0.8239,,-0.106523,,,,,0.07092,,,,0.98779,2026-09-03,0.255556,1.788471,12,0,0.070833,0.12038,0.492,1.249059,0.012262,0.055132,0.13623,0.191362,0.662724,0.268,0.13592,-0.104289
2026-09-03,MTG,MGIC Investment Corporation,Financials,Reinsurance,S&P 400,31.47,1.3853,6455278080,9.834374,1075777,5,0.0058,0.924676,2026-07-29,2026-09-03,0.062,7.464,5.767,-0.090973,0.080378,0.92607,,-0.01317,,,,,0.01863,,,,1.02093,2026-09-03,0.427778,0.4759,11,0,0.172909,,0.80852,1.296876,-0.086142,0.034296,0.058662,0.092958,0.000791,-0.029,0.13923,-0.120151
2026-09-03,MTN,Vail Resorts,Consumer Discretionary,"Hotels, Resorts & Cruise Lines",S&P 400,136.06,-17.6086,4848297984,29.386608,575514,13,0.0034,0.447193,2026-06-08,2026-09-03,-0.158,10.875,2.86,0.410089,0.027816,0.4333,,-0.167014,,,,,0.0164,,,,1.328,2026-09-03,0.322222,3.875285,12,-0.25,-0.06,0.500856,0.42097,8.787135,-0.320733,-0.073153,-0.06848,-0.141634,-0.022901,-0.07,0.1685,-0.2745
2026-09-03,MTSI,MACOM Technology Solutions,Information Technology,Semiconductors,S&P 400,259.95,,19852623872,82.00316,942605,15,0.006,0.175027,2026-08-06,2026-09-03,1.667,71.014,16.842,0.731823,0.005256,0.56536,0.029937,-0.379446,0,0,0,-3484505.21,0.06551,3,21,2026-09-03,0.97389,2026-09-03,0.35,-0.901928,9,-0.333333,0.201556,0.046103,0.23337,12.88412,0.804267,1.096895,-0.113528,0.983367,0.132686,0.358,0.17184,-0.341153
2026-09-03,MTZ,MasTec,Industrials,Construction & Engineering,S&P 400,232.28,-1.29605,18653233152,37.464516,1401596,19,0.0087,0.522155,2026-07-30,2026-09-03,0.514,16.399,1.332,,-0.003104,0.12914,,-0.473801,0,0,0,0,0.2116,0,0,2026-09-03,0.76507,2026-09-03,0.272222,2.231481,11,0.181818,0.154727,0.014694,0.05424,5.214971,0.142979,0.586412,-0.264333,0.322079,-0.110688,0.234,0.16176,0.065109
2026-09-03,MUR,Murphy Oil,Energy,Oil & Gas Exploration & Production,S&P 400,37.32,,5349806080,18.66,1178266,14,0.0059,0.565758,2026-08-05,2026-09-03,9.166,4.101,2.431,,0.064436,0.82673,,-0.138902,,,,,0.05691,,,,0.926,2026-09-03,0.361111,1.003366,9,-0.111111,0.077222,0.098225,0.3793,1.017309,0.332734,0.467607,0.044226,0.511833,0.232691,0.356,0.06461,-0.206035
2026-09-03,MUSA,Murphy USA,Consumer Discretionary,Automotive Retail,S&P 400,522.3,,9600055296,15.977364,179721,10,0.008,0.723246,2026-08-05,2026-09-03,0.531,9.899,0.638,-0.255363,0.040291,0.08061,,-0.178838,0,0,0,-24926552.89,0.09842,2,4,2026-05-07,0.87596,2026-09-03,0.322222,2.101202,14,0,0.008,,0.04905,12.26517,0.213872,0.478628,-0.085656,0.392972,0.110882,0.408,0.86394,-0.029989
2026-09-03,MZTI,The Marzetti Company,Consumer Staples,Packaged Foods & Meats,S&P 400,105.64,-5.14502,2883021312,15.13467,407051,5,0.0048,0.835845,2026-08-25,2026-09-03,0.495,10.196,1.612,,0.046058,0.24732,0.005047,-0.434929,,,,,0.29322,,,,0.72007,2026-09-03,0.444444,0.74931,10,-0.3,0.1286,0.022821,0.10899,2.737568,-0.573532,-0.335735,-0.058697,-0.394432,-0.026747,-0.022,0.18678,0.353265
2026-09-03,NBIX,Neurocrine Biosciences,Health Care,Biotechnology,S&P 400,158.35,,16096148480,23.083092,758259,27,0.0058,0.626822,2026-07-30,2026-09-03,0.311,17.703,4.792,4.709474,0.039652,0.6448,,-0.149205,0,0,0,-11251608.8,0.01061,4,14,2026-09-03,1.02869,2026-09-03,0.266667,0.078616,6,0.166667,0.1355,,0.2219,4.35578,-0.084096,0.142197,-0.047193,0.095003,,0.395,0.22089,-0.138373
2026-09-03,NEU,NewMarket Corporation,Materials,Specialty Chemicals,S&P 400,900.15,,8278145024,19.56848,87207,,0.008,0.908577,2026-07-29,2026-09-03,0.229,12.449,3.327,4.177702,0.052611,0.31494,0.008174,-0.083033,,,,,0.19161,,,,0.67897,2026-09-03,0.225,1.15469,11,-0.272727,-0.185364,0.013591,0.23868,4.503047,-0.070637,0.044042,0.064421,0.108463,0.114108,0.07,0.25123,-0.027252
2026-09-03,NFG,National Fuel Gas,Utilities,Gas Utilities,S&P 400,83.53,,7939116544,11.585298,584304,2,0.0062,0.600353,2026-07-29,2026-09-03,-0.116,6.739,4.086,1.761588,-0.003119,0.63229,,-0.139398,,,,,0.01297,,,,0.85316,2026-09-03,0.444444,1.530202,12,0,0.130667,0.186214,0.40073,2.023204,-0.217801,-0.069135,0.030433,-0.038701,-0.165278,0.011,0.19576,-0.357309
2026-09-03,NJR,New Jersey Resources,Utilities,Gas Utilities,S&P 400,53.72,14.9146,5450857984,14.880887,396628,7,0.0047,0.529158,2026-08-03,2026-09-03,0.069,12.36,4.17,,-0.047596,0.39178,,-0.117318,,,,,0.0048,,,,0.8194,2026-09-03,0.572222,5.113412,1,0,0.527,0.20464,0.09133,2.045775,-0.039036,0.190675,-0.050612,0.140064,-0.028184,0.168,0.14453,-0.233904
2026-09-03,NLY,Annaly Capital Management,Financials,Mortgage REITs,S&P 400,22.83,,17207300096,5.487981,6759993,11,0.0074,0.483252,2026-07-21,2026-09-03,1.225,,44.186,,,0.97972,,-0.068923,0,0,0,-1144500,0.00104,1,1,2026-09-03,0.61833,2026-09-03,0.427778,,7,-0.142857,0.216,,0.91652,1.133115,-0.137356,0.044338,-0.002595,0.041743,,4.794,0.19567,-0.214791
2026-09-03,NNN,NNN Reit,Real Estate,Retail REITs,S&P 400,45.18,,8595412992,22.256159,1412117,15,0.0057,0.950538,2026-08-05,2026-09-03,-0.037,15.881,14.339,,-0.159599,0.96094,,-0.0964,,,,,0.00859,,,,1.02164,2026-09-03,0.316667,5.806077,11,0.181818,0.043364,0.033648,0.61697,1.943978,-0.139423,0.079083,-0.039406,0.039677,0.005047,0.077,0.08719,-0.26135
2026-09-03,NOV,NOV Inc.,Energy,Oil & Gas Equipment & Services,S&P 400,21.49,-1.01335,7660714496,79.59259,2220363,19,0.0041,0.642495,2026-07-28,2026-09-03,0.076,9.005,1.028,-0.331343,0.0879,0.21646,-0.027856,-0.015575,,,,,0.00732,,,,1.0855,2026-09-03,0.405556,1.178499,3,-0.333333,0.530333,0.031878,0.0717,1.237475,0.45078,0.544493,0.085386,0.62988,-0.017405,-0.025,0.01545,-0.091195
2026-09-03,NOVT,Novanta,Information Technology,Electronic Equipment & Instruments,S&P 400,147.24,1.88209,5568288256,91.45342,270068,2,0.0074,0.733839,2026-08-05,2026-09-03,1.5,28.379,4.987,1.48045,0.02126,0.44545,,-0.165211,,,,,0.00707,,,,1.23563,2026-09-03,0.577778,-2.393193,4,0.25,0.0595,,0.11497,3.444614,0.073783,0.281353,-0.02847,0.252882,-0.146801,0.103,0.05109,-0.306703
2026-09-03,NTNX,Nutanix,Information Technology,Systems Software,S&P 400,68.08,1.83995,18403420160,12.942965,1543585,15,0.0065,0.606986,2026-08-26,2026-09-03,0.832,45.403,6.16,,0.040553,0.86927,-0.001372,-0.173987,0,0,0,0,0.02197,0,0,2026-09-03,0.96572,2026-09-03,0.3,-2.176768,12,0.166667,0.302083,0.040445,0.13588,26.214865,-0.223007,-0.192291,0.148384,-0.043907,-0.003731,0.159,,0.074773
2026-09-03,NVST,Envista Holdings,Health Care,Health Care Supplies,S&P 400,27.59,,4431442944,47.568966,2331671,14,0.006,0.244748,2026-08-05,2026-09-03,1.113,12.048,1.713,0.940092,0.060452,0.55421,0.014857,-0.093031,,,,,0.0059,,,,1.20937,2026-09-03,0.277778,1.138355,14,-0.071429,-0.036929,0.627708,0.1039,1.440355,0.106212,0.270011,0.015301,0.285312,-0.072664,0.071,0.03057,-0.339688
2026-09-03,NVT,nVent Electric plc,Industrials,Electrical Components & Equipment,S&P 400,152.09,2.64561,24616972288,42.247223,2081003,15,0.0096,0.657153,2026-07-31,2026-09-03,0.98,24.766,5.377,,0.018384,0.36454,-0.006789,-0.176289,0,0,0,-12276795.34,0.00797,3,6,2026-09-03,0.93651,2026-09-03,0.4,1.311833,6,0.166667,0.135333,0.016922,0.18827,6.174488,0.41756,0.633544,-0.036884,0.59666,-0.006989,0.528,0.15748,0.309269
2026-09-03,NWE,NorthWestern Energy,Utilities,Multi-Utilities,S&P 400,70.9,1.01154,4361615360,25.595669,483015,6,0.0108,0.707386,2026-07-29,2026-09-03,0.157,13.408,4.703,,-0.05571,0.55587,,-0.05693,,,,,0.0066,,,,0.97904,2026-09-03,0.466667,6.055715,8,-0.5,0.019875,0.030121,0.17343,1.506331,0.032117,0.214613,-0.003396,0.211217,0.079257,0.146,0.05935,-0.212074
2026-09-03,NXST,Nexstar Media Group,Communication Services,Broadcasting,S&P 400,177.67,,5473710592,33.58601,220001,8,0.0092,0.782696,2026-11-05,2026-09-03,0.18,10.206,2.951,-0.072351,0.146267,0.55071,,-0.301337,,,,,0.06687,,,,1.03039,2026-09-03,0.494444,6.984697,5,0,-0.013,0.027503,0.21224,2.41649,-0.328329,-0.119644,-0.029585,-0.149229,0.490363,0.622,0.07434,-0.206855
2026-09-03,NXT,Nextpower,Industrials,Electrical Components & Equipment,S&P 400,83.5,1.15081,12828802048,21.30102,1424135,27,0.0067,0.867922,2026-07-30,2026-09-03,0.029,15.347,3.166,,0.02526,0.22983,0.033159,-0.488138,0,0,0,-1674951.48,0.00634,3,4,2026-09-03,1.09638,2026-09-03,0.116667,-1.569589,15,0.133333,0.217,0.009364,0.20858,4.952257,0.019884,0.366423,-0.167439,0.198983,-0.25648,0.082,0.27224,-0.315762
2026-09-03,NYT,New York Times Company,Communication Services,Publishing,S&P 400,67.06,,10815676416,27.941664,1269134,9,0.0034,0.797047,2026-08-05,2026-09-03,0.14,18.213,3.441,,0.042525,0.50959,,-0.23008,0,0,0,0,0.1129,0,0,2026-09-03,0.9586,2026-09-03,0.316667,-1.185188,15,-0.266667,-0.052867,,0.17122,5.29073,-0.031786,0.194754,-0.04744,0.147313,-0.019584,0.113,0.19724,-0.105214
2026-09-03,OC,Owens Corning,Industrials,Building Products,S&P 400,134.71,,10648648704,,1142495,15,0.0049,0.254972,2026-08-05,2026-09-03,-0.342,8.348,1.64,-3.905405,0.081654,0.26231,-0.025957,-0.157589,0,0,0,-129663,0.01111,1,1,2026-09-03,1.11635,2026-09-03,0.25,2.82213,15,0,-0.033667,0.099636,0.17816,2.821329,-0.316255,-0.064644,-0.072511,-0.137155,-0.128712,0.003,-0.09451,-0.179921
2026-09-03,OGE,OGE Energy,Utilities,Multi-Utilities,S&P 400,46.89,,9686595584,20.386957,1354099,11,0.0044,0.60623,2026-07-29,2026-09-03,0.057,12.081,4.8,0.586028,0.013085,0.44762,,-0.073137,,,,,0.00405,,,,0.81879,2026-09-03,0.411111,4.545122,8,0.125,0.379875,0.08105,0.26549,1.944594,-0.126778,0.070932,-0.018611,0.052322,-0.075899,-0.04,0.09703,0.032165
2026-09-03,OGS,One Gas,Utilities,Gas Utilities,S&P 400,80.54,,5062444032,17.35776,311292,8,0.0042,0.597077,2026-11-02,2026-09-03,0.396,10.757,3.653,1.235646,-0.043443,0.38094,,-0.1128,,,,,0.0108,,,,0.95835,2026-09-03,0.511111,4.308182,4,0.25,0.032,,0.19847,1.429586,-0.126987,0.036839,0.015273,0.052112,,-0.029,0.08576,-0.260017
2026-09-03,OHI,Omega Healthcare Investors,Real Estate,Health Care REITs,S&P 400,47.04,10.6404,15019744256,16.740213,1526925,18,0.0063,0.66037,2026-07-29,2026-09-03,1.613,16.242,14.666,,0.044308,0.97924,,-0.102119,0,0,0,0,0.00197,0,0,2026-09-03,0.83303,2026-09-03,0.3,3.506289,10,0,0.2171,,0.61487,2.610143,-0.079404,0.126089,-0.026393,0.099696,-0.0049,0.112,0.16529,-0.196906
2026-09-03,OKTA,"Okta, Inc.",Information Technology,Application Software,S&P 400,170.42,4.45603,29792983040,102.66265,3320375,43,0.007,0.511262,2026-08-26,2026-09-03,0.757,85.816,8.964,,0.034828,0.78132,0.027043,-0.025336,0,0,0,-10857001.91,0.0056,3,12,2026-09-03,0.9944,2026-09-03,0.133333,-6.996885,12,-0.083333,0.1945,0.062792,0.13292,4.331427,0.63893,0.633562,0.184468,0.81803,-0.006149,0.106,0.04313,0.508259
2026-09-03,OLED,Universal Display,Information Technology,Semiconductors,S&P 400,82.64,-1.101,3798699264,19.961353,705768,9,0.0057,0.840185,2026-07-30,2026-09-03,-0.249,13.004,5.518,1.660946,0.029441,0.73768,-0.013592,-0.461207,,,,,0.08344,,,,0.97412,2026-09-03,0.316667,-1.745847,15,0.333333,0.264533,0.042224,0.35258,2.268771,-0.60437,-0.409717,-0.015553,-0.42527,0.030429,-0.114,0.11516,-0.023706
2026-09-03,OLLI,Ollie's Bargain Outlet,Consumer Discretionary,Broadline Retail,S&P 400,73.69,,4454803456,16.48546,2607790,15,0.0087,0.789286,2026-09-02,2026-09-03,0.434,13.314,1.778,1.568938,0.030365,0.40614,0.035305,-0.470656,,,,,0.00342,,,,1.22722,2026-09-03,0.25,1.442598,15,-0.333333,0.068533,0.017385,0.10815,2.364511,-0.625351,-0.466485,0.020233,-0.446252,-0.051584,0.091,0.14862,-0.032903
2026-09-03,OLN,Olin Corporation,Materials,Diversified Chemicals,S&P 400,16.97,-3.90714,1934282752,,2715087,13,0.0051,0.098655,2026-07-30,2026-09-03,,8.216,0.77,1.512445,0.161197,0.06858,0.019168,-0.442876,,,,,0.00388,,,,1.07112,2026-09-03,0.388889,5.138562,8,0,-0.047,0.036788,0.0403,1.130203,-0.445711,-0.116199,-0.150413,-0.266611,0.027895,-0.009,-0.10585,-0.097134
2026-09-03,ONB,Old National Bank,Financials,Regional Banks,S&P 400,25.98,1.28655,9939168256,11.344978,3371981,11,0.0039,0.855439,2026-07-22,2026-09-03,0.929,,6.448,1.030638,,0,,-0.050439,,,,,0.00675,,,,0.98008,2026-09-03,0.477778,,4,-0.25,0.11525,,0.52542,1.189724,-0.072065,0.119645,-0.01261,0.107035,-0.095618,0.288,0.10608,-0.23262
2026-09-03,ONTO,Onto Innovation,Information Technology,Semiconductor Materials & Equipment,S&P 400,252.46,,15431223296,94.554306,856282,11,0.0081,0.790564,2026-08-06,2026-09-03,0.754,38.765,10.694,1.090956,0.013152,0.55492,0.052508,-0.346737,0,0,0,-302300,0.00711,1,1,2026-09-03,1.01216,2026-09-03,0.294444,-1.32817,15,0.066667,0.022533,0.045062,0.2297,6.438335,1.317713,1.646454,-0.149642,1.496812,0.257995,0.353,0.06825,-0.355697
2026-09-03,OPCH,Option Care Health,Health Care,Health Care Facilities,S&P 400,24.46,2.55765,3663747072,18.530302,1574781,12,0.0064,0.9375,2026-07-29,2026-09-03,0.129,11.689,0.832,-1.47779,0.069892,0.19058,,-0.335326,,,,,0.0128,,,,1.08765,2026-09-03,0.366667,2.644566,10,0.1,0.4199,,0.05903,2.907751,-0.350399,-0.249193,0.077894,-0.1713,0.142479,0.019,0.15999,-0.360466
2026-09-03,ORA,Ormat Technologies,Utilities,Renewable Electricity,S&P 400,104.19,,6407366144,51.073532,595719,12,0.0026,0.790583,2026-08-05,2026-09-03,-0.065,17.969,7.953,-2.646208,-0.049646,0.2793,,-0.288271,,,,,0.00418,,,,0.92106,2026-09-03,0.316667,5.509385,13,0.153846,0.144923,,0.13597,2.466678,-0.029923,0.177824,-0.028647,0.149177,-0.008198,0.106,0.04778,-0.260408
2026-09-03,ORI,Old Republic International,Financials,Property & Casualty Insurance,S&P 400,42.57,1.14041,10277799936,9.234273,1094667,2,0.006,0.768426,2026-07-23,2026-09-03,0.617,6.351,1.015,,0.138034,0.63918,,-0.089607,,,,,0.07734,,,,0.79059,2026-09-03,0.444444,-0.236302,12,-0.083333,0.019667,,0.17449,1.681213,-0.138556,0.029985,0.010559,0.040544,-0.001294,0.134,0.18571,-0.245071
2026-09-03,OSK,Oshkosh,Industrials,Construction Machinery & Heavy Transportation Equipment,S&P 400,156.36,2.26961,9653626880,17.509518,469701,17,0.005,0.696291,2026-07-28,2026-09-03,-0.076,9.933,0.976,-2.43323,0.076037,0.15898,,-0.133692,,,,,0.00728,,,,1.04178,2026-09-03,0.244444,0.670824,14,-0.285714,-0.102071,,0.08405,2.135861,-0.083664,0.052652,0.042784,0.095436,-0.081834,0.067,0.12387,-0.2941
2026-09-03,OVV,Ovintiv,Energy,Oil & Gas Exploration & Production,S&P 400,65.91,-1.49454,18230706176,18.671389,2354175,23,0.0055,0.314727,2026-07-23,2026-09-03,0.373,4.606,2.361,0.881426,0.067496,0.53859,,-0.0237,0,0,0,-490919.96,0.00467,1,1,2026-09-03,0.96945,2026-09-03,0.161111,0.886727,15,0.133333,0.071267,0.18964,0.36177,1.585404,0.449277,0.530758,0.097618,0.628377,0.234619,0.297,0.08411,-0.142204
2026-09-03,OZK,Bank OZK,Financials,Regional Banks,S&P 400,50.17,1.72344,5470416896,8.13128,1097850,9,,,2026-07-21,,-0.057,,3.172,,,0,,-0.065039,,,,,0.06826,,,,0.99542,2026-09-03,0.45,,7,0,0.021143,,0.55609,0.921108,-0.236979,-0.045175,-0.012705,-0.05788,,-0.021,0.11329,-0.174798
2026-09-03,P,Everpure,Information Technology,"Technology Hardware, Storage & Peripherals",S&P 400,98.15,6.18847,32625543168,125.83334,2664420,19,0.0046,0.464583,2026-08-26,2026-09-03,,83.602,7.534,2.538469,-0.00355,0.69734,-0.001721,-0.175903,0,0,0,-97688671.08,0.04774,3,71,2026-09-03,0.85559,2026-09-03,0.205556,-0.840733,15,0.066667,0.056133,0.050368,-0.18453,22.42916,-0.012496,0.034453,0.132151,0.166604,0.192001,,0.17714,0.179008
2026-09-03,PAG,Penske Automotive Group,Consumer Discretionary,Automotive Retail,S&P 400,219.62,,14420879360,15.845599,175440,8,0.0035,0.923368,2026-07-29,2026-09-03,-0.017,17.021,0.737,,0.015124,0.16149,,-0.032511,0,0,0,0,0.21178,0,0,2026-09-03,0.81011,2026-09-03,0.394444,6.668841,11,-0.181818,0.081364,,0.03966,2.479816,-0.016919,0.099466,0.062715,0.162181,-0.079155,0.06,0.15842,-0.255207
2026-09-03,PATH,UiPath,Information Technology,Systems Software,S&P 400,18.22,1.27849,9440150528,30.366665,60306189,16,0.0054,0.072022,2026-09-03,2026-09-03,1.057,66.458,4.913,,0.054189,0.8305,-0.004811,-0.081653,,,,,0.09237,,,,0.91133,2026-09-03,0.238889,-9.90278,15,0.1778,0.0978,0.116866,0.07274,4.983589,0.38661,0.22907,0.336639,0.565709,0.013976,0.173,0.18182,-0.097493
2026-09-03,PB,Prosperity Bancshares,Financials,Regional Banks,S&P 400,72.42,,8703201280,12.551127,592885,13,0.0079,0.891357,2026-07-29,2026-09-03,0.177,,6.993,-0.090661,,0,,-0.061917,,,,,0.03546,,,,0.75467,2026-09-03,0.322222,,12,0.583333,0.197,,0.58042,0.877605,-0.13128,0.057872,-0.010053,0.04782,,0.259,0.07071,-0.270942
2026-09-03,PBF,PBF Energy,Energy,Oil & Gas Refining & Marketing,S&P 400,75.33,-19.873,8929381376,6.602104,2072816,13,0.0047,0.167348,2026-07-30,2026-09-03,,11.032,0.311,-2.316808,0.008787,0.05043,,-0.033487,,,,,0.14287,,,,0.90272,2026-09-03,0.272222,1.672928,15,0.133333,0.430267,,0.08801,1.393452,1.468393,1.443441,0.204051,1.647492,-0.088117,0.562,0.23228,-0.078228
2026-09-03,PCTY,Paylocity,Industrials,Human Resource & Employment Services,S&P 400,154.43,-10.997,8550171136,31.452139,469111,19,0.0058,0.705854,2026-08-04,2026-09-03,0.276,18.82,4.547,,0.042089,0.69282,0.008745,-0.136829,,,,,0.20136,,,,0.89274,2026-09-03,0.272222,-0.324645,11,-0.181818,0.170545,0.063889,0.19062,7.000135,-0.292632,-0.262314,0.148782,-0.113532,0.001161,0.11,0.21973,-0.318288
2026-09-03,PEGA,Pegasystems,Information Technology,Application Software,S&P 400,37.72,1.07182,6201354752,21.191011,2718998,8,0.0047,0.403188,2026-07-21,2026-09-03,-0.529,28.19,3.405,,0.081821,0.75573,,-0.446109,,,,,0.47845,,,,0.61676,2026-09-03,0.377778,-1.382402,12,0,0.151667,,0.04604,11.061583,-0.506788,-0.511351,0.183662,-0.327689,0.012862,0.094,0.54693,-0.197896
2026-09-03,PEN,"Penumbra, Inc.",Health Care,Health Care Equipment,S&P 400,321.14,,12649520128,78.904175,313870,12,0.0067,0.403067,2026-11-04,2026-09-03,-0.235,59.738,8.109,4.108919,0.012736,0.6784,0.019353,-0.113877,0,0,0,0,0.02901,0,0,2026-09-03,0.88355,2026-09-03,0.283333,-2.183673,15,-0.066667,0.0134,0.127664,0.10522,8.2636,-0.025088,0.153456,0.000555,0.154011,-0.007125,0.149,0.1137,-0.192163
2026-09-03,PFGC,Performance Food Group,Consumer Staples,Food Distributors,S&P 400,99.15,-17.1162,15573735424,43.296944,1163305,13,0.0077,0.759868,2026-08-12,2026-09-03,0.227,13.7,0.362,,0.045835,0.12575,,-0.155991,0,0,0,-2792762.07,0.04245,4,10,2026-09-03,1.02168,2026-09-03,0.372222,4.519396,9,0.111111,0.159778,,0.02229,3.159052,-0.236963,0.037645,-0.095508,-0.057864,0.007474,0.073,0.07668,-0.157332
2026-09-03,PII,Polaris,Consumer Discretionary,Leisure Products,S&P 400,61.09,-1.02074,3476236288,,809704,15,0.0077,0.069906,2026-07-27,2026-09-03,,10.645,0.697,-0.402306,0.079713,0.21948,0.042319,-0.216594,,,,,0.06338,,,,0.91049,2026-09-03,0.25,3.571429,15,0.066667,0.1792,0.037809,0.07173,4.1555,-0.114043,0.172298,-0.107242,0.065056,0.010818,0.088,-0.25571,-0.013242
2026-09-03,PINS,Pinterest,Communication Services,Interactive Home Entertainment,S&P 400,20.85,-1.74363,11807627264,61.32353,12800495,36,0.0041,0.046091,2026-08-04,2026-09-03,,37.053,2.575,,0.101328,0.79473,,-0.459424,0,0,0,-8921746.27,0.01347,3,10,2026-09-03,1.07038,2026-09-03,0.1,-0.247242,14,-0.142857,0.000357,0.040812,-0.03464,4.074653,-0.619795,-0.352833,-0.087863,-0.440696,0.003354,0.182,0.06461,-0.217329
2026-09-03,PK,Park Hotels & Resorts,Real Estate,Hotel & Resort REITs,S&P 400,15.08,-3.08484,3036182016,,3126735,16,0.0131,0.283795,2026-08-06,2026-09-03,,10.669,2.679,1.678571,0.352046,0.30923,,-0.069136,,,,,0.03975,,,,1.14282,2026-09-03,0.238889,6.00626,15,-0.2,0.1338,,0.17621,0.982666,0.105789,0.273677,0.011212,0.284888,0.020663,0.01,-0.04859,-0.167991
2026-09-03,PLNT,Planet Fitness,Consumer Discretionary,Leisure Facilities,S&P 400,51.5,,3906235136,17.576792,1008600,17,0.0056,,2026-08-06,2026-09-03,0.261,11.224,4.982,1.239309,0.039975,0.58525,,-0.549274,,,,,0.00478,,,,1.18061,2026-09-03,0.244444,4.523155,14,-0.488071,0.108357,0.022497,0.33654,,-0.684601,-0.482694,-0.022807,-0.505502,-0.14753,0.045,,-0.165067
2026-09-03,PNFP,Pinnacle Financial Partners,Financials,Regional Banks,S&P 400,101.37,1.27886,15318288384,13.96281,724038,20,0.007,0.781073,2026-07-22,2026-09-03,0.035,,5.898,,,0,,-0.081211,2,1,0.2,-17903378.31,0.01266,1,6,2026-09-03,0.89457,2026-09-03,0.327778,,7,0,0.165571,,0.47018,1.085948,-0.151165,0.03612,-0.008185,0.027935,,1.37,0.07648,-0.215716
2026-09-03,POR,Portland General Electric,Utilities,Electric Utilities,S&P 400,49.17,,5782772736,21.565788,637650,11,0.0074,0.774486,2026-07-31,2026-09-03,0.049,10.395,3.215,,-0.071895,0.47538,,-0.09978,,,,,0.00461,,,,1.08088,2026-09-03,0.311111,5.104301,14,0,0.017,0.019299,0.14988,1.380521,-0.041749,0.171138,-0.033787,0.137351,0.061476,0.009,0.06445,-0.07605
2026-09-03,POST,Post Holdings,Consumer Staples,Packaged Foods & Meats,S&P 400,84.26,-7.11546,3818881024,15.347906,652665,6,0.0075,0.860413,2026-08-06,2026-09-03,-0.279,7.643,1.317,0.432423,0.103342,0.2882,-0.00975,-0.281548,,,,,0.15781,,,,1.05153,2026-09-03,0.35,5.08077,15,0.2,0.063133,0.007849,0.10282,1.203319,-0.40045,-0.199101,-0.022249,-0.22135,-0.064808,-0.018,0.08278,-0.03804
2026-09-03,PPC,Pilgrim's Pride,Consumer Staples,Packaged Foods & Meats,S&P 400,30.51,-1.96016,7264691200,13.56,1563711,7,0.0091,0.666421,2026-07-29,2026-09-03,-0.962,5.645,0.543,-0.522617,0.07,0.09739,-0.076915,-0.320036,,,,,0.82171,,,,0.21424,2026-09-03,0.579396,1.537493,12,-0.083333,0.178167,0.03424,0.01619,1.937389,-0.476458,-0.352651,0.055293,-0.297358,-0.043165,-0.028,0.1452,-0.189332
2026-09-03,PR,Permian Resources,Energy,Oil & Gas Exploration & Production,S&P 400,23.74,,19883603968,15.31613,5837415,19,0.0062,0.586301,2026-08-05,2026-09-03,2.329,5.382,3.992,,0.023053,0.75849,,-0.014529,0,0,0,-372893.04,0.0461,3,3,2026-09-03,0.92766,2026-09-03,0.205556,0.709533,15,0.066667,0.126667,0.068607,0.57444,1.656086,0.537039,0.576261,0.139877,0.716138,0.542974,0.551,0.11403,0.040159
2026-09-03,PRI,Primerica,Financials,Life & Health Insurance,S&P 400,297.83,1.47183,9166417920,11.96585,140844,6,0.0041,0.709109,2026-08-05,2026-09-03,0.195,9.21,2.964,,0.113347,0.72097,,-0.089984,,,,,0.00554,,,,0.96685,2026-09-03,0.4,1.04004,12,0,0.069333,,0.31542,3.647464,-0.104955,0.097921,-0.023776,0.074145,0.006118,0.087,0.32966,-0.052925
2026-09-03,PSN,Parsons Corporation,Industrials,Aerospace & Defense,S&P 400,46.35,2.16002,4950429696,31.317566,1256965,11,0.0091,0.844626,2026-07-29,2026-09-03,-0.179,13.7,1.024,0.558714,0.043119,0.2196,,-0.482123,,,,,0.0144,,,,1.06108,2026-09-03,0.294444,2.931506,15,-0.066667,0.040667,0.003479,0.02224,1.881164,-0.579364,-0.308269,-0.091995,-0.400264,0.063415,-0.005,0.08244,-0.239815
2026-09-03,PVH,PVH Corp.,Consumer Discretionary,"Apparel, Accessories & Luxury Goods",S&P 400,72.46,,4133116160,21.957575,2676418,12,0.0043,0.403351,2026-09-02,2026-09-03,,7.104,0.775,-2.291298,0.122374,0.57532,0.053179,-0.280794,,,,,0.00968,,,,1.13861,2026-09-03,0.3,3.705006,14,-0.071429,0.115786,0.092916,0.05822,0.682111,-0.369853,-0.10315,-0.087603,-0.190753,-0.053314,0.021,0.03324,-0.083405
2026-09-03,QLYS,Qualys,Information Technology,Systems Software,S&P 400,174.35,2.06053,6031638528,30.269096,523223,18,0.0041,0.912286,2026-08-04,2026-09-03,0.161,22.222,8.05,0.703819,0.040517,0.83417,,-0.134911,,,,,0.00452,,,,1.09749,2026-09-03,0.333333,-1.464389,8,-0.5,0.043125,,0.33979,10.745763,0.086777,0.184274,0.081603,0.265876,0.025721,0.11,0.38592,-0.212646
2026-09-03,R,Ryder,Industrials,Cargo Ground Transportation,S&P 400,246.97,1.5794,9470526464,20.078861,224363,9,0.0066,0.841662,2026-10-22,2026-09-03,0.086,6.362,1.381,,0.100232,0.1983,,-0.131152,,,,,0.03049,,,,0.92911,2026-09-03,0.316667,2.958678,15,0.066667,0.344733,,0.08455,3.289512,0.119533,0.351917,-0.053285,0.298633,0.051142,0.05,0.16697,-0.272932
2026-09-03,RBA,RB Global,Industrials,Diversified Support Services,S&P 400,83.27,,15421603840,35.738197,1524302,11,0.0056,0.836179,2026-08-04,2026-09-03,0.34,15.174,4.141,-0.365928,0.039139,0.45761,,-0.303646,1,1,0.2,83238,0.00238,1,2,2026-09-03,1.15858,2026-09-03,0.311111,3.152381,14,0,0.047571,0.013461,0.17721,2.768285,-0.458543,-0.098331,-0.181113,-0.279444,-0.003117,0.111,0.08066,0.192506
2026-09-03,RBC,RBC Bearings,Industrials,Industrial Machinery & Supplies & Components,S&P 400,490.78,-2.24115,15537723392,48.544018,153439,8,0.0031,0.801342,2026-07-31,2026-09-03,0.475,26.473,8.313,0.80875,0.018229,0.45953,0.029291,-0.264958,0,0,0,-750833.41,0.01623,3,3,2026-09-03,1.02407,2026-09-03,0.327778,1.227962,15,0.066667,0.2702,0.019924,0.2718,4.475347,0.087779,0.401038,-0.13416,0.266878,0.021128,0.192,0.09747,0.084181
2026-09-03,REXR,Rexford Industrial Realty,Real Estate,Industrial REITs,S&P 400,37.01,1.03739,8461761024,38.632977,1620280,16,0.0063,0.029411,2026-07-23,2026-09-03,0.28,17.67,12.064,,0.040393,0.76798,,-0.166066,,,,,0.00375,,,,1.08548,2026-09-03,0.322222,4.769091,10,0.1,0.097,,0.4159,1.114222,-0.308615,-0.148945,0.01943,-0.129515,0.012539,-0.016,-0.04728,-0.239286
2026-09-03,RGA,Reinsurance Group of America,Financials,Reinsurance,S&P 400,255.91,1.40271,16711349248,11.112027,332162,9,0.0046,0.734131,2026-08-06,2026-09-03,1.596,7.281,0.649,1.138244,0.588612,0.1407,,-0.007364,0,0,0,-2115459.53,0.00234,1,1,2026-09-03,1.03786,2026-09-03,0.433333,0.018587,8,0.125,0.14975,,0.10637,1.220159,0.126893,0.223966,0.082027,0.305993,-0.049211,0.185,0.11687,-0.242477
2026-09-03,RGEN,Repligen,Health Care,Biotechnology,S&P 400,169.61,-1.92552,9572045824,238.88733,1325273,20,0.0072,0.586301,2026-07-28,2026-09-03,-0.659,65.597,12.04,,0.011849,0.53836,,-0.101309,,,,,0.05242,,,,1.20083,2026-09-03,0.311111,-0.829328,8,-0.125,0.23275,,0.09309,4.531513,0.255135,0.336881,0.097353,0.434235,-0.01684,0.119,0.0199,-0.067922
2026-09-03,RGLD,Royal Gold,Materials,Gold,S&P 400,264.85,2.50406,22440173568,28.663422,494148,12,0.0106,0.708811,2026-08-05,2026-09-03,0.383,17.815,14.782,,-0.008445,0.86802,-0.079892,-0.135184,0,0,0,-239325,0.00264,1,2,2026-09-03,0.86953,2026-09-03,0.416667,0.167498,7,0.142857,0.084571,0.047318,0.62036,2.955783,0.218607,0.182962,0.214744,0.397706,-0.276144,1.155,0.136,-0.044737
2026-09-03,RH,RH,Consumer Discretionary,Homefurnishing Retail,S&P 400,146.61,,2774773248,28.30309,595902,17,0.0058,0.443295,2026-09-10,2026-09-03,1.125,13.734,1.966,-0.633002,0.102869,0.43541,,-0.429533,,,,,0.18118,,,,1.06156,2026-09-03,0.311111,8.084573,10,-0.1,0.0888,,0.00322,48.675297,-0.551315,-0.238786,-0.13343,-0.372216,,-0.017,,-0.113994
2026-09-03,RLI,RLI Corp.,Financials,Property & Casualty Insurance,S&P 400,64.04,1.08919,5877140992,13.31393,428957,4,0.0068,0.747639,2026-10-19,2026-09-03,0.358,10.434,3.017,1.388642,0.053785,0.35513,,-0.062235,,,,,0.01588,,,,0.96684,2026-09-03,0.588889,0.140948,2,0,0.202,,0.36861,2.527126,-0.234705,-0.086895,0.03129,-0.055605,0.111788,0.152,0.25164,-0.354939
2026-09-03,RMBS,Rambus,Information Technology,Semiconductors,S&P 400,84.34,,9147651072,38.688072,1958628,8,0.0089,0.733314,2026-07-27,2026-09-03,0.151,26.365,11.033,0.485596,0.022115,0.80357,-0.005688,-0.515566,0,0,0,-1454858.64,0.00759,1,2,2026-05-07,0.95168,2026-09-03,0.494444,-2.537543,5,-0.2,0.1812,0.220441,0.36671,6.237243,-0.046631,0.294739,-0.16227,0.132469,-0.145633,0.204,0.17789,-0.398283
2026-09-03,RNR,RenaissanceRe,Financials,Reinsurance,S&P 400,337.97,2.041,14043292672,5.861429,236618,15,0.0063,0.613858,2026-07-22,2026-09-03,-0.1,,,,0.198478,0.45349,,-0.006682,0,0,0,-8315134.12,0.02279,2,8,2026-09-03,0.99939,2026-09-03,0.25,,15,-0.066667,0.120133,,0.41674,1.276486,0.197215,0.326369,0.049945,0.376314,0.230956,-0.132,0.21475,-0.250706
2026-09-03,ROIV,Roivant Sciences,Health Care,Biotechnology,S&P 400,34.41,,24855134208,,6859185,11,0.009,0.233366,2026-08-06,2026-09-03,,-16.03,,,-0.045352,0,,-0.093758,0,0,0,-50664607.82,0.21442,2,10,2026-09-03,0.78393,2026-09-03,0.344444,2.745007,12,0.25,0.25375,,,5.877028,1.540073,1.743052,-0.02388,1.719173,0.442848,-0.335,-0.08515,0.457995
2026-09-03,ROKU,"Roku, Inc.",Communication Services,Movies & Entertainment,S&P 400,158.31,,23510718464,66.79747,2026722,20,0.0047,0.229519,2026-08-06,2026-09-03,,36.983,4.111,0.0439,0.035582,0.45504,0.049385,-0.009882,0,0,0,-3254423.57,0.00622,6,15,2026-09-03,0.88418,2026-09-03,0.211111,-3.597752,14,0,0.172357,0.059995,0.12172,8.320281,0.476717,0.582983,0.072834,0.655817,-0.004284,0.219,0.13122,-0.525664
2026-09-03,RPM,RPM International,Materials,Specialty Chemicals,S&P 400,103.43,19.3739,13202115584,19.967182,1230424,14,0.0057,0.663879,2026-10-01,2026-09-03,-0.014,13.238,2.015,0.725207,0.036369,0.41435,0.010467,-0.19516,0,0,0,0,0.01249,0,0,2026-09-03,0.88668,2026-09-03,0.427778,2.198066,5,0,0,,0.15307,3.986664,-0.363826,-0.135497,-0.049229,-0.184726,0.053987,0.072,0.21371,0.989086
2026-09-03,RRC,Range Resources,Energy,Oil & Gas Exploration & Production,S&P 400,42.37,,9901000704,11.736842,2304877,22,0.0073,0.599079,2026-10-27,2026-09-03,-0.164,6.721,3.338,,0.045903,0.52119,,-0.122956,,,,,0.0123,,,,1.06551,2026-09-03,0.222222,0.625735,12,0,0.029417,,0.36101,2.102521,0.036699,0.125143,0.090655,0.215799,-0.52411,0.086,0.19475,-0.27032
2026-09-03,RRX,Regal Rexnord,Industrials,Electrical Components & Equipment,S&P 400,162.61,1.14449,10824878080,33.118126,1197144,10,0.005,0.732403,2026-08-05,2026-09-03,0.471,12.452,2.503,,0.04205,0.37451,,-0.343785,0,0,0,-29960.46,0.00499,1,1,2026-09-03,1.09084,2026-09-03,0.455556,3.551905,6,-0.166667,0.332667,,0.12346,1.566027,-0.087579,0.255567,-0.164047,0.09152,-0.044681,0.042,0.04767,-0.018151
2026-09-03,RS,"Reliance, Inc.",Materials,Steel,S&P 400,398.24,,20331966464,23.140036,331207,8,0.0048,0.872009,2026-10-21,2026-09-03,0.423,14.267,1.398,-0.426524,0.01699,0.28285,,-0.08032,0,0,0,-2478452.48,0.00456,3,4,2026-09-03,0.84509,2026-09-03,0.327778,1.136014,15,-0.333333,0.016933,,0.09538,2.746918,0.15944,0.33615,0.00239,0.33854,0.006493,0.265,0.12229,0.058627
2026-09-03,RYAN,Ryan Specialty,Financials,Insurance Brokers,S&P 400,42.34,0,16512857088,57.216217,1645392,16,0.0059,,2026-07-30,2026-09-03,-0.143,10.274,2.954,,0.035412,0.41487,,-0.284616,1,1,0.2,18616.08,0.14606,1,3,2026-09-03,0.98409,2026-09-03,0.238889,4.032949,15,0,-0.0624,0.042363,0.25041,10.092967,-0.400648,-0.229763,0.008215,-0.221548,-0.08034,0.074,0.22092,-0.410488
2026-09-03,RYN,Rayonier,Real Estate,Timber REITs,S&P 400,20.32,,6080750592,44.173912,4413168,6,0.0064,0.318499,2026-08-05,2026-09-03,-0.976,22.219,7.813,,0.018259,0.24815,,-0.249076,,,,,0.00977,,,,0.96409,2026-09-03,0.5,4.346305,6,0,0.241667,0.116672,0.1179,1.164136,-0.409898,-0.179082,-0.051717,-0.230798,0.361273,2.721,0.02015,0.301691
2026-09-03,SAIA,Saia,Industrials,Cargo Ground Transportation,S&P 400,345.81,4.14709,9200312320,32.049118,400721,21,0.0078,0.806079,2026-07-30,2026-09-03,0.315,15.247,2.767,,0.014751,0.23585,,-0.300984,0,0,0,0,0.00153,0,0,2026-05-07,1.07375,2026-09-03,0.3,0.300833,8,0,0.07675,0.028518,0.13091,3.374118,-0.061872,0.232535,-0.115307,0.117227,0.146893,0.171,0.10767,-0.183486
2026-09-03,SAIC,Science Applications Intl Corp,Industrials,Diversified Support Services,S&P 400,126.5,,5300050944,14.812647,489428,10,0.0118,0.803315,2026-08-31,2026-09-03,-0.122,10.464,1.064,-0.538462,0.095353,0.1274,,-0.113276,,,,,0.00727,,,,0.90319,2026-09-03,0.305556,3.424967,15,0.2,0.123733,0.008607,0.08085,3.822561,0.032947,0.151957,0.060089,0.212046,0.047297,0.063,0.25737,0.223102
2026-09-03,SAM,Boston Beer Company,Consumer Staples,Brewers,S&P 400,171.79,-2.0749,1768007808,,148183,12,0.0078,0.191488,2026-07-23,2026-09-03,-0.09,7.587,0.778,0.04604,0.210756,0.48879,0.00635,-0.350412,,,,,0.09335,,,,1.09969,2026-09-03,0.283333,-1.185261,15,0,-0.036467,0.180527,0.09327,2.423571,-0.391959,-0.159904,-0.052956,-0.21286,0.010572,-0.033,-0.08614,-0.414768
2026-09-03,SANM,Sanmina Corporation,Information Technology,Electronic Manufacturing Services,S&P 400,195.69,4.27346,10488466432,33.62371,586502,4,0.0083,0.756891,2026-07-27,2026-09-03,0.683,13.022,0.883,,-0.021187,0.09015,,-0.322121,,,,,0.05285,,,,0.94969,2026-09-03,0.405556,0.669826,13,0.076923,0.229308,,0.0704,4.097534,0.37279,0.603331,-0.051442,0.55189,0.137524,0.697,0.12488,-0.350403
2026-09-03,SARO,StandardAero,Industrials,Aerospace & Defense,S&P 400,24.64,2.36809,8153854464,25.40206,3817675,14,0.0129,0.602299,2026-08-06,2026-09-03,0.45,13.193,1.644,,0.04533,0.15048,,-0.285383,,,,,0.00333,,,,1.15287,2026-09-03,0.327778,3.029296,11,0,0.127091,0.007977,0.10532,2.961182,-0.272508,0.017735,-0.111143,-0.093409,-0.08696,0.046,0.12302,-0.140323
2026-09-03,SBRA,Sabra Health Care REIT,Real Estate,Health Care REITs,S&P 400,20.93,,5346835456,80.50001,1981628,14,0.0082,0.54093,2026-08-03,2026-09-03,-0.056,20.954,8.956,,0.029012,0.50268,,-0.080808,,,,,0.01396,,,,1.05413,2026-09-03,0.394444,6.465839,7,0,0.294143,,-0.12527,1.943722,-0.082936,0.076591,0.019573,0.096164,0.038798,0.253,0.02388,-0.464355
2026-09-03,SCI,Service Corp Intl,Consumer Discretionary,Specialized Consumer Services,S&P 400,82.78,2.08411,11282216960,21.171354,654473,6,0.0089,0.931392,2026-07-29,2026-09-03,0.047,12.33,3.736,-0.028313,0.028001,0.26026,-0.006869,-0.09023,0,0,0,-28423918.48,0.03024,3,4,2026-09-03,0.97664,2026-09-03,0.35,3.808545,15,0,0.194933,0.008079,0.21003,7.356915,-0.137079,0.021657,0.020363,0.04202,0.014771,0.036,0.34714,-0.495265
2026-09-03,SEIC,SEI Investments Company,Financials,Asset Management & Custody Banks,S&P 400,111.46,2.14442,13377338368,19.217241,749883,7,0.0054,0.835013,2026-07-22,2026-09-03,-0.107,17.601,5.457,0.080773,0.028218,0.78388,0.020809,-0.006152,0,0,0,-16023925.47,0.15633,7,11,2026-09-03,0.77614,2026-09-03,0.438889,-0.465126,9,0,0.174,0.019681,0.30706,5.349652,0.043945,0.122113,0.100931,0.223044,0.018077,0.147,0.27588,0.002363
2026-09-03,SF,Stifel,Financials,Investment Banking & Brokerage,S&P 400,82.28,2.83714,12424422400,14.309565,813523,8,0.0041,0.7372,2026-10-21,2026-09-03,0.506,,1.887,0.277365,,0.95567,,-0.084014,0,0,0,-372233,0.03168,1,2,2026-09-03,0.93497,2026-09-03,0.327778,,15,-0.066667,-0.051867,,0.21762,2.340892,-0.113058,0.027932,0.03811,0.066042,-0.034797,0.127,0.16427,-0.125042
2026-09-03,SFM,Sprouts Farmers Market,Consumer Staples,Food Retail,S&P 400,79.13,,7378684416,15.130018,1161161,14,0.0111,0.807893,2026-07-29,2026-09-03,0.015,10.994,1.029,0.235916,0.054034,0.38939,-0.001212,-0.439748,,,,,0.00578,,,,1.14398,2026-09-03,0.261111,2.234632,15,-0.133333,0.1382,0.011965,0.07489,5.057523,-0.611787,-0.403067,-0.02962,-0.432687,0.005906,0.047,0.35197,-0.196506
2026-09-03,SGI,Somnigroup International,Consumer Discretionary,Home Furnishings,S&P 400,69.52,2.50663,14624608256,26.841698,4716116,9,0.0056,0.635507,2026-08-06,2026-09-03,0.106,16.428,2.748,,0.047038,0.44733,,-0.294643,1,1,0.2,1885314,0.03102,0,1,2026-09-03,0.98341,2026-09-03,0.333333,4.944357,14,0.214286,0.087071,,0.11127,4.645195,-0.400901,-0.219895,-0.001907,-0.221802,0.009524,-0.03,0.17516,0.480487
2026-09-03,SHC,Sotera Health,Health Care,Health Care Services,S&P 400,19.03,,5430682112,33.385967,2469900,9,0.0074,0.473823,2026-08-06,2026-09-03,5.695,12.733,6.037,,0.028351,0.54969,-0.012327,-0.04131,,,,,0.02202,,,,1.05722,2026-09-03,0.516667,3.314624,3,0,0.103667,0.045053,0.37956,8.15688,0.034729,0.171568,0.04226,0.213828,-0.008428,0.092,0.27781,-0.300615
2026-09-03,SIGI,Selective Insurance Group,Financials,Property & Casualty Insurance,S&P 400,,,,,,,0.0061,0.582357,,2026-09-03,,,,1.567953,,,,,,,,,,,,,,,0.5,,10,0.1,0.1711,,,,,,,,-0.011934,,,
2026-09-03,SIRI,SiriusXM,Communication Services,Broadcasting,S&P 400,,,,,,,0.0041,0.120317,,2026-09-03,,,,-0.59894,,,,,,,,,,,,,,,0.25,,15,0.066667,0.050533,,,,,,,,-0.017174,,,
2026-09-03,SITM,SiTime,Information Technology,Semiconductors,S&P 400,,,,,,,0.0107,0.503843,,2026-09-03,,,,0.229863,,,0.110966,,,,,,,,,,,,0.35,,13,-0.153846,0.188231,0.333427,,,,,,,0.382475,,,
2026-09-03,SLAB,Silicon Labs,Information Technology,Semiconductors,S&P 400,,,,,,,0.0041,0.572405,,2026-09-03,,,,-1.509967,,,0.05588,,,,,,,,,,,,0.5,,10,-0.2,0.0293,0.161373,,,,,,,-0.018092,,,
2026-09-03,SLGN,Silgan Holdings,Materials,"Metal, Glass & Plastic Containers",S&P 400,,,,,,,0.0037,0.816583,,2026-09-03,,,,-1.891203,,,,,,,,,,,,,,,0.75,,5,0,0.068,,,,,,,,0.07304,,,
2026-09-03,SLM,SLM Corp,Financials,Consumer Finance,S&P 400,,,,,,,0.0064,0.57171,,2026-09-03,,,,,,,,,,,,,,,,,,,0.95,,1,0,0,,,,,,,,,,,
2026-09-03,SMG,Scotts Miracle-Gro Company,Materials,Fertilizers & Agricultural Chemicals,S&P 400,,,,,,,0.006,0.454898,,2026-09-03,,,,0.07848,,,-0.009312,,,,,,,,,,,,0.6,,8,0,0.09875,0.134711,,,,,,,-0.039186,,,
2026-09-03,SMTC,Semtech,Information Technology,Semiconductors,S&P 400,,,,,,,0.006,0.335444,,2026-09-03,,,,-1.652629,,,-0.002476,,,,,,,,,,,,0.4,,12,-0.083333,0.073833,0.072024,,,,,,,0.031865,,,
2026-09-03,SN,SharkNinja,Consumer Discretionary,Household Appliances,S&P 400,,,,,,,0.0124,0.939155,,2026-09-03,,,,,,,-0.006069,,,,,,,,,,,,0.5,,10,0.3,0.2882,0.006819,,,,,,,,,,
2026-09-03,SNX,TD Synnex,Information Technology,Technology Distributors,S&P 400,,,,,,,0.0031,0.741014,,2026-09-03,,,,-3.632114,,,,,,,,,,,,,,,0.6,,8,0.125,0.238875,,,,,,,,,,,
2026-09-03,SOLS,Solstice Advanced Materials,Materials,Specialty Chemicals,S&P 400,,,,,,,0.0136,0.847152,,2026-09-03,,,,,,,,,,,,,,,,,,,0.5,,10,-0.1,0.2108,,,,,,,,0.006532,,,
2026-09-03,SON,Sonoco,Materials,Paper & Plastic Packaging Products & Materials,S&P 400,,,,,,,0.0071,0.493523,,2026-09-03,,,,,,,-0.00076,,,,,,,,,,,,0.25,,15,-0.533333,-0.416933,0.01227,,,,,,,-0.592359,,,
2026-09-03,SPXC,SPX Technologies,Industrials,Industrial Machinery & Supplies & Components,S&P 400,,,,,,,0.0047,0.869865,,2026-09-03,,,,,,,,,,,,,,,,,,,0.75,,5,0,0.3772,0.010812,,,,,,,0.05471,,,
2026-09-03,SR,Spire,Utilities,Gas Utilities,S&P 400,,,,,,,0.0042,0.556751,,2026-09-03,,,,0.015582,,,,,,,,,,,,,,,0.25,,15,-0.133333,-0.170933,,,,,,,,-0.142337,,,
2026-09-03,SSB,South State Bank,Financials,Regional Banks,S&P 400,,,,,,,0.0043,0.795136,,2026-09-03,,,,-0.502493,,,,,,,,,,,,,,,0.6,,8,0,0.131625,,,,,,,,,,,
2026-09-03,SSD,Simpson Manufacturing,Industrials,Building Products,S&P 400,,,,,,,0.0058,0.853858,,2026-09-03,,,,-2.696793,,,0.010024,,,,,,,,,,,,0.25,,15,-0.066667,0.035867,0.021556,,,,,,,-0.027636,,,
2026-09-03,ST,Sensata Technologies,Industrials,Electrical Components & Equipment,S&P 400,,,,,,,0.0073,0.293054,,2026-09-03,,,,0.378107,,,,,,,,,,,,,,,0.25,,15,-0.133333,-0.175067,0.136722,,,,,,,0.024244,,,
2026-09-03,STAG,STAG Industrial,Real Estate,Industrial REITs,S&P 400,,,,,,,0.0057,,,2026-09-03,,,,,,,,,,,,,,,,,,,0.55,,9,0.333333,0.114667,,,,,,,,-0.016219,,,
2026-09-03,STRL,Sterling Infrastructure,Industrials,Construction & Engineering,S&P 400,,,,,,,0.0036,0.666275,,2026-09-03,,,,,,,,,,,,,,,,,,,0.4,,12,-0.25,0.19325,,,,,,,,-0.029203,,,
2026-09-03,STWD,Starwood Property Trust,Financials,Mortgage REITs,S&P 400,,,,,,,0.0036,0.640879,,2026-09-03,,,,,,,,,,,,,,,,,,,0.5,,10,-0.1,0.5148,,,,,,,,-0.069271,,,
2026-09-03,SUI,Sun Communities,Real Estate,Single-Family Residential REITs,S&P 400,,,,,,,0.0029,0.334903,,2026-09-03,,,,,,,,,,,,,,,,,,,0.35,,13,0.076923,0.125308,,,,,,,,0.055487,,,
2026-09-03,SWX,Southwest Gas Corp,Utilities,Gas Utilities,S&P 400,,,,,,,0.008,0.462807,,2026-09-03,,,,0.994363,,,,,,,,,,,,,,,0.25,,15,0.033333,0.1646,0.024864,,,,,,,0.008953,,,
2026-09-03,SYNA,Synaptics,Information Technology,Semiconductors,S&P 400,,,,,,,0.0047,0.639127,,2026-09-03,,,,0.073195,,,0.018735,,,,,,,,,,,,0.8,,4,-0.5,0.157,0.021708,,,,,,,-0.028585,,,
2026-09-03,TCBI,Texas Capital Bancshares,Financials,Regional Banks,S&P 400,,,,,,,0.0056,0.484396,,2026-09-03,,,,-0.92017,,,,,,,,,,,,,,,0.65,,7,0,0.155143,,,,,,,,,,,
2026-09-03,TEX,Terex,Industrials,Construction Machinery & Heavy Transportation Equipment,S&P 400,,,,,,,0.0034,0.522534,,2026-09-03,,,,,,,,,,,,,,,,,,,0.3,,14,0.071429,0.143929,,,,,,,,0.025105,,,
2026-09-03,THC,Tenet Health,Health Care,Health Care Facilities,S&P 400,,,,,,,0.0057,0.554384,,2026-09-03,,,,,,,,,,,,,,,,,,,0.25,,15,-0.6,-0.267867,,,,,,,,-0.023099,,,
2026-09-03,THG,Hanover Insurance,Financials,Property & Casualty Insurance,S&P 400,,,,,,,0.0053,0.736751,,2026-09-03,,,,-0.444195,,,,,,,,,,,,,,,0.45,,11,-0.090909,0.102727,0.028969,,,,,,,-0.017853,,,
2026-09-03,THO,Thor Industries,Consumer Discretionary,Leisure Products,S&P 400,,,,,,,0.0044,0.480629,,2026-09-03,,,,,,,-0.025529,,,,,,,,,,,,0.75,,5,-0.2,0.1412,,,,,,,,-0.092522,,,
2026-09-03,TKR,Timken,Industrials,Industrial Machinery & Supplies & Components,S&P 400,,,,,,,0.006,0.784594,,2026-09-03,,,,1.417582,,,,,,,,,,,,,,,0.35,,13,-0.153846,0.158846,,,,,,,,,,,
2026-09-03,TLN,Talen Energy,Utilities,Independent Power Producers & Energy Traders,S&P 400,,,,,,,0.006,0.408714,,2026-09-03,,,,,,,,,,,,,,,,,,,0.55,,9,0.111111,0.336333,0.178221,,,,,,,,,,
2026-09-03,TNL,Travel + Leisure Co.,Consumer Discretionary,"Hotels, Resorts & Cruise Lines",S&P 400,,,,,,,0.0043,0.823924,,2026-09-03,,,,-0.605479,,,,,,,,,,,,,,,0.4,,12,-0.083333,0.1865,0.01616,,,,,,,0.015296,,,
2026-09-03,TOL,Toll Brothers,Consumer Discretionary,Homebuilding,S&P 400,,,,,,,0.004,0.785975,,2026-09-03,,,,,,,,,,,,,,,,,,,0.3,,14,0.071429,0.130571,0.035354,,,,,,,-0.021342,,,
2026-09-03,TOST,"Toast, Inc.",Financials,Transaction & Payment Processing Services,S&P 400,,,,,,,0.0061,0.477828,,2026-09-03,,,,,,,0.017537,,,,,,,,,,,,0.25,,15,0.133333,0.1254,0.039021,,,,,,,0.01182,,,
2026-09-03,TREX,Trex,Industrials,Building Products,S&P 400,,,,,,,0.0034,0.809302,,2026-09-03,,,,-0.85729,,,-0.02897,,,,,,,,,,,,0.65,,7,-0.285714,-0.101857,0.036168,,,,,,,0.067892,,,
2026-09-03,TRU,TransUnion,Industrials,Research & Consulting Services,S&P 400,,,,,,,0.0064,0.307937,,2026-09-03,,,,-0.974786,,,,,,,,,,,,,,,0.35,,13,-0.153846,0.157615,0.141908,,,,,,,0.059019,,,
2026-09-03,TTC,Toro,Industrials,Agricultural & Farm Machinery,S&P 400,,,,,,,0.0035,0.724958,,2026-09-03,,,,,,,0.003596,,,,,,,,,,,,0.25,,15,0.133333,0.0718,0.029608,,,,,,,0.002494,,,
2026-09-03,TTEK,Tetra Tech,Industrials,Construction & Engineering,S&P 400,,,,,,,0.0093,0.633126,,2026-09-03,,,,0.445497,,,,,,,,,,,,,,,0.55,,9,0,0.141111,,,,,,,,,,,
2026-09-03,TTMI,TTM Technologies,Information Technology,Electronic Manufacturing Services,S&P 400,,,,,,,0.0064,0.640823,,2026-09-03,,,,,,,0.009093,,,,,,,,,,,,0.4,,12,-0.166667,0.050833,0.01171,,,,,,,,,,
2026-09-03,TWLO,Twilio,Information Technology,Systems Software,S&P 400,,,,,,,0.0049,0.290635,,2026-09-03,,,,,,,,,,,,,,,,,,,0.5,,10,0.3,0.3116,,,,,,,,0.07224,,,
2026-09-03,TXNM,TXNM Energy,Utilities,Electric Utilities,S&P 400,,,,,,,0.0057,0.539489,,2026-09-03,,,,-1.626315,,,0.171954,,,,,,,,,,,,0.5,,10,0,0.2978,0.070688,,,,,,,-0.090894,,,
2026-09-03,TXRH,Texas Roadhouse,Consumer Discretionary,Restaurants,S&P 400,,,,,,,0.0054,0.872782,,2026-09-03,,,,0.945045,,,,,,,,,,,,,,,0.25,,15,0.133333,0.2866,,,,,,,,,,,
2026-09-03,UBSI,United Bankshares,Financials,Regional Banks,S&P 400,,,,,,,0.0055,0.858574,,2026-09-03,,,,0.079973,,,,,,,,,,,,,,,0.65,,7,0,0.47,,,,,,,,,,,
2026-09-03,UFPI,UFP Industries,Industrials,Building Products,S&P 400,,,,,,,0.006,0.812877,,2026-09-03,,,,0.282187,,,,,,,,,,,,,,,0.85,,3,-0.333333,0.098667,,,,,,,,-0.059323,,,
2026-09-03,UGI,UGI Corp,Utilities,Gas Utilities,S&P 400,,,,,,,0.0074,0.45261,,2026-09-03,,,,0.287266,,,,,,,,,,,,,,,0.65,,7,0,0.129,0.138384,,,,,,,-0.05232,,,
2026-09-03,ULS,UL Solutions,Industrials,Research & Consulting Services,S&P 400,,,,,,,0.0078,0.65809,,2026-09-03,,,,,,,,,,,,,,,,,,,0.6,,8,0.25,0.312625,0.018265,,,,,,,-0.023631,,,
2026-09-03,UMBF,UMB Financial Corp.,Financials,Regional Banks,S&P 400,,,,,,,0.0052,0.780077,,2026-09-03,,,,1.327982,,,,,,,,,,,,,,,0.3,,14,0.285714,0.297,,,,,,,,,,,
2026-09-03,UNM,Unum,Financials,Life & Health Insurance,S&P 400,,,,,,,0.0071,0.664777,,2026-09-03,,,,0.349493,,,,,,,,,,,,,,,0.25,,15,0.066667,0.112533,,,,,,,,-0.082705,,,
2026-09-03,USFD,US Foods,Consumer Staples,Food Distributors,S&P 400,,,,,,,0.0055,0.720026,,2026-09-03,,,,3.60119,,,0.005952,,,,,,,,,,,,0.65,,7,-0.142857,0.003286,0.007632,,,,,,,0.016936,,,
2026-09-03,UTHR,United Therapeutics,Health Care,Biotechnology,S&P 400,,,,,,,0.0049,0.925792,,2026-09-03,,,,,,,,,,,,,,,,,,,0.3,,14,0.071429,0.392143,,,,,,,,0.009764,,,
2026-09-03,VAL,Valaris,Energy,Oil & Gas Drilling,S&P 400,,,,,,,0.0041,0.475844,,2026-09-03,,,,1.000571,,,,,,,,,,,,,,,0.25,,15,0.066667,0.187,0.078179,,,,,,,0.126664,,,
2026-09-03,VC,Visteon,Consumer Discretionary,Automotive Parts & Equipment,S&P 400,,,,,,,0.0066,0.788641,,2026-09-03,,,,,,,0.009184,,,,,,,,,,,,0.25,,15,-0.133333,0.0798,,,,,,,,-0.019907,,,
2026-09-03,VFC,VF Corporation,Consumer Discretionary,"Apparel, Accessories & Luxury Goods",S&P 400,,,,,,,0.0064,0.080085,,2026-09-03,,,,,,,,,,,,,,,,,,,0.7,,6,-0.333333,0.152,,,,,,,,0.037566,,,
2026-09-03,VIAV,Viavi Solutions,Information Technology,Communications Equipment,S&P 400,,,,,,,0.0038,0.223117,,2026-09-03,,,,-0.369092,,,0.011211,,,,,,,,,,,,0.4,,12,-0.083333,0.25325,0.039975,,,,,,,0.064634,,,
2026-09-03,VICR,Vicor Corporation,Industrials,Electrical Components & Equipment,S&P 400,,,,,,,0.0084,0.441597,,2026-09-03,,,,0.714082,,,0.076996,,,,,,,,,,,,0.35,,13,0.076923,0.240538,0.123599,,,,,,,,,,
2026-09-03,VLY,Valley Bank,Financials,Regional Banks,S&P 400,,,,,,,0.0058,0.792328,,2026-09-03,,,,-1.005394,,,,,,,,,,,,,,,0.4,,12,-0.166667,0.0695,,,,,,,,,,,
2026-09-03,VMI,Valmont Industries,Industrials,Industrial Machinery & Supplies & Components,S&P 400,,,,,,,0.0052,0.648932,,2026-09-03,,,,,,,,,,,,,,,,,,,0.25,,15,-0.133333,0.068333,,,,,,,,-0.013544,,,
2026-09-03,VNO,Vornado Realty Trust,Real Estate,Office REITs,S&P 400,,,,,,,0.0069,0.302194,,2026-09-03,,,,,,,,,,,,,,,,,,,0.7,,6,-0.166667,0.306833,,,,,,,,0.05249,,,
2026-09-03,VNOM,Viper Energy,Energy,Oil & Gas Storage & Transportation,S&P 400,,,,,,,0.0163,0.464475,,2026-09-03,,,,,,,,,,,,,,,,,,,0.55,,9,0,0.243444,0.377217,,,,,,,0.193747,,,
2026-09-03,VNT,Vontier,Information Technology,Electronic Equipment & Instruments,S&P 400,,,,,,,0.0145,0.758859,,2026-09-03,,,,,,,0.01231,,,,,,,,,,,,0.6,,8,-0.125,0.200625,0.009067,,,,,,,-0.034538,,,
2026-09-03,VOYA,Voya Financial,Financials,Multi-Sector Holdings,S&P 400,,,,,,,0.0032,0.791325,,2026-09-03,,,,,,,,,,,,,,,,,,,0.35,,13,0.153846,0.124385,,,,,,,,-0.074396,,,
2026-09-03,VVV,Valvoline,Consumer Discretionary,Automotive Retail,S&P 400,,,,,,,0.0078,0.566197,,2026-09-03,,,,-1.572289,,,,,,,,,,,,,,,0.45,,11,0.090909,0.052091,,,,,,,,-0.02648,,,
2026-09-03,WAL,Western Alliance Bancorporation,Financials,Regional Banks,S&P 400,,,,,,,0.0048,0.875524,,2026-09-03,,,,,,,,,,,,,,,,,,,0.4,,12,-0.416667,-0.15175,,,,,,,,-0.977058,,,
2026-09-03,WCC,WESCO International,Industrials,Trading Companies & Distributors,S&P 400,,,,,,,0.0045,0.799312,,2026-09-03,,,,,,,,,,,,,,,,,,,0.25,,15,0,0.099133,0.007,,,,,,,0.018801,,,
2026-09-03,WEX,WEX Inc.,Financials,Transaction & Payment Processing Services,S&P 400,,,,,,,0.007,0.825554,,2026-09-03,,,,,,,,,,,,,,,,,,,0.8,,4,0,0.106,0.018453,,,,,,,0.083924,,,
2026-09-03,WFRD,Weatherford International,Energy,Oil & Gas Equipment & Services,S&P 400,,,,,,,0.0028,0.751081,,2026-09-03,,,,1.70088,,,,,,,,,,,,,,,0.5,,10,0.1,0.1376,0.023377,,,,,,,-0.029711,,,
2026-09-03,WH,Wyndham Hotels & Resorts,Consumer Discretionary,"Hotels, Resorts & Cruise Lines",S&P 400,,,,,,,0.0133,0.728744,,2026-09-03,,,,0.239583,,,,,,,,,,,,,,,0.25,,15,0.044467,0.251267,0.090487,,,,,,,-0.090226,,,
2026-09-03,WHR,Whirlpool Corporation,Consumer Discretionary,Household Appliances,S&P 400,,,,,,,0.0055,0.195606,,2026-09-03,,,,,,,,,,,,,,,,,,,0.55,,9,-0.555556,-0.153333,,,,,,,,-0.18225,,,
2026-09-03,WING,Wingstop,Consumer Discretionary,Restaurants,S&P 400,,,,,,,0.0056,0.632017,,2026-09-03,,,,1.803896,,,,,,,,,,,,,,,0.3,,14,0.071429,0.112857,0.022496,,,,,,,-0.009378,,,
2026-09-03,WLK,Westlake Corporation,Materials,Specialty Chemicals,S&P 400,,,,,,,0.0037,0.096054,,2026-09-03,,,,,,,0.111959,,,,,,,,,,,,0.25,,15,-0.066667,-0.1212,0.120359,,,,,,,0.175853,,,
2026-09-03,WMG,Warner Music Group,Communication Services,Movies & Entertainment,S&P 400,,,,,,,0.0088,,,2026-09-03,,,,,,,,,,,,,,,,,,,0.25,,15,0,0.075067,,,,,,,,0.108267,,,
2026-09-03,WMS,Advanced Drainage Systems,Industrials,Building Products,S&P 400,,,,,,,0.0022,0.806496,,2026-09-03,,,,,,,0.009418,,,,,,,,,,,,0.4,,12,0,0.27125,0.029911,,,,,,,0.202255,,,
2026-09-03,WPC,W. P. Carey,Real Estate,Diversified REITs,S&P 400,,,,,,,0.0051,0.614446,,2026-09-03,,,,,,,,,,,,,,,,,,,0.5,,10,-0.1,0.1045,,,,,,,,-0.038635,,,
2026-09-03,WSO,Watsco,Industrials,Trading Companies & Distributors,S&P 400,,,,,,,0.0025,0.753578,,2026-09-03,,,,-1.558508,,,-0.017564,,,,,,,,,,,,0.5,,10,-0.1,0.0379,0.02255,,,,,,,0.01931,,,
2026-09-03,WTFC,Wintrust Financial,Financials,Regional Banks,S&P 400,,,,,,,0.0032,0.900181,,2026-09-03,,,,4.982386,,,,,,,,,,,,,,,0.5,,10,-0.1,0.1678,,,,,,,,0.0155,,,
2026-09-03,WTRG,Essential Utilities,Utilities,Water Utilities,S&P 400,,,,,,,0.0048,0.64439,,2026-09-03,,,,,,,,,,,,,,,,,,,0.5,,10,-0.5,0.116,0.026883,,,,,,,-0.068736,,,
2026-09-03,WTS,Watts Water Technologies,Industrials,Building Products,S&P 400,,,,,,,0.008,0.844743,,2026-09-03,,,,,,,-0.016119,,,,,,,,,,,,0.6,,8,0,0.1245,0.016792,,,,,,,-0.028154,,,
2026-09-03,WWD,"Woodward, Inc.",Industrials,Electrical Components & Equipment,S&P 400,,,,,,,0.0055,0.852993,,2026-09-03,,,,-0.750275,,,,,,,,,,,,,,,0.25,,15,0,0.176267,,,,,,,,-0.021991,,,
2026-09-03,XPO,"XPO, Inc.",Industrials,Cargo Ground Transportation,S&P 400,,,,,,,0.0062,0.759576,,2026-09-03,,,,0.791541,,,,,,,,,,,,,,,0.7,,6,0.166667,0.363167,0.0196,,,,,,,-0.047638,,,
2026-09-03,XRAY,Dentsply Sirona,Health Care,Health Care Supplies,S&P 400,,,,,,,0.0044,0.358471,,2026-09-03,,,,-4.394161,,,,,,,,,,,,,,,0.4,,12,-0.166667,0.049917,,,,,,,,,,,
2026-09-03,YETI,Yeti Holdings,Consumer Discretionary,Leisure Products,S&P 400,,,,,,,0.0079,0.640238,,2026-09-03,,,,-0.590127,,,0.088905,,,,,,,,,,,,0.75,,5,0.2,0.188,0.049643,,,,,,,0.001763,,,
2026-09-03,ZION,Zions Bancorporation,Financials,Regional Banks,S&P 400,,,,,,,0.007,0.721526,,2026-09-03,,,,0.34116,,,,,,,,,,,,,,,0.25,,15,-0.266667,-0.002933,,,,,,,,0.021149,,,
2026-09-03,AAMI,Acadian Asset Management Inc.,Financials,Asset Management & Custody Banks,S&P 600,,,,,,,0.0106,0.741821,,2026-09-03,,,,,,,,,,,,,,,,,,,0.65,,7,0,0.492429,0.050818,,,,,,,0.015371,,,
2026-09-03,AAP,"Advance Auto Parts, Inc.",Consumer Discretionary,Automotive Retail,S&P 600,,,,,,,0.004,0.364612,,2026-09-03,,,,,,,0.038781,,,,,,,,,,,,0.3,,14,-0.071429,-0.034429,0.030198,,,,,,,-0.003704,,,
2026-09-03,AAT,American Assets Trust,Real Estate,Diversified REITs,S&P 600,,,,,,,0.0044,0.556105,,2026-09-03,,,,,,,-0.014523,,,,,,,,,,,,0.4,,12,-0.166667,0.564833,0.13468,,,,,,,0.126021,,,
2026-09-03,ABCB,Ameris Bancorp,Financials,Regional Banks,S&P 600,,,,,,,0.003,0.828842,,2026-09-03,,,,1.16736,,,,,,,,,,,,,,,0.75,,5,0,0.0404,,,,,,,,,,,
2026-09-03,ABG,Asbury Automotive Group,Consumer Discretionary,Automotive Retail,S&P 600,,,,,,,0.0043,0.746779,,2026-09-03,,,,,,,-0.000177,,,,,,,,,,,,0.7,,6,0.166667,0.190333,0.011191,,,,,,,0.011187,,,
2026-09-03,ABM,"ABM Industries, Inc.",Industrials,Environmental & Facilities Services,S&P 600,,,,,,,0.0082,0.748043,,2026-09-03,,,,-0.070099,,,,,,,,,,,,,,,0.45,,11,-0.272727,0.052364,0.006695,,,,,,,0.023628,,,
2026-09-03,ABR,Arbor Realty Trust,Financials,Mortgage REITs,S&P 600,,,,,,,0.0072,0.470491,,2026-09-03,,,,,,,,,,,,,,,,,,,0.6,,8,-0.125,0.34375,,,,,,,,,,,
2026-09-03,ACA,"Arcosa, Inc.",Industrials,Construction & Engineering,S&P 600,,,,,,,0.0045,0.44856,,2026-09-03,,,,-0.965258,,,0.004251,,,,,,,,,,,,0.25,,15,-0.1778,-0.024467,0.028375,,,,,,,-0.026713,,,
2026-09-03,ACAD,Acadia Pharmaceuticals,Health Care,Pharmaceuticals,S&P 600,,,,,,,0.0067,0.609699,,2026-09-03,,,,,,,,,,,,,,,,,,,0.6,,8,0.375,0.331,,,,,,,,,,,
2026-09-03,ACHC,Acadia Healthcare,Health Care,Health Care Facilities,S&P 600,,,,,,,0.0068,0.103848,,2026-09-03,,,,,,,,,,,,,,,,,,,0.75,,5,0,0.1614,,,,,,,,0.031598,,,
2026-09-03,ACIW,ACI Worldwide,Information Technology,Application Software,S&P 600,,,,,,,0.0069,0.575223,,2026-09-03,,,,0.612027,,,,,,,,,,,,,,,0.3,,14,0.142857,0.127,,,,,,,,-0.117642,,,
2026-09-03,ACLS,"Axcelis Technologies, Inc.",Information Technology,Semiconductor Materials & Equipment,S&P 600,,,,,,,0.0088,0.710889,,2026-09-03,,,,1.074497,,,-0.025173,,,,,,,,,,,,0.8,,4,-0.25,0.02575,0.056816,,,,,,,0.072848,,,
2026-09-03,ACMR,"ACM Research, Inc.",Information Technology,Semiconductor Materials & Equipment,S&P 600,,,,,,,0.0028,0.615736,,2026-09-03,,,,-1.091895,,,,,,,,,,,,,,,0.7,,6,-0.166667,0.076333,,,,,,,,-0.712086,,,
2026-09-03,ACT,"Enact Holdings, Inc.",Financials,Commercial & Residential Mortgage Finance,S&P 600,,,,,,,0.0121,0.944556,,2026-09-03,,,,,,,,,,,,,,,,,,,0.25,,15,-0.333333,0.049733,,,,,,,,0.023476,,,
2026-09-03,ADAM,"Adamas Trust, Inc.",Real Estate,Mortgage REITs,S&P 600,,,,,,,0.0029,0.209118,,2026-09-03,,,,-3.10496,,,,,,,,,,,,,,,0.25,,15,0,-0.058533,,,,,,,,,,,
2026-09-03,ADEA,"Adeia, Inc.",Information Technology,IT Consulting & Other Services,S&P 600,,,,,,,0.0071,0.66839,,2026-09-03,,,,,,,,,,,,,,,,,,,1,,0,0,0.0678,0.045138,,,,,,,-0.073978,,,
2026-09-03,ADIG,ADI Global Distribution,Information Technology,Electronic Equipment & Instruments,S&P 600,,,,,,,0.0162,,,2026-09-03,,,,,,,,,,,,,,,,,,,0.95,,1,0,0,,,,,,,,,,,
2026-09-03,ADMA,"ADMA Biologics, Inc.",Health Care,Biotechnology,S&P 600,,,,,,,0.003,0.816261,,2026-09-03,,,,1.095457,,,,,,,,,,,,,,,0.85,,3,-0.666667,0.134,,,,,,,,0.150608,,,
2026-09-03,ADNT,Adient,Consumer Discretionary,Automotive Parts & Equipment,S&P 600,,,,,,,0.0096,0.2713,,2026-09-03,,,,1.763158,,,,,,,,,,,,,,,0.75,,5,0.2,0.2808,,,,,,,,,,,
2026-09-03,ADT,ADT Inc.,Consumer Discretionary,Specialized Consumer Services,S&P 600,,,,,,,0.0096,,,2026-09-03,,,,0.240125,,,,,,,,,,,,,,,0.9,,2,-0.5,0.3755,0.009878,,,,,,,0.01091,,,
2026-09-03,ADUS,Addus HomeCare Corp.,Health Care,Health Care Services,S&P 600,,,,,,,0.0041,0.889793,,2026-09-03,,,,,,,,,,,,,,,,,,,0.55,,9,0,0.265111,,,,,,,,0.000146,,,
2026-09-03,AEO,American Eagle Outfitters,Consumer Discretionary,Apparel Retail,S&P 600,,,,,,,0.0039,0.524388,,2026-09-03,,,,0.394735,,,0.085735,,,,,,,,,,,,0.25,,15,0,0.1038,0.053953,,,,,,,0.039896,,,
2026-09-03,AESI,"Atlas Energy Solutions, Inc.",Energy,Oil & Gas Equipment & Services,S&P 600,,,,,,,0.0116,0.19512,,2026-09-03,,,,,,,-0.092426,,,,,,,,,,,,0.95,,1,0,0.318,0.100369,,,,,,,0.123152,,,
2026-09-03,AGNT,"eXp World Holdings, Inc.",Real Estate,Real Estate Services,S&P 600,,,,,,,0.0021,0.310809,,2026-09-03,,,,-0.175533,,,,,,,,,,,,,,,0.85,,3,0,0,,,,,,,,-0.784863,,,
2026-09-03,AGO,Assured Guaranty Ltd.,Financials,Property & Casualty Insurance,S&P 600,,,,,,,0.0079,0.727652,,2026-09-03,,,,,,,,,,,,,,,,,,,0.25,,15,-0.066667,-0.121933,,,,,,,,-0.062572,,,
2026-09-03,AGX,"Argan, Inc.",Industrials,Construction & Engineering,S&P 600,,,,,,,0.0087,0.693565,,2026-09-03,,,,1.221354,,,0.007091,,,,,,,,,,,,0.25,,15,0.2,0.063467,0.034882,,,,,,,0.112693,,,
2026-09-03,AGYS,"Agilysys, Inc.",Information Technology,Application Software,S&P 600,,,,,,,0.0041,0.406941,,2026-09-03,,,,-2.814887,,,0.017985,,,,,,,,,,,,0.7,,6,-0.166667,0.164,0.038323,,,,,,,-0.012188,,,
2026-09-03,AHCO,AdaptHealth Corp.,Health Care,Health Care Equipment,S&P 600,,,,,,,0.0079,0.17757,,2026-09-03,,,,,,,,,,,,,,,,,,,0.85,,3,0,0.077667,0.085815,,,,,,,0.072742,,,
2026-09-03,AIN,Albany International Corp.,Industrials,Industrial Machinery & Supplies & Components,S&P 600,,,,,,,0.0059,0.077449,,2026-09-03,,,,-2.112023,,,,,,,,,,,,,,,0.25,,15,0.066667,0.241133,,,,,,,,-0.138494,,,
2026-09-03,AIR,AAR Corp.,Industrials,Aerospace & Defense,S&P 600,,,,,,,0.0069,0.406579,,2026-09-03,,,,-2.389937,,,,,,,,,,,,,,,0.25,,15,0,0.041067,,,,,,,,,,,
2026-09-03,AKR,Acadia Realty Trust,Real Estate,Retail REITs,S&P 600,,,,,,,0.0047,0.449067,,2026-09-03,,,,,,,,,,,,,,,,,,,0.55,,9,0,0.148889,0.465413,,,,,,,-0.259699,,,
2026-09-03,ALG,Alamo Group,Industrials,Construction Machinery & Heavy Transportation Equipment,S&P 600,,,,,,,0.0046,0.929208,,2026-09-03,,,,0.701019,,,-0.012462,,,,,,,,,,,,0.3,,14,-0.142857,0.0675,0.007504,,,,,,,0.008534,,,
2026-09-03,ALGT,Allegiant Travel Company,Industrials,Passenger Airlines,S&P 600,,,,,,,0.0065,0.186151,,2026-09-03,,,,1.139168,,,,,,,,,,,,,,,0.75,,5,-0.4,0.3188,0.068323,,,,,,,0.320881,,,
2026-09-03,ALHC,"Alignment Healthcare, Inc.",Health Care,Health Care Services,S&P 600,,,,,,,0.0076,0.179754,,2026-09-03,,,,,,,,,,,,,,,,,,,0.8,,4,-0.5,0.1365,0.030011,,,,,,,-0.017044,,,
2026-09-03,ALKS,Alkermes plc,Health Care,Pharmaceuticals,S&P 600,,,,,,,0.0048,0.449898,,2026-09-03,,,,0.041839,,,,,,,,,,,,,,,0.55,,9,-0.111111,0.065778,0.133714,,,,,,,-0.012207,,,
2026-09-03,ALRM,"Alarm.Com, Inc.",Financials,Application Software,S&P 600,,,,,,,0.006,0.850266,,2026-09-03,,,,0.882742,,,,,,,,,,,,,,,0.75,,5,-0.2,0.2458,0.017254,,,,,,,-0.018305,,,
2026-09-03,AMN,"Amn Healthcare Services, Inc.",Health Care,Health Care Services,S&P 600,,,,,,,0.0043,0.082311,,2026-09-03,,,,1.589638,,,,,,,,,,,,,,,0.75,,5,-0.2,0.0512,,,,,,,,0.009112,,,
2026-09-03,AMPH,"Amphstar Pharmaceuticals, Inc.",Health Care,Pharmaceuticals,S&P 600,,,,,,,0.004,0.721506,,2026-09-03,,,,3.009041,,,0.012368,,,,,,,,,,,,0.6,,8,0.125,0.22975,0.074538,,,,,,,0.050634,,,
2026-09-03,AMR,"Alpha Metallurgical Resources, Inc.",Materials,Steel,S&P 600,,,,,,,0.0046,0.236938,,2026-09-03,,,,,,,,,,,,,,,,,,,0.4,,12,-0.083333,0.013,0.069625,,,,,,,-0.091242,,,
2026-09-03,AMRX,Amneal Pharmaceuticals,Health Care,Pharmaceuticals,S&P 600,,,,,,,0.004,0.16139,,2026-09-03,,,,-0.530016,,,,,,,,,,,,,,,0.9,,2,0,0.286,,,,,,,,,,,
2026-09-03,AMSF,"Amerisafe, Inc.",Financials,Property & Casualty Insurance,S&P 600,,,,,,,0.007,0.816489,,2026-09-03,,,,-0.731152,,,,,,,,,,,,,,,0.9,,2,-0.5,0.148,,,,,,,,0.030999,,,
2026-09-03,AMTM,Amentum,Industrials,Diversified Support Services,S&P 600,,,,,,,0.0153,0.015501,,2026-09-03,,,,,,,,,,,,,,,,,,,0.45,,11,-0.181818,0.128545,0.006277,,,,,,,-0.016214,,,
2026-09-03,ANDE,"The Andersons, Inc.",Consumer Staples,Food Distributors,S&P 600,,,,,,,0.0038,0.570303,,2026-09-03,,,,0.256232,,,0.021708,,,,,,,,,,,,0.75,,5,0.2,0.1796,,,,,,,,-0.000214,,,
2026-09-03,ANIP,"ANI Pharmaceuticals, Inc.",Health Care,Pharmaceuticals,S&P 600,,,,,,,0.0054,0.388183,,2026-09-03,,,,-0.167326,,,,,,,,,,,,,,,0.55,,9,-0.222222,0.019556,,,,,,,,-0.071366,,,
2026-09-03,AORT,Artivion,Health Care,Health Care Equipment,S&P 600,,,,,,,0.0094,0.07514,,2026-09-03,,,,-1.544513,,,,,,,,,,,,,,,0.8,,4,0,0,,,,,,,,-0.022466,,,
2026-09-03,AOSL,"Alpha and Omega Semiconductor, Ltd.",Information Technology,Semiconductors,S&P 600,,,,,,,0.0064,0.633142,,2026-09-03,,,,-0.958793,,,,,,,,,,,,,,,0.65,,7,0.142857,0.125571,,,,,,,,-0.016101,,,
2026-09-03,APAM,"Artisan Partners Asset Management, Inc.",Financials,Asset Management & Custody Banks,S&P 600,,,,,,,0.0051,0.888459,,2026-09-03,,,,0.018788,,,,,,,,,,,,,,,1,,0,-0.4,0.1389,0.021443,,,,,,,-0.004342,,,
2026-09-03,APLE,"Apple Hospitality REIT, Inc.",Real Estate,Hotel & Resort REITs,S&P 600,,,,,,,0.0127,0.776383,,2026-09-03,,,,,,,,,,,,,,,,,,,0.4,,12,-0.083333,0.10875,,,,,,,,-0.156609,,,
2026-09-03,APOG,"Apogee Enterprises, Inc.",Industrials,Building Products,S&P 600,,,,,,,0.0041,0.653945,,2026-09-03,,,,0.648657,,,0.002213,,,,,,,,,,,,0.5,,10,0,0.0785,0.033617,,,,,,,-0.03251,,,
2026-09-03,ARCB,ArcBest Corp.,Industrials,Cargo Ground Transportation,S&P 600,,,,,,,0.0053,0.414842,,2026-09-03,,,,-4.010591,,,,,,,,,,,,,,,0.8,,4,0,0.0565,,,,,,,,0.091775,,,
2026-09-03,ARLO,Arlo Technologies,Information Technology,Communications Equipment,S&P 600,,,,,,,0.0089,0.346903,,2026-09-03,,,,1.423981,,,,,,,,,,,,,,,0.6,,8,0.125,0.190625,,,,,,,,,,,
2026-09-03,AROC,"Archrock, Inc.",Energy,Oil & Gas Equipment & Services,S&P 600,,,,,,,0.0083,0.809383,,2026-09-03,,,,-0.167735,,,0.012037,,,,,,,,,,,,0.45,,11,-0.090909,0.157364,,,,,,,,-0.107727,,,
2026-09-03,ARR,Armour Residential REIT,Real Estate,Mortgage REITs,S&P 600,,,,,,,0.0078,0.186894,,2026-09-03,,,,,,,,,,,,,,,,,,,0.25,,15,0.4,0.457333,,,,,,,,,,,
2026-09-03,ASO,Academy Sports + Outdoors,Consumer Discretionary,Specialty Stores,S&P 600,,,,,,,0.0068,0.729888,,2026-09-03,,,,,,,-0.00713,,,,,,,,,,,,0.25,,15,-0.066667,0.0894,0.02437,,,,,,,0.036987,,,
2026-09-03,ASTE,"Astec Industries, Inc.",Industrials,Construction Machinery & Heavy Transportation Equipment,S&P 600,,,,,,,0.0071,0.217222,,2026-09-03,,,,,,,,,,,,,,,,,,,0.85,,3,0,0.104,,,,,,,,,,,
2026-09-03,ASTH,"Astrana Health, Inc.",Health Care,Health Care Facilities,S&P 600,,,,,,,0.0039,0.670813,,2026-09-03,,,,,,,,,,,,,,,,,,,0.95,,1,1,0.361,,,,,,,,-0.949443,,,
2026-09-03,ATEN,"A10 Networks, Inc.",Information Technology,Systems Software,S&P 600,,,,,,,0.0067,0.879906,,2026-09-03,,,,1.044472,,,,,,,,,,,,,,,0.85,,3,0,0.218333,,,,,,,,0.0531,,,
2026-09-03,ATMU,Atmus Filtration Technologies Inc.,Industrials,Industrial Machinery & Supplies & Components,S&P 600,,,,,,,0.0081,0.878038,,2026-09-03,,,,,,,0.002668,,,,,,,,,,,,1,,0,0.2,0.1339,0.012486,,,,,,,0.017599,,,
2026-09-03,AUB,"Atlantic Union Bankshares, Corp.",Financials,Regional Banks,S&P 600,,,,,,,0.003,0.671612,,2026-09-03,,,,,,,,,,,,,,,,,,,0.65,,7,0,0.024571,,,,,,,,,,,
2026-09-03,AVA,Avista Corporation,Utilities,Multi-Utilities,S&P 600,,,,,,,0.0066,0.613919,,2026-09-03,,,,-0.319393,,,,,,,,,,,,,,,0.25,,15,0,0.198333,0.036616,,,,,,,0.081041,,,
2026-09-03,AWI,"Armstrong World Industries, Inc.",Industrials,Building Products,S&P 600,,,,,,,0.0046,0.857513,,2026-09-03,,,,1.101215,,,-0.000901,,,,,,,,,,,,0.5,,10,0.2,0.1582,0.018811,,,,,,,0.040561,,,
2026-09-03,AWR,American States Water Company,Utilities,Water Utilities,S&P 600,,,,,,,0.0072,0.845601,,2026-09-03,,,,-0.139673,,,,,,,,,,,,,,,0.75,,5,0,0.3568,0.020747,,,,,,,-0.031324,,,
2026-09-03,AX,"Axos Financial, Inc.",Financials,Regional Banks,S&P 600,,,,,,,0.0048,0.889716,,2026-09-03,,,,,,,,,,,,,,,,,,,0.45,,11,-0.090909,0.002273,,,,,,,,0.077993,,,
2026-09-03,AZTA,"Azenta, Inc.",Health Care,Life Sciences Tools & Services,S&P 600,,,,,,,0.0061,0.479466,,2026-09-03,,,,-1.01558,,,-0.012684,,,,,,,,,,,,0.8,,4,-0.5,0.0435,0.358718,,,,,,,0.110255,,,
2026-09-03,AZZ,"AZZ, Inc.",Industrials,Heavy Electrical Equipment,S&P 600,,,,,,,0.0059,0.47488,,2026-09-03,,,,,,,,,,,,,,,,,,,0.8,,4,0.25,0.325,,,,,,,,-0.477806,,,
2026-09-03,BANC,"Banc Of California, Inc.",Financials,Regional Banks,S&P 600,,,,,,,0.0054,0.046847,,2026-09-03,,,,-2.641493,,,,,,,,,,,,,,,0.45,,11,0.090909,0.102,,,,,,,,-0.607269,,,
2026-09-03,BANF,Bancfirst Corp,Financials,Regional Banks,S&P 600,,,,,,,0.0078,0.917899,,2026-09-03,,,,0.445261,,,,,,,,,,,,,,,0.8,,4,0,0.244,,,,,,,,,,,
2026-09-03,BANR,Banner Corporation,Financials,Regional Banks,S&P 600,,,,,,,0.0042,0.888576,,2026-09-03,,,,-0.503307,,,,,,,,,,,,,,,0.25,,15,-0.066667,-0.065667,,,,,,,,,,,
2026-09-03,BBT,Beacon Financial Corp.,Financials,Regional Banks,S&P 600,,,,,,,0.0058,0.29902,,2026-09-03,,,,-0.412584,,,,,,,,,,,,,,,0.45,,11,0,0.215273,,,,,,,,-0.942408,,,
2026-09-03,BCC,Boise Cascade,Industrials,Building Products,S&P 600,,,,,,,0.0048,0.66222,,2026-09-03,,,,-1.986847,,,,,,,,,,,,,,,0.35,,13,0,0.103538,,,,,,,,-0.145156,,,
2026-09-03,BCPC,Balchem Corporation,Materials,Specialty Chemicals,S&P 600,,,,,,,0.0063,0.883268,,2026-09-03,,,,0.155481,,,,,,,,,,,,,,,0.7,,6,0,0.053,,,,,,,,0.028417,,,
2026-09-03,BFAM,Bright Horizons Family Solutions Inc.,Consumer Discretionary,Specialized Consumer Services,S&P 600,,,,,,,0.0038,0.72719,,2026-09-03,,,,0.335915,,,,,,,,,,,,,,,0.3,,14,-0.071429,0.4885,,,,,,,,0.006482,,,
2026-09-03,BFH,"Bread Financial Holdings, Inc.",Financials,Consumer Finance,S&P 600,,,,,,,0.0085,0.704667,,2026-09-03,,,,0.475417,,,,,,,,,,,,,,,0.5,,10,0.1,0.2303,0.119784,,,,,,,0.012654,,,
2026-09-03,BFS,"Saul Centers, Inc.",Real Estate,Retail REITs,S&P 600,,,,,,,0.0094,0.793708,,2026-09-03,,,,,,,0.008752,,,,,,,,,,,,0.75,,5,0,0.0412,0.030461,,,,,,,-0.005011,,,
2026-09-03,BGC,"BGC Group, Inc.",Financials,Investment Banking & Brokerage,S&P 600,,,,,,,0.0031,0.704078,,2026-09-03,,,,1.485041,,,,,,,,,,,,,,,0.9,,2,0,0.296,,,,,,,,-0.359962,,,
2026-09-03,BHE,"Benchmark Electronics, Inc.",Information Technology,Electronic Manufacturing Services,S&P 600,,,,,,,0.0067,0.669518,,2026-09-03,,,,1.667534,,,0.002868,,,,,,,,,,,,0.75,,5,-0.4,0.3326,0.007187,,,,,,,0.104879,,,
2026-09-03,BJRI,"BJ's Restaurants, Inc.",Consumer Discretionary,Restaurants,S&P 600,,,,,,,0.0059,0.563123,,2026-09-03,,,,2.381748,,,,,,,,,,,,,,,0.4,,12,0.166667,0.222833,,,,,,,,,,,
2026-09-03,BKE,"The Buckle, Inc.",Consumer Discretionary,Apparel Retail,S&P 600,,,,,,,0.0107,0.880114,,2026-09-03,,,,-0.024767,,,-0.004337,,,,,,,,,,,,0.3,,14,0.214286,0.145,0.017688,,,,,,,-0.031648,,,
2026-09-03,BKU,"BankUnited, Inc.",Financials,Regional Banks,S&P 600,,,,,,,0.006,0.884503,,2026-09-03,,,,,,,,,,,,,,,,,,,0.75,,5,0.2,0.2792,,,,,,,,-0.002544,,,
2026-09-03,BL,"BlackLine Systems, Inc.",Information Technology,Application Software,S&P 600,,,,,,,0.0068,0.458599,,2026-09-03,,,,3.421757,,,,,,,,,,,,,,,0.45,,11,0.181818,0.425636,,,,,,,,-0.081561,,,
2026-09-03,BLFS,"BioLife Solutions, Inc.",Health Care,Health Care Supplies,S&P 600,,,,,,,0.007,0.031176,,2026-09-03,,,,,,,-0.028665,,,,,,,,,,,,0.85,,3,0,0.230333,0.226076,,,,,,,-0.032416,,,
2026-09-03,BLKB,Blackbaud,Information Technology,Application Software,S&P 600,,,1720616576,12.698304,,5,0.0033,0.631279,2026-04-29,2026-09-03,6.506,10.899,2.519,,0.118888,0.59236,,-0.499733,,,,,0.01968,,,,0.99391,2026-05-08,0.561111,4.402609,3,0,0.098667,,0.18334,49.484806,-0.699769,-0.32066,-0.08278,-0.40344,0.011994,0.042,,0.119645
2026-09-03,BMI,"Badger Meter, Inc.",Information Technology,Electronic Equipment & Instruments,S&P 600,,,,,,,0.007,0.906813,,2026-09-03,,,,0.133728,,,,,,,,,,,,,,,0.4,,12,-0.333333,0.036917,,,,,,,,,,,
2026-09-03,BNL,"Broadstone Net Lease, Inc.",Real Estate,Industrial REITs,S&P 600,,,,,,,0.007,0.71168,,2026-09-03,,,,0.431983,,,,,,,,,,,,,,,0.75,,5,-0.2666,0.1444,,,,,,,,-0.034433,,,
2026-09-03,BOH,Bank of Hawaii,Financials,Regional Banks,S&P 600,,,,,,,0.0064,0.832546,,2026-09-03,,,,,,,,,,,,,,,,,,,0.7,,6,-0.166667,-0.190833,,,,,,,,,,,
2026-09-03,BOOT,"Boot Barn Holdings, Inc.",Consumer Discretionary,Apparel Retail,S&P 600,,,,,,,0.0054,0.75534,,2026-09-03,,,,0.233521,,,,,,,,,,,,,,,0.25,,15,-0.333333,0.060733,,,,,,,,-0.044734,,,
2026-09-03,BOX,"Box, Inc.",Information Technology,Application Software,S&P 600,,,,,,,0.0067,0.720549,,2026-09-03,,,,,,,,,,,,,,,,,,,0.6,,8,0.25,0.281,,,,,,,,-0.059046,,,
2026-09-03,BRC,Brady Corporation,Industrials,Commercial Printing,S&P 600,,,,,,,0.0038,,,2026-09-03,,,,0.000132,,,,,,,,,,,,,,,0.25,,15,0,-0.091133,,,,,,,,-0.00526,,,
2026-09-03,BTU,"Peabody Energy, Inc.",Energy,Coal & Consumable Fuels,S&P 600,,,,,,,0.0034,0.167271,,2026-09-03,,,,,,,,,,,,,,,,,,,0.5,,10,-0.3,0.2638,0.103183,,,,,,,0.088324,,,
2026-09-03,BXMT,"Blackstone Mortgage Trust, Inc.",Financials,Mortgage REITs,S&P 600,,,,,,,0.0052,0.367506,,2026-09-03,,,,,,,,,,,,,,,,,,,0.85,,3,0,0.569667,,,,,,,,,,,
2026-09-03,CACC,Credit Acceptance,Financials,Specialized Finance,S&P 600,,,,,,,0.0048,0.598733,,2026-09-03,,,,0.126879,,,,,,,,,,,,,,,0.65,,7,0.142857,0.633286,,,,,,,,-0.009417,,,
2026-09-03,CAG,Conagra Brands,Consumer Staples,Packaged Foods & Meats,S&P 600,,,6805768704,,,17,0.0063,0.315589,2026-04-01,2026-09-03,0.39,8.181,1.265,1.351224,0.096194,0.24275,-0.014097,-0.393907,,,,,0.00652,,,,0.89142,2026-05-08,0.227778,4.207991,15,-0.066667,0.1158,0.115588,0.10567,0.833626,-0.674416,-0.281788,-0.096298,-0.378086,0.048878,-0.019,-0.00511,-0.068347
2026-09-03,CAKE,"The Cheesecake Factory, Inc.",Consumer Discretionary,Restaurants,S&P 600,,,,,,,0.0069,0.765405,,2026-09-03,,,,,,,,,,,,,,,,,,,0.25,,15,-0.066667,0.229533,0.012689,,,,,,,0.021529,,,
2026-09-03,CALM,"Cal-Maine Foods, Inc.",Consumer Staples,Packaged Foods & Meats,S&P 600,,,,,,,0.0063,0.552868,,2026-09-03,,,,4.092027,,,,,,,,,,,,,,,0.25,,15,-0.266667,0.2074,,,,,,,,-0.075898,,,
2026-09-03,CALX,Calix,Information Technology,Application Software,S&P 600,,,,,,,0.006,0.275907,,2026-09-03,,,,4.778043,,,,,,,,,,,,,,,0.45,,11,0.181818,0.135909,,,,,,,,0.039806,,,
2026-09-03,CALY,Callaway Golf Company,Consumer Discretionary,Leisure Products,S&P 600,,,,,,,0.005,0.442285,,2026-09-03,,,,-0.032836,,,0.050535,,,,,,,,,,,,0.75,,5,0.2,0.2918,0.063937,,,,,,,-0.07231,,,
2026-09-03,CARG,CarGurus,Communication Services,Interactive Media & Services,S&P 600,,,,,,,0.0057,0.380387,,2026-09-03,,,,0.508668,,,,,,,,,,,,,,,0.45,,11,0,0.077818,,,,,,,,-0.012644,,,
2026-09-03,CASH,"Pathward Financial, Inc.",Financials,Regional Banks,S&P 600,,,,,,,0.0057,0.73173,,2026-09-03,,,,-0.805234,,,,,,,,,,,,,,,0.25,,15,0,0.096333,,,,,,,,-0.03668,,,
2026-09-03,CATY,Cathay General Bancorp,Financials,Regional Banks,S&P 600,,,,,,,0.0097,0.872713,,2026-09-03,,,,0.125214,,,,,,,,,,,,,,,0.7,,6,0,-0.014333,,,,,,,,0.178186,,,
2026-09-03,CBRL,Cracker Barrel,Consumer Discretionary,Restaurants,S&P 600,,,,,,,0.0063,0.32561,,2026-09-03,,,,-3.076646,,,,,,,,,,,,,,,0.6,,8,0,-0.15375,0.023962,,,,,,,0.049636,,,
2026-09-03,CBU,"Community Bank System, Inc.",Financials,Regional Banks,S&P 600,,,,,,,0.0057,0.888485,,2026-09-03,,,,0.570937,,,,,,,,,,,,,,,0.6,,8,-0.375,0.0595,,,,,,,,0.033122,,,
2026-09-03,CC,Chemours,Materials,Diversified Chemicals,S&P 600,,,,,,,0.0077,0.30415,,2026-09-03,,,,-1.461538,,,,,,,,,,,,,,,0.25,,15,-0.066667,0.140267,,,,,,,,0.07085,,,
2026-09-03,CCOI,"Cogent Communications Holdings, Inc.",Communication Services,Alternative Carriers,S&P 600,,,,,,,0.008,0.471235,,2026-09-03,,,,-1.662339,,,,,,,,,,,,,,,0.3,,14,-0.047571,0.098286,0.224301,,,,,,,-0.011584,,,
2026-09-03,CCS,"Century Communities, Inc.",Consumer Discretionary,Homebuilding,S&P 600,,,,,,,0.0105,0.712938,,2026-09-03,,,,-0.117027,,,,,,,,,,,,,,,0.25,,15,-0.133333,0.015267,,,,,,,,0.052281,,,
2026-09-03,CE,Celanese,Materials,Specialty Chemicals,S&P 600,,,,,,,0.0041,0.138195,,2026-09-03,,,,-1.614711,,,0.013663,,,,,,,,,,,,0.25,,15,-0.133333,-0.0008,0.203778,,,,,,,0.108654,,,
2026-09-03,CENT,Central Garden & Pet Company,Consumer Staples,Household Products,S&P 600,,,,,,,0.0073,0.658619,,2026-09-03,,,,-0.613583,,,0.013655,,,,,,,,,,,,0.25,,15,0,0.213733,0.040607,,,,,,,-0.168863,,,
2026-09-03,CENTA,Central Garden & Pet Company (Class A),Consumer Staples,Household Products,S&P 600,,,,,,,0.0073,0.658619,,2026-09-03,,,,-0.613583,,,0.013655,,,,,,,,,,,,0.8,,4,0.5,0.35925,0.040607,,,,,,,-0.168863,,,
2026-09-03,CENX,Century Aluminum Company,Materials,Aluminum,S&P 600,,,,,,,0.0118,0.468952,,2026-09-03,,,,0.709939,,,,,,,,,,,,,,,0.9,,2,0,0.159,,,,,,,,,,,
2026-09-03,CERT,"Certara, Inc.",Health Care,Health Care Technology,S&P 600,,,,,,,0.0082,0.353036,,2026-09-03,,,,,,,,,,,,,,,,,,,0.45,,11,-0.181818,0.068,0.055232,,,,,,,0.001313,,,
2026-09-03,CFFN,Capitol Federal Savings Bank,Financials,Regional Banks,S&P 600,,,,,,,0.0056,0.794389,,2026-09-03,,,,-0.616494,,,,,,,,,,,,,,,0.9,,2,0.5,0.148,,,,,,,,,,,
2026-09-03,CHCO,City Holding Company,Financials,Regional Banks,S&P 600,,,,,,,0.0022,0.928799,,2026-09-03,,,,0.645673,,,,,,,,,,,,,,,0.75,,5,0,0.1184,,,,,,,,-0.052804,,,
2026-09-03,CHEF,"Chefs' Warehouse, Inc.",Consumer Staples,Food Distributors,S&P 600,,,,,,,0.0056,0.688869,,2026-09-03,,,,,,,,,,,,,,,,,,,0.25,,15,0.133333,0.126333,,,,,,,,0.016331,,,
2026-09-03,CLSK,"CleanSpark, Inc.",Information Technology,Internet Services & Infrastructure,S&P 600,,,,,,,0.0051,0.474401,,2026-09-03,,,,,,,,,,,,,,,,,,,0.45,,11,0,0.021909,0.776053,,,,,,,-0.340789,,,
2026-09-03,CNK,"Cinemark Holdings, Inc.",Communication Services,Movies & Entertainment,S&P 600,,,,,,,0.0071,0.462563,,2026-09-03,,,,,,,,,,,,,,,,,,,0.25,,15,0.333333,0.150133,,,,,,,,0.259139,,,
2026-09-03,CNMD,CONMED Corporation,Health Care,Health Care Equipment,S&P 600,,,,,,,0.0045,0.609026,,2026-09-03,,,,0.596895,,,0.021558,,,,,,,,,,,,0.8,,4,0,0.074,0.049818,,,,,,,0.002184,,,
2026-09-03,CNR,"Core Natural Resources, Inc.",Energy,Coal & Consumable Fuels,S&P 600,,,,,,,0.0081,0.428197,,2026-09-03,,,,,,,,,,,,,,,,,,,0.5,,10,0.1,0.3019,0.114661,,,,,,,-0.434914,,,
2026-09-03,CNS,"Cohen & Steers, Inc.",Financials,Asset Management & Custody Banks,S&P 600,,,,,,,0.0046,0.892983,,2026-09-03,,,,-3.045081,,,,,,,,,,,,,,,0.45,,11,-0.090909,0.034545,,,,,,,,-0.033735,,,
2026-09-03,CNXC,Concentrix,Industrials,Data Processing & Outsourced Services,S&P 600,,,1505293952,,,4,0.0059,0.693721,2026-03-24,2026-09-03,-0.684,5.702,0.705,,0.343543,0.34446,-0.016497,-0.602913,,,,,0.175,,,,0.96261,2026-05-08,0.555556,4.440212,4,-0.5,-0.0445,0.009659,0.06211,0.538227,-0.81897,-0.377621,-0.145019,-0.52264,-0.035372,0.054,-0.3892,0.191092
2026-09-03,CNXN,"PC Connection, Inc.",Information Technology,Technology Distributors,S&P 600,,,,,,,0.012,0.768665,,2026-09-03,,,,-0.707557,,,,,,,,,,,,,,,0.55,,9,0.111111,0.408333,,,,,,,,,,,
2026-09-03,COCO,The Vita Coco Company,Consumer Staples,Soft Drinks & Non-alcoholic Beverages,S&P 600,,,,,,,0.0058,0.708659,,2026-09-03,,,,,,,,,,,,,,,,,,,0.25,,15,0,-0.106333,,,,,,,,,,,
2026-09-03,COHU,"Cohu, Inc.",Information Technology,Semiconductor Materials & Equipment,S&P 600,,,,,,,0.0055,0.61745,,2026-09-03,,,,-1.92621,,,,,,,,,,,,,,,0.85,,3,0,0.332333,0.078186,,,,,,,0.091156,,,
2026-09-03,COLL,"Collegium Pharmaceutical, Inc.",Health Care,Pharmaceuticals,S&P 600,,,,,,,0.0058,0.482826,,2026-09-03,,,,2.927892,,,-0.024714,,,,,,,,,,,,0.75,,5,-0.2,0.0706,0.103647,,,,,,,-0.025496,,,
2026-09-03,CON,"Concentra Group Holdings Parent, Inc.",Health Care,Health Care Services,S&P 600,,,,,,,0.0114,0.85207,,2026-09-03,,,,,,,,,,,,,,,,,,,0.25,,15,0.066667,0.161733,0.009451,,,,,,,-0.037097,,,
2026-09-03,CORT,Corcept Therapeutics Incorporated,Health Care,Pharmaceuticals,S&P 600,,,,,,,0.0062,0.515867,,2026-09-03,,,,-0.680787,,,,,,,,,,,,,,,0.4,,12,0,0.232917,0.166623,,,,,,,0.268517,,,
2026-09-03,COTY,Coty,Consumer Staples,Personal Care Products,S&P 600,,,2170349568,,,15,0.0045,0.268731,2026-05-05,2026-09-03,,7.114,0.998,,0.185627,0.63197,-0.022852,-0.53839,,,,,0.59897,,,,0.34863,2026-05-08,0.550913,3.899434,3,0.666667,0.335,0.164155,-0.00624,0.701679,-0.763281,-0.547333,0.080382,-0.466951,-0.018681,-0.013,-0.13938,0.131478
2026-09-03,CPB,The Campbell's Company,Consumer Staples,Packaged Foods & Meats,S&P 600,,,6259586048,11.410326,,17,0.0051,0.771374,2026-03-11,2026-09-03,-0.172,7.55,1.314,-0.257089,0.137789,0.2961,,-0.419386,,,,,0.33629,,,,0.65012,2026-05-08,0.227778,3.922152,15,-0.2,-0.109067,0.020562,0.11661,1.562128,-0.694688,-0.354676,-0.043682,-0.398358,0.001025,-0.045,0.13891,-0.203731
2026-09-03,CPF,Central Pacific Financial Corp.,Financials,Regional Banks,S&P 600,,,,,,,0.0081,0.850037,,2026-09-03,,,,-0.071492,,,,,,,,,,,,,,,0.7,,6,0,0.069167,,,,,,,,0.080413,,,
2026-09-03,CPK,Chesapeake Utilities Corp.,Utilities,Gas Utilities,S&P 600,,,,,,,0.0025,0.677721,,2026-09-03,,,,-0.905679,,,,,,,,,,,,,,,0.35,,13,0,0.214385,0.024509,,,,,,,-0.134923,,,
2026-09-03,CRC,California Resources Corporation,Energy,Oil & Gas Exploration & Production,S&P 600,,,,,,,0.0073,0.155252,,2026-09-03,,,,0.029891,,,,,,,,,,,,,,,0.3,,14,-0.071429,-0.1535,0.15506,,,,,,,-0.501447,,,
2026-09-03,CRGY,Crescent Energy Company,Energy,Oil & Gas Exploration & Production,S&P 600,,,,,,,0.0077,,,2026-09-03,,,,,,,,,,,,,,,,,,,0.7,,6,0,0.2615,0.1278,,,,,,,0.308571,,,
2026-09-03,CRI,"Carter's, Inc.",Consumer Discretionary,"Apparel, Accessories & Luxury Goods",S&P 600,,,,,,,0.0067,0.516964,,2026-09-03,,,,0.683809,,,0.188975,,,,,,,,,,,,0.3,,14,-0.214286,-0.108786,0.063396,,,,,,,-0.029872,,,
2026-09-03,CRK,"Comstock Resources, Inc.",Energy,Oil & Gas Exploration & Production,S&P 600,,,,,,,0.0055,0.099933,,2026-09-03,,,,,,,,,,,,,,,,,,,0.25,,15,0.066667,0.205267,,,,,,,,0.141146,,,
2026-09-03,CRSR,Corsair Gaming,Information Technology,"Technology Hardware, Storage & Peripherals",S&P 600,,,,,,,0.0105,0.422564,,2026-09-03,,,,,,,0.06352,,,,,,,,,,,,0.85,,3,-0.333333,0.266333,0.042578,,,,,,,0.023165,,,
2026-09-03,CRVL,CorVel Corporation,Health Care,Health Care Services,S&P 600,,,,,,,0.007,0.852021,,2026-09-03,,,,1.458862,,,0.018988,,,,,,,,,,,,0.6,,8,0,0.20975,,,,,,,,0.07386,,,
2026-09-03,CSR,Centerspace Trust,Real Estate,Multi-Family Residential REITs,S&P 600,,,,,,,0.0078,0.032464,,2026-09-03,,,,,,,,,,,,,,,,,,,0.4,,12,-0.166667,0.066333,0.353261,,,,,,,-0.010198,,,
2026-09-03,CSW,"CSW Industrials, Inc.",Industrials,Industrial Conglomerates,S&P 600,,,,,,,0.0037,0.694462,,2026-09-03,,,,3.45309,,,0.010902,,,,,,,,,,,,0.7,,6,0.166667,0.031833,0.052268,,,,,,,0.126837,,,
2026-09-03,CTS,CTS Corporation,Information Technology,Electronic Manufacturing Services,S&P 600,,,,,,,0.0041,0.853108,,2026-09-03,,,,-0.037188,,,0.024814,,,,,,,,,,,,0.65,,7,0,0.124286,0.016243,,,,,,,0.027065,,,
2026-09-03,CUBI,"Customers Bancorp, Inc.",Financials,Regional Banks,S&P 600,,,,,,,0.004,0.73635,,2026-09-03,,,,0.168651,,,,,,,,,,,,,,,0.9,,2,-0.5,0.1365,,,,,,,,,,,
2026-09-03,CURB,Curbline Properties Corp.,Real Estate,Retail REITs,S&P 600,,,,,,,0.0139,0.348992,,2026-09-03,,,,,,,,,,,,,,,,,,,0.25,,15,-0.4,-0.224267,,,,,,,,-0.135968,,,
2026-09-03,CVBF,CVB Financial Corp.,Financials,Regional Banks,S&P 600,,,,,,,0.007,0.928598,,2026-09-03,,,,0.006535,,,,,,,,,,,,,,,0.65,,7,0,0.154286,,,,,,,,,,,
2026-09-03,CVCO,"Cavco Industries, Inc.",Consumer Discretionary,Homebuilding,S&P 600,,,,,,,0.0055,0.852639,,2026-09-03,,,,1.086002,,,-0.03296,,,,,,,,,,,,0.95,,1,0,-0.586,0.025973,,,,,,,0.109579,,,
2026-09-03,CVI,"CVR Energy, Inc.",Energy,Oil & Gas Refining & Marketing,S&P 600,,,,,,,0.0071,0.056352,,2026-09-03,,,,-0.778017,,,,,,,,,,,,,,,0.4,,12,-0.083333,0.264417,0.107487,,,,,,,0.351882,,,
2026-09-03,CVSA,Covista Inc.,Consumer Discretionary,Education Services,S&P 600,,,,,,,0.0066,0.776413,,2026-09-03,,,,,,,,,,,,,,,,,,,0.65,,7,-0.714286,0.164143,0.028281,,,,,,,-0.079302,,,
2026-09-03,CWEN,"Clearway Energy, Inc. (Class C)",Utilities,Renewable Electricity,S&P 600,,,,,,,0.0043,,,2026-09-03,,,,1.701613,,,,,,,,,,,,,,,0.6,,8,0.25,0.468,0.148626,,,,,,,0.039121,,,
2026-09-03,CWEN.A,"Clearway Energy, Inc. (Class A)",Utilities,Renewable Electricity,S&P 600,,,,,,,,,,,,,,,,,,,,,,,,,,,,,1,,0,0,0.2845,,,,,,,,,,,
2026-09-03,CWK,Cushman & Wakefield plc,Real Estate,Real Estate Services,S&P 600,,,,,,,0.0065,0.409696,,2026-09-03,,,,-0.136318,,,,,,,,,,,,,,,0.25,,15,-0.066667,0.033067,0.013413,,,,,,,0.002249,,,
2026-09-03,CWST,"Casella Waste Systems, Inc.",Industrials,Environmental & Facilities Services,S&P 600,,,,,,,0.0047,0.272854,,2026-09-03,,,,,,,,,,,,,,,,,,,0.55,,9,-0.222222,-0.195333,0.020903,,,,,,,0.072067,,,
2026-09-03,CWT,California Water Service Group,Utilities,Water Utilities,S&P 600,,,,,,,0.0038,0.660755,,2026-09-03,,,,,,,,,,,,,,,,,,,0.45,,11,0.090909,0.223,0.115622,,,,,,,0.005066,,,
2026-09-03,CXM,"Sprinklr, Inc.",Information Technology,Application Software,S&P 600,,,,,,,0.0029,0.559924,,2026-09-03,,,,,,,-0.030749,,,,,,,,,,,,0.25,,15,-0.2,0.017333,0.02639,,,,,,,-0.059993,,,
2026-09-03,CXW,CoreCivic,Industrials,Diversified Support Services,S&P 600,,,,,,,0.0101,0.713583,,2026-09-03,,,,,,,,,,,,,,,,,,,0.3,,14,-0.285714,-0.172786,,,,,,,,0.014615,,,
2026-09-03,CZR,Caesars Entertainment,Consumer Discretionary,Casinos & Gaming,S&P 600,,,,,,,0.0057,0.675658,,2026-09-03,,,,,,,,,,,,,,,,,,,0.3,,14,0,0.407429,,,,,,,,0.333304,,,
2026-09-03,DAN,Dana Incorporated,Consumer Discretionary,Automotive Parts & Equipment,S&P 600,,,,,,,0.0086,0.299156,,2026-09-03,,,,,,,,,,,,,,,,,,,0.25,,15,-0.2,-0.056867,0.014842,,,,,,,-0.010089,,,
2026-09-03,DAVE,"Dave, Inc.",Financials,Consumer Finance,S&P 600,,,,,,,0.0094,0.50348,,2026-09-03,,,,,,,,,,,,,,,,,,,0.9,,2,-0.5,0.22,,,,,,,,-0.170809,,,
2026-09-03,DBD,Diebold Nixdorf,Information Technology,Electronic Equipment & Instruments,S&P 600,,,,,,,0.0054,0.230742,,2026-09-03,,,,,,,0.001731,,,,,,,,,,,,0.7,,6,-0.166667,0.108833,0.017888,,,,,,,-0.043233,,,
2026-09-03,DCH,Dauch Corporation,Consumer Discretionary,Automotive Parts & Equipment,S&P 600,,,,,,,0.003,0.151727,,2026-09-03,,,,0.692047,,,,,,,,,,,,,,,0.8,,4,-0.25,-0.14525,,,,,,,,-0.028522,,,
2026-09-03,DCOM,"Dime Community Bancshares, Inc.",Financials,Regional Banks,S&P 600,,,,,,,0.0052,0.77298,,2026-09-03,,,,,,,,,,,,,,,,,,,0.8,,4,-0.5,0.21025,,,,,,,,0.16248,,,
2026-09-03,DEA,"Easterly Government Properties, Inc.",Real Estate,Office REITs,S&P 600,,,,,,,0.0102,0.673914,,2026-09-03,,,,,,,,,,,,,,,,,,,0.3,,14,-0.285714,-0.118214,,,,,,,,-0.066438,,,
2026-09-03,DEI,Douglas Emmett,Real Estate,Office REITs,S&P 600,,,,,,,0.0079,0.241418,,2026-09-03,,,,,,,-0.000479,,,,,,,,,,,,0.25,,15,-0.266667,-0.036533,,,,,,,,0.018587,,,
2026-09-03,DFH,"Dream Finders Homes, Inc.",Consumer Discretionary,Homebuilding,S&P 600,,,,,,,0.0111,0.70218,,2026-09-03,,,,,,,,,,,,,,,,,,,0.7,,6,0,0.2545,,,,,,,,0.027387,,,
2026-09-03,DFIN,"Donnelley Financial Solutions, Inc.",Financials,Financial Exchanges & Data,S&P 600,,,,,,,0.0039,0.466179,,2026-09-03,,,,,,,,,,,,,,,,,,,0.65,,7,-0.142857,0.267143,,,,,,,,,,,
2026-09-03,DGII,Digi International Inc.,Information Technology,Communications Equipment,S&P 600,,,,,,,0.0099,0.779821,,2026-09-03,,,,,,,0.013521,,,,,,,,,,,,0.65,,7,0,0.317286,0.023197,,,,,,,0.038692,,,
2026-09-03,DIOD,Diodes Incorporated,Information Technology,Semiconductors,S&P 600,,,,,,,0.0044,0.531958,,2026-09-03,,,,-0.580808,,,,,,,,,,,,,,,0.6,,8,-0.125,0.166625,,,,,,,,,,,
2026-09-03,DLX,Deluxe Corporation,Industrials,Commercial Printing,S&P 600,,,,,,,0.008,0.693582,,2026-09-03,,,,,,,0.005454,,,,,,,,,,,,0.25,,15,-0.066667,0.153267,0.021286,,,,,,,-0.045184,,,
2026-09-03,DMC,Del Monte Corporation,Consumer Staples,Packaged Foods & Meats,S&P 600,,,,,,,0.0046,0.5073,,2026-09-03,,,,,,,-0.002065,,,,,,,,,,,,0.3,,14,-0.214286,0.219571,0.024971,,,,,,,0.080387,,,
2026-09-03,DNOW,NOW Inc,Industrials,Trading Companies & Distributors,S&P 600,,,,,,,0.0163,0.361678,,2026-09-03,,,,-0.018182,,,,,,,,,,,,,,,0.25,,15,-0.066667,0.054867,,,,,,,,-0.129608,,,
2026-09-03,DORM,"Dorman Products, Inc.",Consumer Discretionary,Automotive Parts & Equipment,S&P 600,,,,,,,0.0091,0.770472,,2026-09-03,,,,1.477833,,,0.055519,,,,,,,,,,,,0.25,,15,-0.133333,0.0508,0.032661,,,,,,,-0.03479,,,
2026-09-03,DRH,DiamondRock Hospitality Company,Real Estate,Hotel & Resort REITs,S&P 600,,,,,,,0.0073,0.524984,,2026-09-03,,,,,,,,,,,,,,,,,,,0.65,,7,-0.142857,0.096857,,,,,,,,0.028119,,,
2026-09-03,DV,DoubleVerify Holdings Inc.,Communication Services,Advertising,S&P 600,,,,,,,0.0098,0.655435,,2026-09-03,,,,,,,,,,,,,,,,,,,0.6,,8,0,-0.226875,0.035134,,,,,,,-0.070279,,,
2026-09-03,DXC,DXC Technology,Information Technology,IT Consulting & Other Services,S&P 600,,,,,,,0.0055,0.593037,,2026-09-03,,,,,,,,,,,,,,,,,,,0.75,,5,0,-0.0592,0.011695,,,,,,,-0.041037,,,
2026-09-03,DXPE,"DXP Enterprises, Inc.",Industrials,Trading Companies & Distributors,S&P 600,,,,,,,0.0057,0.80713,,2026-09-03,,,,,,,,,,,,,,,,,,,0.85,,3,0,0.197333,,,,,,,,-0.340259,,,
2026-09-03,EAT,"Brinker International, Inc.",Consumer Discretionary,Restaurants,S&P 600,,,,,,,0.0076,0.703903,,2026-09-03,,,,-0.625798,,,,,,,,,,,,,,,0.25,,15,0,0.269467,0.026591,,,,,,,-0.037562,,,
2026-09-03,EBC,"Eastern Bankshares, Inc.",Financials,Regional Banks,S&P 600,,,,,,,0.0034,0.213789,,2026-09-03,,,,,,,,,,,,,,,,,,,0.65,,7,0,-0.054571,,,,,,,,-0.005275,,,
2026-09-03,ECG,"Everus Construction Group, Inc.",Industrials,Construction & Engineering,S&P 600,,,,,,,0.0079,0.753639,,2026-09-03,,,,,,,0.018446,,,,,,,,,,,,0.3,,14,0,0.0385,0.008683,,,,,,,0.082073,,,
2026-09-03,ECPG,"Encore Capital Group, Inc.",Financials,Consumer Finance,S&P 600,,,,,,,0.006,0.69605,,2026-09-03,,,,0.079775,,,,,,,,,,,,,,,0.6,,8,0,0.256875,0.046439,,,,,,,-0.097865,,,
2026-09-03,EFC,"Ellington Financial, Inc.",Financials,Specialized Finance,S&P 600,,,,,,,0.0074,0.706138,,2026-09-03,,,,,,,,,,,,,,,,,,,0.6,,8,-0.25,0.13975,,,,,,,,,,,
2026-09-03,EFOR,Everforth Inc.,Information Technology,IT Consulting & Other Services,S&P 600,,,,,,,0.0041,0.68413,,2026-09-03,,,,-0.393064,,,-0.004758,,,,,,,,,,,,0.8,,4,-0.25,0.23225,0.016446,,,,,,,-0.013325,,,
2026-09-03,EGBN,Eagle Bancorp Inc,Financials,Regional Banks,S&P 600,,,,,,,0.0055,0.350664,,2026-09-03,,,,-0.271567,,,,,,,,,,,,,,,0.8,,4,0,0.19325,,,,,,,,,,,
2026-09-03,EIG,"Employers Holdings, Inc.",Financials,Property & Casualty Insurance,S&P 600,,,,,,,0.0064,0.602988,,2026-09-03,,,,,,,,,,,,,,,,,,,0.25,,15,-0.133333,0.046933,,,,,,,,-0.130648,,,
2026-09-03,EMN,Eastman Chemical Company,Materials,Specialty Chemicals,S&P 600,,,,,,,0.0048,0.748299,,2026-09-03,,,,,,,0.001591,,,,,,,,,,,,0.7,,6,-0.166667,0.335667,,,,,,,,0.148164,,,
2026-09-03,ENOV,Enovis,Health Care,Health Care Equipment,S&P 600,,,,,,,0.0043,0.358288,,2026-09-03,,,,-2.382429,,,,,,,,,,,,,,,0.25,,15,0,0.025067,,,,,,,,-0.034517,,,
2026-09-03,ENPH,Enphase Energy,Information Technology,Semiconductor Materials & Equipment,S&P 600,,,,,,,0.005,0.472736,,2026-09-03,,,,0.836148,,,-0.117605,,,,,,,,,,,,0.3,,14,0,0.342286,0.11223,,,,,,,-0.28312,,,
2026-09-03,ENR,Energizer,Consumer Staples,Household Products,S&P 600,,,,,,,0.0043,0.362365,,2026-09-03,,,,,,,-0.168846,,,,,,,,,,,,0.25,,15,0.666667,0.3564,,,,,,,,0.0417,,,
2026-09-03,ENVA,"Enova International, Inc.",Financials,Consumer Finance,S&P 600,,,,,,,0.0038,0.761113,,2026-09-03,,,,,,,0.033737,,,,,,,,,,,,0.65,,7,0,0.028857,0.01204,,,,,,,0.04197,,,
2026-09-03,EPAC,Enerpac Tool Group,Industrials,Industrial Machinery & Supplies & Components,S&P 600,,,,,,,0.0077,0.833715,,2026-09-03,,,,1.374234,,,0.026278,,,,,,,,,,,,0.65,,7,0,0.121857,0.022681,,,,,,,-0.007717,,,
2026-09-03,EPAM,EPAM Systems,Information Technology,IT Consulting & Other Services,S&P 600,,,5237699584,14.264367,,17,0.0039,0.846885,2026-05-07,2026-09-03,0.188,6.559,0.855,4.083644,0.134693,0.29055,,-0.553858,,,,,0.03169,,,,1.15599,2026-05-08,0.261111,-1.034023,13,0.153846,0.225385,,0.0834,1.526539,-0.707736,-0.173545,-0.237861,-0.411406,-0.029464,0.076,0.10932,0.124271
2026-09-03,EPC,Edgewell Personal Care,Consumer Staples,Household Products,S&P 600,,,,,,,0.0053,0.213505,,2026-09-03,,,,,,,-0.020924,,,,,,,,,,,,0.25,,15,0.133333,0.0622,0.053254,,,,,,,0.011695,,,
2026-09-03,EPRT,"Essential Properties Realty Trust, Inc.",Real Estate,Diversified REITs,S&P 600,,,,,,,0.0031,0.929979,,2026-09-03,,,,,,,,,,,,,,,,,,,0.95,,1,0,0,0.026474,,,,,,,-0.046494,,,
2026-09-03,ESE,ESCO Technologies Inc.,Industrials,Industrial Machinery & Supplies & Components,S&P 600,,,,,,,0.0052,0.881276,,2026-09-03,,,,,,,,,,,,,,,,,,,0.65,,7,-0.142857,0.089714,,,,,,,,0.057225,,,
2026-09-03,ESI,Element Solutions,Materials,Specialty Chemicals,S&P 600,,,,,,,0.0078,0.572998,,2026-09-03,,,,1.023695,,,-0.037764,,,,,,,,,,,,0.4,,12,-0.083333,0.324417,0.04899,,,,,,,0.397647,,,
2026-09-03,ETSY,Etsy,Consumer Discretionary,Broadline Retail,S&P 600,,,,,,,0.0025,0.377399,,2026-09-03,,,,-0.071143,,,,,,,,,,,,,,,0.25,,15,0.2,0.217467,,,,,,,,0.033007,,,
2026-09-03,EVTC,"EVERTEC, Inc.",Financials,Transaction & Payment Processing Services,S&P 600,,,,,,,0.0063,0.717593,,2026-09-03,,,,-0.034421,,,,,,,,,,,,,,,0.65,,7,0.285714,0.288286,,,,,,,,-0.004569,,,
2026-09-03,EXTR,"Extreme Networks, Inc.",Information Technology,Communications Equipment,S&P 600,,,,,,,0.0053,0.161647,,2026-09-03,,,,0.358505,,,0.000562,,,,,,,,,,,,0.7,,6,0,0.1965,0.110674,,,,,,,-0.024295,,,
2026-09-03,EYE,National Vision Holdings,Consumer Discretionary,Specialty Stores,S&P 600,,,,,,,0.0145,0.435077,,2026-09-03,,,,-0.537745,,,,,,,,,,,,,,,0.25,,15,-0.2,0.016267,0.029846,,,,,,,-0.040299,,,
2026-09-03,EZPW,"EZCORP, Inc.",Financials,Consumer Finance,S&P 600,,,,,,,0.0069,0.779522,,2026-09-03,,,,,,,,,,,,,,,,,,,0.85,,3,-0.333333,0.098667,,,,,,,,0.007419,,,
2026-09-03,FA,First Advantage Corporation,Industrials,Human Resource & Employment Services,S&P 600,,,,,,,0.0099,0.205576,,2026-09-03,,,,,,,,,,,,,,,,,,,0.25,,15,0.266667,0.2902,0.0418,,,,,,,0.062476,,,
2026-09-03,FBK,FB Financial Corp.,Financials,Regional Banks,S&P 600,,,,,,,0.0058,0.638672,,2026-09-03,,,,2.350109,,,,,,,,,,,,,,,0.8,,4,-0.5,-0.0265,,,,,,,,,,,
2026-09-03,FBNC,First Bancorp (Southern Pines NC),Financials,Regional Banks,S&P 600,,,,,,,0.004,0.74957,,2026-09-03,,,,-0.175313,,,,,,,,,,,,,,,0.7,,6,0,0.098667,,,,,,,,,,,
2026-09-03,FBP,First BanCorp (Puerto Rico),Financials,Regional Banks,S&P 600,,,,,,,0.0052,0.874315,,2026-09-03,,,,0.174587,,,,,,,,,,,,,,,0.7,,6,0.166667,0.284167,,,,,,,,,,,
2026-09-03,FBRT,"Franklin BSP Realty Trust, Inc.",Real Estate,Mortgage REITs,S&P 600,,,,,,,0.0053,0.537592,,2026-09-03,,,,,,,,,,,,,,,,,,,0.9,,2,-0.5,0.3715,,,,,,,,-0.028177,,,
2026-09-03,FCF,"First Commonwealth Financial, Corp.",Financials,Regional Banks,S&P 600,,,,,,,0.0051,0.896592,,2026-09-03,,,,,,,,,,,,,,,,,,,0.45,,11,-0.090909,0.127636,,,,,,,,,,,
2026-09-03,FCPT,"Four Corners Property Trust, Inc.",Real Estate,Other Specialized REITs,S&P 600,,,,,,,0.0072,0.972026,,2026-09-03,,,,,,,,,,,,,,,,,,,0.85,,3,-0.333333,0.355,,,,,,,,-0.017049,,,
2026-09-03,FELE,Franklin Electric,Industrials,Industrial Machinery & Supplies & Components,S&P 600,,,,,,,0.0043,0.73826,,2026-09-03,,,,-0.202387,,,-0.010399,,,,,,,,,,,,0.85,,3,0.333333,0.284333,0.022627,,,,,,,0.004661,,,
2026-09-03,FFBC,First Financial Bancorp,Financials,Regional Banks,S&P 600,,,,,,,0.0027,0.878704,,2026-09-03,,,,3.114695,,,,,,,,,,,,,,,0.5,,10,0,0.2098,,,,,,,,,,,
2026-09-03,FG,"F&G Annuities & Life, Inc.",Financials,Life & Health Insurance,S&P 600,,,,,,,0.0042,0.409768,,2026-09-03,,,,,,,,,,,,,,,,,,,0.4,,12,0.083333,0.043917,,,,,,,,-0.26548,,,
2026-09-03,FHB,"First Hawaiian, Inc.",Financials,Regional Banks,S&P 600,,,,,,,0.0087,0.892571,,2026-09-03,,,,0.624458,,,,,,,,,,,,,,,0.6,,8,0,0.06175,,,,,,,,0.018835,,,
2026-09-03,FIBK,"First Interstate BancSystem, Inc.",Financials,Regional Banks,S&P 600,,,,,,,0.0035,0.849924,,2026-09-03,,,,,,,,,,,,,,,,,,,0.7,,6,-0.166667,0.146,,,,,,,,,,,
2026-09-03,FIVN,"Five9, Inc.",Information Technology,Application Software,S&P 600,,,,,,,0.005,0.161051,,2026-09-03,,,,3.37506,,,-0.014933,,,,,,,,,,,,0.35,,13,0.076923,0.07,0.052164,,,,,,,0.011419,,,
2026-09-03,FIZZ,National Beverage Corp.,Consumer Staples,Soft Drinks & Non-alcoholic Beverages,S&P 600,,,,,,,0.0094,0.875849,,2026-09-03,,,,0.066286,,,0.005922,,,,,,,,,,,,0.4,,12,0,0.172333,0.012125,,,,,,,0.000632,,,
2026-09-03,FLO,Flowers Foods,Consumer Staples,Packaged Foods & Meats,S&P 600,,,1799720576,21.2375,,6,0.0051,0.540758,2026-05-21,2026-09-03,,5.879,0.576,,0.122839,0.48871,,-0.518697,,,,,0.08007,,,,0.84957,2026-05-08,0.35,2.35702,15,-0.266667,0.070667,0.039545,0.0828,1.360942,-0.798364,-0.485889,-0.016145,-0.502034,0.000712,0.068,0.06178,-0.049254
2026-09-03,FMC,FMC Corporation,Materials,Fertilizers & Agricultural Chemicals,S&P 600,,,,,,,0.0037,0.241947,,2026-09-03,,,,,,,,,,,,,,,,,,,0.85,,3,0,0.146667,,,,,,,,0.111428,,,
2026-09-03,FORM,"FormFactor, Inc.",Information Technology,Semiconductor Materials & Equipment,S&P 600,,,,,,,0.0044,0.5951,,2026-09-03,,,,-0.474914,,,,,,,,,,,,,,,0.25,,15,0.066667,0.060333,,,,,,,,,,,
2026-09-03,FOXF,Fox Factory,Consumer Discretionary,Automotive Parts & Equipment,S&P 600,,,,,,,0.003,0.275586,,2026-09-03,,,,0.27604,,,-0.005789,,,,,,,,,,,,0.7,,6,0.166667,0.143333,0.247296,,,,,,,-0.083044,,,
2026-09-03,FRPT,Freshpet,Consumer Staples,Packaged Foods & Meats,S&P 600,,,,,,,0.0054,0.432561,,2026-09-03,,,,0.382171,,,0.012393,,,,,,,,,,,,0.65,,7,0.142857,0.176571,0.041104,,,,,,,0.023858,,,
2026-09-03,FSS,Federal Signal Corporation,Industrials,Construction Machinery & Heavy Transportation Equipment,S&P 600,,,,,,,0.0042,0.839611,,2026-09-03,,,,,,,0.003699,,,,,,,,,,,,0.65,,7,0.142857,0.249429,0.015503,,,,,,,-0.161822,,,
2026-09-03,FTDR,"Frontdoor, Inc.",Consumer Discretionary,Specialized Consumer Services,S&P 600,,,,,,,0.0064,0.691441,,2026-09-03,,,,0.945355,,,0.009061,,,,,,,,,,,,0.85,,3,0.333333,0.350667,,,,,,,,-0.013305,,,
2026-09-03,FTRE,Fortrea,Health Care,Biotechnology,S&P 600,,,,,,,0.0103,0.451675,,2026-09-03,,,,,,,,,,,,,,,,,,,0.3,,14,0.142857,0.125429,0.276716,,,,,,,-0.022468,,,
2026-09-03,FUL,H.B. Fuller Company,Materials,Specialty Chemicals,S&P 600,,,,,,,0.005,0.693682,,2026-09-03,,,,-1.408116,,,,,,,,,,,,,,,0.55,,9,0,0.203889,,,,,,,,,,,
2026-09-03,FULT,Fulton Financial Corporation,Financials,Regional Banks,S&P 600,,,,,,,0.0136,0.859986,,2026-09-03,,,,,,,,,,,,,,,,,,,0.6,,8,0.125,0.077125,,,,,,,,0.108127,,,
2026-09-03,FUN,Six Flags,Consumer Discretionary,Leisure Facilities,S&P 600,,,,,,,0.0093,0.430658,,2026-09-03,,,,,,,,,,,,,,,,,,,0.25,,15,-0.066667,0.4802,0.733128,,,,,,,-0.18702,,,
2026-09-03,GBX,"The Greenbrier Companies, Inc.",Industrials,Construction Machinery & Heavy Transportation Equipment,S&P 600,,,,,,,0.0077,0.712861,,2026-09-03,,,,0.161046,,,-0.039103,,,,,,,,,,,,0.35,,13,0.307692,0.225154,0.027004,,,,,,,-0.086786,,,
2026-09-03,GEO,"GEO Group, Inc.",Industrials,Environmental & Facilities Services,S&P 600,,,,,,,0.0056,0.421928,,2026-09-03,,,,-0.132662,,,,,,,,,,,,,,,0.8,,4,-0.5,0.022,,,,,,,,-0.157281,,,
2026-09-03,GFF,Griffon Corporation,Industrials,Building Products,S&P 600,,,,,,,0.0023,0.341701,,2026-09-03,,,,,,,-0.017041,,,,,,,,,,,,0.6,,8,0,0.0265,0.162075,,,,,,,0.08175,,,
2026-09-03,GIII,"G-III Apparel Group, Ltd.",Consumer Discretionary,"Apparel, Accessories & Luxury Goods",S&P 600,,,,,,,0.0087,0.54576,,2026-09-03,,,,,,,0.226379,,,,,,,,,,,,0.25,,15,0,0.029533,0.06331,,,,,,,0.008636,,,
2026-09-03,GKOS,Glaukos Corp.,Health Care,Health Care Equipment,S&P 600,,,,,,,0.0083,0.649078,,2026-09-03,,,,-3.530756,,,0.033428,,,,,,,,,,,,0.65,,7,0,0.139143,0.112462,,,,,,,0.083769,,,
2026-09-03,GNL,"Global Net Lease, Inc.",Real Estate,Diversified REITs,S&P 600,,,,,,,0.007,0.521492,,2026-09-03,,,,,,,,,,,,,,,,,,,0.8,,4,0.5,0.10525,0.24329,,,,,,,0.075155,,,
2026-09-03,GNW,"Genworth Financial, Inc.",Financials,Multi-line Insurance,S&P 600,,,,,,,0.0029,0.714004,,2026-09-03,,,,,,,,,,,,,,,,,,,0.65,,7,0,0.096857,0.019067,,,,,,,0.063502,,,
2026-09-03,GO,Grocery Outlet,Consumer Staples,Food Retail,S&P 600,,,,,,,0.0072,0.222788,,2026-09-03,,,,-0.611036,,,-0.003309,,,,,,,,,,,,0.25,,15,-0.2,0.056933,0.056601,,,,,,,-0.025223,,,
2026-09-03,GOLF,Acushnet Company,Consumer Discretionary,Leisure Products,S&P 600,,,,,,,0.0062,0.774209,,2026-09-03,,,,-0.319647,,,,,,,,,,,,,,,0.25,,15,-0.133333,0.140267,,,,,,,,-0.014964,,,
2026-09-03,GPI,"Group 1 Automotive, Inc.",Consumer Discretionary,Automotive Retail,S&P 600,,,,,,,0.0062,0.741534,,2026-09-03,,,,-0.162932,,,,,,,,,,,,,,,0.7,,6,-0.333333,0.061667,,,,,,,,0.068472,,,
2026-09-03,GPOR,Gulfport Energy Corporation,Energy,Oil & Gas Exploration & Production,S&P 600,,,,,,,0.005,0.467204,,2026-09-03,,,,,,,,,,,,,,,,,,,0.75,,5,-0.2,0.3434,0.226394,,,,,,,0.725014,,,
2026-09-03,GRBK,"Green Brick Partners, Inc.",Consumer Discretionary,Homebuilding,S&P 600,,,,,,,0.0043,0.877822,,2026-09-03,,,,,,,-0.015531,,,,,,,,,,,,0.7,,6,0,0.125833,,,,,,,,-0.038264,,,
2026-09-03,GSHD,"Goosehead Insurance, Inc.",Financials,Insurance Brokers,S&P 600,,,,,,,0.0107,0.697311,,2026-09-03,,,,,,,,,,,,,,,,,,,0.85,,3,-0.333333,0.271333,0.069997,,,,,,,-0.025521,,,
2026-09-03,GT,Goodyear Tire and Rubber Company,Consumer Discretionary,Tires & Rubber,S&P 600,,,1915367808,,,7,0.005,0.280963,2026-05-06,2026-09-03,0.346,8.436,0.528,-0.254002,0.0635,0.18455,,-0.444306,,,,,0.0399,,,,0.9737,2026-05-08,0.355556,6.525893,14,0.071429,0.391714,,0.01056,0.591907,-0.664654,-0.321336,-0.046988,-0.368324,0.039315,-0.087,-0.49976,-0.008452
2026-09-03,GTES,Gates Corporation,Industrials,Industrial Machinery & Supplies & Components,S&P 600,,,,,,,0.0059,0.65173,,2026-09-03,,,,1.032573,,,,,,,,,,,,,,,0.25,,15,-0.266667,0.059,,,,,,,,-0.048683,,,
2026-09-03,GTM,ZoomInfo,Communication Services,Interactive Media & Services,S&P 600,,,,,,,0.0083,0.229836,,2026-09-03,,,,,,,-0.011285,,,,,,,,,,,,0.35,,13,-0.076923,0.102769,0.083933,,,,,,,-0.002656,,,
2026-09-03,GTY,Getty Realty Corp.,Real Estate,Retail REITs,S&P 600,,,,,,,0.0058,0.828788,,2026-09-03,,,,,,,,,,,,,,,,,,,0.7,,6,0.166667,0.159333,0.064811,,,,,,,0.003423,,,
2026-09-03,GVA,"Granite Construction, Inc.",Industrials,Construction & Engineering,S&P 600,,,,,,,0.0097,0.09369,,2026-09-03,,,,-0.223403,,,,,,,,,,,,,,,0.45,,11,-0.090909,-0.007273,,,,,,,,0.231979,,,
2026-09-03,HAFC,Hanmi Financial Corporation,Financials,Regional Banks,S&P 600,,,,,,,0.0063,0.828767,,2026-09-03,,,,,,,,,,,,,,,,,,,0.95,,1,0,0,0.03204,,,,,,,-0.034792,,,
2026-09-03,HASI,"Hannon Armstrong Sustainable Infrastructure Capital, Inc.",Financials,Specialized Finance,S&P 600,,,,,,,0.006,0.447277,,2026-09-03,,,,,,,,,,,,,,,,,,,0.75,,5,0.2,0.3774,,,,,,,,0.128238,,,
2026-09-03,HAYW,"Hayward Holdings, Inc.",Industrials,Electrical Components & Equipment,S&P 600,,,,,,,0.0109,0.671376,,2026-09-03,,,,,,,0.005161,,,,,,,,,,,,0.45,,11,0,-0.123273,0.039712,,,,,,,0.041576,,,
2026-09-03,HCC,"Warrior Met Coal, Inc.",Materials,Steel,S&P 600,,,,,,,0.0105,0.558418,,2026-09-03,,,,,,,,,,,,,,,,,,,0.25,,15,0,0.134667,0.103226,,,,,,,0.184194,,,
2026-09-03,HCI,"HCI Group, Inc.",Financials,Property & Casualty Insurance,S&P 600,,,,,,,0.0039,0.740429,,2026-09-03,,,,2.766997,,,,,,,,,,,,,,,0.9,,2,0.5,0.17,,,,,,,,-0.010754,,,
2026-09-03,HCSG,"Healthcare Services Group, Inc.",Industrials,Environmental & Facilities Services,S&P 600,,,,,,,0.0069,0.389508,,2026-09-03,,,,,,,,,,,,,,,,,,,0.45,,11,0,0.108455,,,,,,,,-0.006876,,,
2026-09-03,HE,"Hawaiian Electric Industries, Inc.",Utilities,Electric Utilities,S&P 600,,,,,,,0.0083,0.256667,,2026-09-03,,,,1.023845,,,,,,,,,,,,,,,0.25,,15,-0.133333,0.1266,0.102249,,,,,,,0.255799,,,
2026-09-03,HFWA,Heritage Financial Corporation,Financials,Regional Banks,S&P 600,,,,,,,0.0034,0.784685,,2026-09-03,,,,0.183181,,,,,,,,,,,,,,,0.6,,8,-0.125,0.038125,,,,,,,,,,,
2026-09-03,HIW,Highwoods Properties,Real Estate,Office REITs,S&P 600,,,,,,,0.009,0.565042,,2026-09-03,,,,,,,,,,,,,,,,,,,0.8,,4,0,0.26,0.006005,,,,,,,0.080605,,,
2026-09-03,HLIT,Harmonic Inc.,Information Technology,Communications Equipment,S&P 600,,,,,,,0.0051,0.188897,,2026-09-03,,,,3.729549,,,0.065913,,,,,,,,,,,,0.75,,5,0,0.5216,0.108509,,,,,,,0.101729,,,
2026-09-03,HLX,"Helix Energy Solutions Group, Inc.",Energy,Oil & Gas Equipment & Services,S&P 600,,,,,,,0.0024,0.29456,,2026-09-03,,,,3.176974,,,,,,,,,,,,,,,0.25,,15,0.066667,0.341,,,,,,,,-0.161967,,,
2026-09-03,HMN,Horace Mann Educators Corporation,Financials,Multi-line Insurance,S&P 600,,,,,,,0.0064,0.699034,,2026-09-03,,,,,,,,,,,,,,,,,,,0.35,,13,0.384615,0.339923,,,,,,,,0.046261,,,
2026-09-03,HNI,HNI Corporation,Industrials,Office Services & Supplies,S&P 600,,,,,,,0.0101,0.535437,,2026-09-03,,,,,,,0.010533,,,,,,,,,,,,0.65,,7,0,0.187429,0.040852,,,,,,,-0.039417,,,
2026-09-03,HOPE,"Hope Bancorp, Inc.",Financials,Regional Banks,S&P 600,,,,,,,0.0078,0.549262,,2026-09-03,,,,-0.640772,,,,,,,,,,,,,,,0.25,,15,0,0.100333,,,,,,,,,,,
2026-09-03,HP,"Helmerich & Payne, Inc.",Energy,Oil & Gas Drilling,S&P 600,,,,,,,0.0075,0.023279,,2026-09-03,,,,,,,,,,,,,,,,,,,0.25,,15,-0.266667,0.111933,0.111316,,,,,,,0.076527,,,
2026-09-03,HRMY,"Harmony Biosciences Holdings, Inc.",Health Care,Biotechnology,S&P 600,,,,,,,0.0123,0.718423,,2026-09-03,,,,,,,-0.051579,,,,,,,,,,,,0.75,,5,0,0.402,0.075949,,,,,,,0.137277,,,
2026-09-03,HSTM,"HealthStream, Inc.",Health Care,Health Care Technology,S&P 600,,,,,,,0.0065,0.862428,,2026-09-03,,,,0.960003,,,,,,,,,,,,,,,0.9,,2,0,0,0.014519,,,,,,,0.020462,,,
2026-09-03,HTH,Hilltop Holdings Inc.,Financials,Regional Banks,S&P 600,,,,,,,0.0073,0.804861,,2026-09-03,,,,-1.414905,,,,,,,,,,,,,,,0.35,,13,-0.076923,0.167538,,,,,,,,-0.075434,,,
2026-09-03,HTLD,"Heartland Express, Inc.",Industrials,Cargo Ground Transportation,S&P 600,,,,,,,0.0137,0.469579,,2026-09-03,,,,0.422359,,,,,,,,,,,,,,,0.9,,2,0,-0.1805,0.047113,,,,,,,0.071896,,,
2026-09-03,HTO,H2O America,Utilities,Water Utilities,S&P 600,,,,,,,0.0081,0.702396,,2026-09-03,,,,,,,,,,,,,,,,,,,0.9,,2,0,0.191,0.030204,,,,,,,0.024828,,,
2026-09-03,HUBG,"Hub Group, Inc.",Industrials,Air Freight & Logistics,S&P 600,,,,,,,0.0112,0.832115,,2026-09-03,,,,0.185087,,,,,,,,,,,,,,,0.25,,15,0.133333,0.095333,0.007457,,,,,,,0.028862,,,
2026-09-03,HWKN,"Hawkins, Inc.",Materials,Commodity Chemicals,S&P 600,,,,,,,0.0061,0.78303,,2026-09-03,,,,1.08865,,,-0.0123,,,,,,,,,,,,0.3,,14,0,0.096571,0.023561,,,,,,,-0.002631,,,
2026-09-03,HZO,"MarineMax, Inc.",Consumer Discretionary,Specialty Stores,S&P 600,,,,,,,0.0045,0.027261,,2026-09-03,,,,-2.335786,,,0.053006,,,,,,,,,,,,0.7,,6,0.166667,0.181333,0.044063,,,,,,,0.094999,,,
2026-09-03,IART,Integra Lifesciences Holdings,Health Care,Health Care Equipment,S&P 600,,,,,,,0.0032,0.300168,,2026-09-03,,,,-1.282137,,,,,,,,,,,,,,,0.95,,1,-1,0,,,,,,,,0.266779,,,
2026-09-03,IBP,"Installed Building Products, Inc.",Consumer Discretionary,Homebuilding,S&P 600,,,,,,,0.0055,0.82517,,2026-09-03,,,,1.85615,,,-0.008977,,,,,,,,,,,,0.7,,6,0.166667,0.108167,0.016391,,,,,,,0.058502,,,
2026-09-03,ICHR,"Ichor Holdings, Ltd.",Information Technology,Semiconductor Materials & Equipment,S&P 600,,,,,,,0.0074,0.504383,,2026-09-03,,,,0.674959,,,0.02582,,,,,,,,,,,,0.45,,11,0.090909,0.147545,0.029095,,,,,,,0.179347,,,
2026-09-03,ICUI,ICU Medical,Health Care,Health Care Supplies,S&P 600,,,,,,,0.004,0.122228,,2026-09-03,,,,2.505712,,,0.046986,,,,,,,,,,,,0.55,,9,0.111111,0.240222,0.02301,,,,,,,0.128296,,,
2026-09-03,IIPR,"Innovative Industrial Properties, Inc.",Real Estate,Industrial REITs,S&P 600,,,,,,,0.0096,0.848879,,2026-09-03,,,,,,,,,,,,,,,,,,,0.6,,8,0.75,0.46675,0.063582,,,,,,,0.04475,,,
2026-09-03,INDB,Independent Bank Corp.,Financials,Regional Banks,S&P 600,,,,,,,0.0046,0.795298,,2026-09-03,,,,0.44149,,,,,,,,,,,,,,,0.55,,9,0,0.144111,,,,,,,,,,,
2026-09-03,INDV,Indivior,Health Care,Pharmaceuticals,S&P 600,,,,,,,0.0156,0.396299,,2026-09-03,,,,,,,0.029328,,,,,,,,,,,,0.55,,9,0,0.207556,0.249167,,,,,,,-0.055968,,,
2026-09-03,INSP,"Inspire Medical Systems, Inc.",Health Care,Health Care Equipment,S&P 600,,,,,,,0.0099,0.173066,,2026-09-03,,,,0.616421,,,,,,,,,,,,,,,0.85,,3,-0.333333,0.720667,,,,,,,,-0.014976,,,
2026-09-03,INSW,"International Seaways, Inc.",Energy,Oil & Gas Storage & Transportation,S&P 600,,,,,,,0.0087,0.610549,,2026-09-03,,,,,,,,,,,,,,,,,,,0.65,,7,-0.142857,-0.048571,0.174514,,,,,,,0.613756,,,
2026-09-03,INVA,"Innoviva, Inc.",Health Care,Pharmaceuticals,S&P 600,,,,,,,0.0029,0.247299,,2026-09-03,,,,-0.560352,,,,,,,,,,,,,,,0.85,,3,-0.333333,0.091,,,,,,,,-0.148034,,,
2026-09-03,INVX,"Innovex International, Inc.",Energy,Oil & Gas Equipment & Services,S&P 600,,,,,,,0.0051,0.444322,,2026-09-03,,,,-1.561136,,,,,,,,,,,,,,,0.9,,2,0.5,0.5795,0.068359,,,,,,,0.129142,,,
2026-09-03,IOSP,"Innospec, Inc.",Materials,Specialty Chemicals,S&P 600,,,,,,,0.0051,0.792016,,2026-09-03,,,,,,,0.00125,,,,,,,,,,,,0.8,,4,0,0.101,0.027056,,,,,,,0.089449,,,
2026-09-03,IPAR,"Inter Parfums, Inc.",Consumer Staples,Household Products,S&P 600,,,,,,,0.0059,0.783798,,2026-09-03,,,,-0.535065,,,-0.006643,,,,,,,,,,,,0.85,,3,0.333333,0.098667,0.034307,,,,,,,0.003361,,,
2026-09-03,IRDM,Iridium Communications,Communication Services,Alternative Carriers,S&P 600,,,,,,,0.0063,0.747033,,2026-09-03,,,,0.308918,,,,,,,,,,,,,,,0.5,,10,0,0.2291,,,,,,,,,,,
2026-09-03,ITGR,Integer Holdings Corporation,Health Care,Health Care Equipment,S&P 600,,,,,,,0.0058,0.547776,,2026-09-03,,,,-1.306039,,,-0.027695,,,,,,,,,,,,0.7,,6,-0.166667,0.021333,0.022632,,,,,,,-0.030992,,,
2026-09-03,ITRI,"Itron, Inc.",Information Technology,Electronic Equipment & Instruments,S&P 600,,,,,,,0.0023,0.869744,,2026-09-03,,,,1.891754,,,0.04119,,,,,,,,,,,,0.75,,5,0.0666,0.2124,0.012089,,,,,,,-0.039065,,,
2026-09-03,IVT,InvenTrust Properties,Real Estate,Retail REITs,S&P 600,,,,,,,0.0066,0.32812,,2026-09-03,,,,,,,,,,,,,,,,,,,0.75,,5,0,0.0818,0.419303,,,,,,,0.006734,,,
2026-09-03,JBGS,JBG Smith,Real Estate,Office REITs,S&P 600,,,,,,,0.0097,0.656936,,2026-09-03,,,,,,,,,,,,,,,,,,,0.9,,2,0,0.255,,,,,,,,-0.034409,,,
2026-09-03,JBLU,JetBlue,Industrials,Passenger Airlines,S&P 600,,,,,,,0.0052,0.493803,,2026-09-03,,,,-1.225681,,,,,,,,,,,,,,,0.25,,15,0,0.0632,0.102543,,,,,,,0.098008,,,
2026-09-03,JBSS,"John B. Sanfilippo & Son, Inc.",Consumer Staples,Packaged Foods & Meats,S&P 600,,,,,,,0.0071,0.849244,,2026-09-03,,,,0.113105,,,-0.023399,,,,,,,,,,,,0.85,,3,-0.333333,0.154333,0.015245,,,,,,,0.03446,,,
2026-09-03,JBTM,JBT Marel Corporation,Industrials,Industrial Machinery & Supplies & Components,S&P 600,,,,,,,0.0041,0.166609,,2026-09-03,,,,1.057756,,,0.153923,,,,,,,,,,,,0.85,,3,0.333333,0.456667,,,,,,,,0.182331,,,
2026-09-03,JJSF,J&J Snack Foods Corp.,Consumer Staples,Packaged Foods & Meats,S&P 600,,,,,,,0.0038,0.514432,,2026-09-03,,,,,,,,,,,,,,,,,,,0.9,,2,0,0,,,,,,,,0.060943,,,
2026-09-03,JOE,St. Joe Company,Real Estate,Real Estate Development,S&P 600,,,,,,,0.0072,0.704705,,2026-09-03,,,,3.161654,,,0.033179,,,,,,,,,,,,0.25,,15,0,-0.153133,0.064795,,,,,,,0.178994,,,
2026-09-03,JXN,"Jackson Financial, Inc.",Financials,Life & Health Insurance,S&P 600,,,,,,,0.0035,0.219026,,2026-09-03,,,,,,,,,,,,,,,,,,,0.5,,10,0.1,0.07,,,,,,,,0.106257,,,
2026-09-03,KAI,Kadant Inc.,Industrials,Industrial Machinery & Supplies & Components,S&P 600,,,,,,,0.0054,0.899094,,2026-09-03,,,,,,,,,,,,,,,,,,,0.25,,15,-0.266667,-0.125667,0.012656,,,,,,,0.048866,,,
2026-09-03,KALU,Kaiser Aluminum Corporation,Materials,Aluminum,S&P 600,,,,,,,0.0048,0.568767,,2026-09-03,,,,,,,,,,,,,,,,,,,0.4,,12,-0.083333,0.153333,,,,,,,,-0.052564,,,
2026-09-03,KFY,Korn/Ferry International,Industrials,Human Resource & Employment Services,S&P 600,,,,,,,0.007,0.714599,,2026-09-03,,,,-0.65578,,,,,,,,,,,,,,,0.55,,9,-0.111111,0.447,,,,,,,,0.071254,,,
2026-09-03,KGS,"Kodiak Gas Services, Inc.",Energy,Oil & Gas Equipment & Services,S&P 600,,,,,,,0.01,0.477498,,2026-09-03,,,,,,,0.026528,,,,,,,,,,,,0.3,,14,-0.023786,0.125929,0.047946,,,,,,,-0.048458,,,
2026-09-03,KLIC,"Kulicke and Soffa Industries, Inc.",Information Technology,Semiconductor Materials & Equipment,S&P 600,,,,,,,0.005,0.037684,,2026-09-03,,,,-0.745666,,,0.011485,,,,,,,,,,,,0.4,,12,0.166667,0.119333,0.352751,,,,,,,0.728491,,,
2026-09-03,KMPR,Kemper Corporation,Financials,Multi-line Insurance,S&P 600,,,,,,,0.0067,0.083516,,2026-09-03,,,,0.246463,,,,,,,,,,,,,,,0.5,,10,-0.1,-0.1302,0.06594,,,,,,,-0.036517,,,
2026-09-03,KMT,Kennametal,Industrials,Industrial Machinery & Supplies & Components,S&P 600,,,,,,,0.0056,0.693861,,2026-09-03,,,,0.721707,,,0.029493,,,,,,,,,,,,0.25,,15,-0.066667,0.1496,0.022979,,,,,,,0.119827,,,
2026-09-03,KMX,"CarMax, Inc.",Consumer Discretionary,Automotive Retail,S&P 600,,,,,,,0.0049,0.72762,,2026-09-03,,,,-1.329473,,,-0.011793,,,,,,,,,,,,0.35,,13,-0.153846,0.139846,,,,,,,,0.130882,,,
2026-09-03,KN,Knowles Corporation,Information Technology,Electronic Components,S&P 600,,,,,,,0.0077,0.225027,,2026-09-03,,,,3.492958,,,0.035099,,,,,,,,,,,,0.25,,15,-0.333333,0.148333,0.042502,,,,,,,0.085111,,,
2026-09-03,KNTK,"Kinetik Holdings, Inc.",Energy,Oil & Gas Storage & Transportation,S&P 600,,,,,,,0.0097,0.508213,,2026-09-03,,,,4.273096,,,,,,,,,,,,,,,0.55,,9,0,0.098667,,,,,,,,-0.265789,,,
2026-09-03,KOP,"Koppers Holdings, Inc.",Materials,Commodity Chemicals,S&P 600,,,,,,,0.0043,0.115726,,2026-09-03,,,,0.273339,,,,,,,,,,,,,,,0.75,,5,-0.2,-0.1348,0.133023,,,,,,,0.032938,,,
2026-09-03,KRMN,Karman Holdings,Industrials,Aerospace & Defense,S&P 600,,,,,,,0.0095,0.487393,,2026-09-03,,,,,,,0.021175,,,,,,,,,,,,0.4,,12,-0.25,0.066167,0.034361,,,,,,,0.071595,,,
2026-09-03,KSS,Kohl's Corp.,Consumer Discretionary,Broadline Retail,S&P 600,,,,,,,0.0115,0.387102,,2026-09-03,,,,-0.172363,,,,,,,,,,,,,,,0.35,,13,-0.076923,0.016385,,,,,,,,-0.026461,,,
2026-09-03,KTB,Kontoor Brands,Consumer Discretionary,"Apparel, Accessories & Luxury Goods",S&P 600,,,,,,,0.0087,0.784407,,2026-09-03,,,,,,,,,,,,,,,,,,,0.25,,15,0,0.2208,0.029599,,,,,,,-0.263877,,,
2026-09-03,KWR,Quaker Chemical Corporation,Materials,Specialty Chemicals,S&P 600,,,,,,,0.0033,0.329154,,2026-09-03,,,,2.701768,,,3.9e-05,,,,,,,,,,,,0.95,,1,0,0,0.070546,,,,,,,0.016862,,,
2026-09-03,LAUR,"Laureate Education, Inc.",Consumer Discretionary,Education Services,S&P 600,,,,,,,0.0054,0.461497,,2026-09-03,,,,2.936653,,,,,,,,,,,,,,,0.35,,13,0.153846,0.208538,,,,,,,,0.080559,,,
2026-09-03,LAZ,Lazard,Financials,Diversified Capital Markets,S&P 600,,,,,,,0.0088,0.666986,,2026-09-03,,,,-0.393153,,,,,,,,,,,,,,,0.5,,10,-0.2,0.1325,0.054871,,,,,,,0.210127,,,
2026-09-03,LBRT,"Liberty Energy, Inc.",Energy,Oil & Gas Equipment & Services,S&P 600,,,,,,,0.0085,0.67092,,2026-09-03,,,,0.961849,,,,,,,,,,,,,,,0.6,,8,0.125,0.715625,0.045801,,,,,,,0.095386,,,
2026-09-03,LCII,LCI Industries,Consumer Discretionary,Automotive Parts & Equipment,S&P 600,,,,,,,0.007,0.815651,,2026-09-03,,,,-0.775567,,,0.067016,,,,,,,,,,,,0.7,,6,0,0.131667,0.012882,,,,,,,-0.16812,,,
2026-09-03,LEG,Leggett & Platt,Consumer Discretionary,Home Furnishings,S&P 600,,,,,,,0.0044,0.125869,,2026-09-03,,,,-1.101754,,,-0.02135,,,,,,,,,,,,0.25,,15,-0.466667,-0.352867,,,,,,,,-0.063758,,,
2026-09-03,LEU,Centrus Energy Corp.,Energy,Coal & Consumable Fuels,S&P 600,,,,,,,0.0044,0.47456,,2026-09-03,,,,0.581944,,,,,,,,,,,,,,,0.55,,9,0.111111,0.249778,,,,,,,,-0.217522,,,
2026-09-03,LFST,Lifestance Health,Health Care,Health Care Services,S&P 600,,,,,,,0.0171,,,2026-09-03,,,,,,,,,,,,,,,,,,,0.45,,11,0.181818,0.215273,0.041959,,,,,,,0.04901,,,
2026-09-03,LGIH,LGI Homes,Consumer Discretionary,Homebuilding,S&P 600,,,,,,,0.0031,0.559692,,2026-09-03,,,,,,,,,,,,,,,,,,,0.75,,5,0,0.0924,0.049294,,,,,,,0.147111,,,
2026-09-03,LIF,Life360,Information Technology,Application Software,S&P 600,,,,,,,0.0087,0.182606,,2026-09-03,,,,,,,0.013965,,,,,,,,,,,,0.3,,14,0,0.156286,0.041826,,,,,,,-0.003488,,,
2026-09-03,LGND,"Ligand Pharmaceuticals, Inc.",Health Care,Biotechnology,S&P 600,,,,,,,0.003,0.23443,,2026-09-03,,,,-0.156464,,,,,,,,,,,,,,,0.85,,3,0,0,,,,,,,,0.375001,,,
2026-09-03,LKFN,Lakeland Financial,Financials,Regional Banks,S&P 600,,,,,,,0.0071,0.898697,,2026-09-03,,,,-0.014591,,,,,,,,,,,,,,,0.95,,1,0,0.421,,,,,,,,,,,
2026-09-03,LKQ,LKQ Corporation,Consumer Discretionary,Distributors,S&P 600,,,,,,,0.0042,0.895969,,2026-09-03,,,,,,,0.001622,,,,,,,,,,,,0.5,,10,0,0.1776,0.008838,,,,,,,-0.07257,,,
2026-09-03,LMAT,LeMaitre Vascular,Health Care,Health Care Equipment,S&P 600,,,,,,,0.0066,0.834613,,2026-09-03,,,,,,,0.028241,,,,,,,,,,,,0.6,,8,0,0.16275,0.034473,,,,,,,0.041834,,,
2026-09-03,LNC,Lincoln Financial,Financials,Multi-line Insurance,S&P 600,,,,,,,0.004,0.326564,,2026-09-03,,,,,,,,,,,,,,,,,,,0.4,,12,-0.083333,0.255167,,,,,,,,-0.007957,,,
2026-09-03,LNN,Lindsay Corporation,Materials,Agricultural & Farm Machinery,S&P 600,,,,,,,0.0077,0.830059,,2026-09-03,,,,1.327789,,,-0.018892,,,,,,,,,,,,0.25,,15,-0.4,-0.124267,0.024428,,,,,,,0.105554,,,
2026-09-03,LPG,Dorian LPG Ltd.,Energy,Oil & Gas Storage & Transportation,S&P 600,,,,,,,0.0113,0.561548,,2026-09-03,,,,3.391935,,,,,,,,,,,,,,,0.25,,15,0.2,0.1064,0.191214,,,,,,,0.743936,,,
2026-09-03,LQDA,Liquidia Corporation,Health Care,Pharmaceuticals,S&P 600,,,,,,,0.0098,0.155563,,2026-09-03,,,,,,,,,,,,,,,,,,,0.4,,12,0,0.11175,,,,,,,,,,,
2026-09-03,LQDT,"Liquidity Services, Inc.",Industrials,Diversified Support Services,S&P 600,,,,,,,0.0063,0.845908,,2026-09-03,,,,-0.568994,,,0.035803,,,,,,,,,,,,0.65,,7,-0.142857,0.294286,0.015341,,,,,,,0.043503,,,
2026-09-03,LRN,"Stride, Inc.",Consumer Discretionary,Education Services,S&P 600,,,,,,,0.0056,0.802403,,2026-09-03,,,,-0.600283,,,,,,,,,,,,,,,0.35,,13,0.076923,0.160308,,,,,,,,0.063969,,,
2026-09-03,LTC,"LTC Properties, Inc.",Real Estate,Health Care REITs,S&P 600,,,,,,,0.0068,0.540518,,2026-09-03,,,,,,,,,,,,,,,,,,,0.25,,15,-0.133333,0.105,0.211771,,,,,,,-0.304847,,,
2026-09-03,LTH,"Life Time Group Holdings, Inc.",Consumer Discretionary,Leisure Facilities,S&P 600,,,,,,,0.008,0.742916,,2026-09-03,,,,,,,,,,,,,,,,,,,0.5,,10,0,0.1648,0.018081,,,,,,,0.020196,,,
2026-09-03,LUMN,Lumen Technologies,Communication Services,Alternative Carriers,S&P 600,,,,,,,0.0071,0.485525,,2026-09-03,,,,,,,,,,,,,,,,,,,0.5,,10,-0.1,0.1323,0.104563,,,,,,,-0.003882,,,
2026-09-03,LW,Lamb Weston,Consumer Staples,Packaged Foods & Meats,S&P 600,,,,,,,0.0058,0.579273,,2026-09-03,,,,-0.31947,,,,,,,,,,,,,,,0.45,,11,-0.090909,0.270727,,,,,,,,,,,
2026-09-03,LXP,Lexington Realty Trust,Real Estate,Diversified REITs,S&P 600,,,,,,,0.0073,0.404271,,2026-09-03,,,,,,,,,,,,,,,,,,,0.7,,6,0.166667,0.441333,,,,,,,,-0.04837,,,
2026-09-03,LYFT,"Lyft, Inc.",Industrials,Passenger Ground Transportation,S&P 600,,,,,,,0.0059,0.345913,,2026-09-03,,,,,,,,,,,,,,,,,,,0.4,,12,0,0.2055,0.023657,,,,,,,0.022655,,,
2026-09-03,LZ,"LegalZoom.com, Inc.",Industrials,Research & Consulting Services,S&P 600,,,,,,,0.0089,0.59073,,2026-09-03,,,,,,,0.031728,,,,,,,,,,,,0.25,,15,0,0.153933,0.031939,,,,,,,-0.062886,,,
2026-09-03,LZB,"La-Z-Boy, Inc.",Consumer Discretionary,Home Furnishings,S&P 600,,,,,,,0.0037,0.68882,,2026-09-03,,,,-0.420737,,,,,,,,,,,,,,,0.35,,13,-0.076923,0.049,,,,,,,,-0.327571,,,
2026-09-03,MAC,Macerich,Real Estate,Retail REITs,S&P 600,,,,,,,0.0058,0.17649,,2026-09-03,,,,,,,,,,,,,,,,,,,0.25,,15,0.066667,0.078,,,,,,,,0.030495,,,
2026-09-03,MAN,ManpowerGroup,Industrials,Human Resource & Employment Services,S&P 600,,,,,,,0.009,0.307188,,2026-09-03,,,,-1.195397,,,-0.008437,,,,,,,,,,,,0.25,,15,-0.2,-0.479933,0.008839,,,,,,,-0.027274,,,
2026-09-03,MARA,"MARA Holdings, Inc.",Information Technology,Internet Services & Infrastructure,S&P 600,,,,,,,0.005,0.217295,,2026-09-03,,,,,,,,,,,,,,,,,,,0.4,,12,0.166667,0.068583,0.689178,,,,,,,-0.083096,,,
2026-09-03,MATW,Matthews International Corporation,Consumer Discretionary,Specialized Consumer Services,S&P 600,,,,,,,0.0054,0.071383,,2026-09-03,,,,,,,0.009414,,,,,,,,,,,,0.9,,2,0,0,0.12609,,,,,,,0.099382,,,
2026-09-03,MATX,"Matson, Inc.",Industrials,Marine Transportation,S&P 600,,,,,,,0.0085,0.68637,,2026-09-03,,,,,,,,,,,,,,,,,,,0.3,,14,-0.285714,0.136143,0.058739,,,,,,,0.198195,,,
2026-09-03,MBC,"MasterBrand, Inc.",Industrials,Building Products,S&P 600,,,,,,,0.0112,0.329223,,2026-09-03,,,,,,,-0.075866,,,,,,,,,,,,0.45,,11,0,-0.014182,0.053235,,,,,,,0.179399,,,
2026-09-03,MBGL,"Mobility Global, Inc.",Industrials,Data Processing & Outsourced Services,S&P 600,,,,,,,0.0162,,,2026-09-03,,,,,,,,,,,,,,,,,,,0.6,,8,-0.125,0.10675,,,,,,,,,,,
2026-09-03,MBIN,Merchants Bancorp,Financials,Regional Banks,S&P 600,,,,,,,0.0035,0.771982,,2026-09-03,,,,-2.609914,,,,,,,,,,,,,,,0.75,,5,-0.1,0.1172,,,,,,,,,,,
2026-09-03,MC,Moelis & Company,Financials,Investment Banking & Brokerage,S&P 600,,,,,,,0.0031,,,2026-09-03,,,,-0.530324,,,,,,,,,,,,,,,0.25,,15,0,0.143933,,,,,,,,,,,
2026-09-03,MCRI,"Monarch Casino & Resort, Inc.",Consumer Discretionary,Casinos & Gaming,S&P 600,,,,,,,0.0028,0.845602,,2026-09-03,,,,,,,,,,,,,,,,,,,0.85,,3,0,0.098667,,,,,,,,-0.007718,,,
2026-09-03,MCY,Mercury General,Financials,Property & Casualty Insurance,S&P 600,,,,,,,0.0027,0.54365,,2026-09-03,,,,-0.191553,,,,,,,,,,,,,,,0.6,,8,-0.25,-0.001125,,,,,,,,0.03326,,,
2026-09-03,MD,Pediatrix Medical Group,Health Care,Health Care Services,S&P 600,,,,,,,0.0051,0.123908,,2026-09-03,,,,,,,,,,,,,,,,,,,0.25,,15,-0.133333,0.172067,0.137626,,,,,,,0.00148,,,
2026-09-03,MDU,"MDU Resources Group, Inc.",Utilities,Multi-Utilities,S&P 600,,,,,,,0.0068,0.638373,,2026-09-03,,,,1.301287,,,,,,,,,,,,,,,0.65,,7,0,0.218143,0.031815,,,,,,,0.170707,,,
2026-09-03,MFP,"Midera Food Processing, Inc.",Industrials,Industrial Machinery & Supplies & Components,S&P 600,,,,,,,0.0165,,,2026-09-03,,,,,,,,,,,,,,,,,,,0.75,,5,0,0.0954,,,,,,,,,,,
2026-09-03,MGEE,"MGE Energy, Inc.",Utilities,Electric Utilities,S&P 600,,,,,,,0.0071,0.824463,,2026-09-03,,,,-0.429305,,,,,,,,,,,,,,,0.75,,5,0.2,0.434,,,,,,,,,,,
2026-09-03,MGY,"Magnolia Oil & Gas, Corp.",Energy,Oil & Gas Exploration & Production,S&P 600,,,,,,,0.0058,0.69964,,2026-09-03,,,,,,,,,,,,,,,,,,,0.75,,5,0,0.2316,0.052217,,,,,,,0.477624,,,
2026-09-03,MHK,Mohawk Industries,Consumer Discretionary,Home Furnishings,S&P 600,,,,,,,0.0071,0.779204,,2026-09-03,,,,-0.190201,,,,,,,,,,,,,,,0.4,,12,0.166667,0.194,,,,,,,,0.110684,,,
2026-09-03,MHO,"M/I Homes, Inc.",Consumer Discretionary,Homebuilding,S&P 600,,,,,,,0.0061,0.821642,,2026-09-03,,,,4.914859,,,,,,,,,,,,,,,0.85,,3,-0.666667,-0.271667,0.027985,,,,,,,-0.028699,,,
2026-09-03,MIR,"Mirion Technologies, Inc.",Information Technology,Electronic Equipment & Instruments,S&P 600,,,,,,,0.01,0.304294,,2026-09-03,,,,,,,,,,,,,,,,,,,0.35,,13,-0.384615,-0.054615,,,,,,,,,,,
2026-09-03,MKTX,MarketAxess,Financials,Financial Exchanges & Data,S&P 600,,,,,,,0.0045,0.76935,,2026-09-03,,,,-1.456941,,,,,,,,,,,,,,,0.7,,6,0,0.049333,,,,,,,,0.042888,,,
2026-09-03,MLKN,"MillerKnoll, Inc.",Industrials,Office Services & Supplies,S&P 600,,,,,,,0.004,0.534343,,2026-09-03,,,,-0.923077,,,0.001489,,,,,,,,,,,,0.8,,4,0,0.04825,0.049465,,,,,,,0.073185,,,
2026-09-03,MMI,"Marcus & Millichap, Inc.",Real Estate,Real Estate Services,S&P 600,,,,,,,0.0056,0.486777,,2026-09-03,,,,-0.303981,,,,,,,,,,,,,,,0.3,,14,0,0.096929,,,,,,,,0.124226,,,
2026-09-03,MMSI,"Merit Medical Systems, Inc.",Health Care,Health Care Supplies,S&P 600,,,,,,,0.0041,0.878064,,2026-09-03,,,,0.689731,,,0.031348,,,,,,,,,,,,0.8,,4,0,0.50225,0.012004,,,,,,,0.020476,,,
2026-09-03,MPT,Medical Properties Trust,Real Estate,Health Care REITs,S&P 600,,,,,,,0.0064,0.4345,,2026-09-03,,,,,,,,,,,,,,,,,,,0.6,,8,0,0.592,,,,,,,,0.074513,,,
2026-09-03,MRCY,Mercury Systems,Industrials,Electrical Components & Equipment,S&P 600,,,,,,,0.0043,0.601399,,2026-09-03,,,,,,,0.022679,,,,,,,,,,,,0.5,,10,0,0.0816,0.092906,,,,,,,0.071765,,,
2026-09-03,MRP,"Millrose Properties, Inc.",Real Estate,Single-Family Residential REITs,S&P 600,,,,,,,0.0195,0.827818,,2026-09-03,,,,,,,,,,,,,,,,,,,0.85,,3,0.666667,0.194333,0.120034,,,,,,,,,,
2026-09-03,MRTN,"Marten Transport, Ltd.",Industrials,Cargo Ground Transportation,S&P 600,,,,,,,0.0061,0.669102,,2026-09-03,,,,,,,,,,,,,,,,,,,0.9,,2,0,0,0.032045,,,,,,,0.044644,,,
2026-09-03,MSEX,Middlesex Water Company,Utilities,Water Utilities,S&P 600,,,,,,,0.0058,0.863847,,2026-09-03,,,,,,,,,,,,,,,,,,,0.9,,2,-0.5,0.101,0.026945,,,,,,,0.042997,,,
2026-09-03,MSGS,Madison Square Garden Sports Corp.,Communication Services,Movies & Entertainment,S&P 600,,,,,,,0.0052,0.073473,,2026-09-03,,,,0.43168,,,,,,,,,,,,,,,0.85,,3,0,0.153,0.606585,,,,,,,0.199107,,,
2026-09-03,MTCH,Match Group,Communication Services,Interactive Media & Services,S&P 600,,,,,,,0.0039,0.845652,,2026-09-03,,,,0.57984,,,,,,,,,,,,,,,0.25,,15,-0.4,0.033867,0.02589,,,,,,,-0.05172,,,
2026-09-03,MTH,Meritage Homes Corporation,Consumer Discretionary,Homebuilding,S&P 600,,,,,,,0.0052,0.726356,,2026-09-03,,,,3.579718,,,,,,,,,,,,,,,0.55,,9,0,0.121778,,,,,,,,,,,
2026-09-03,MTRN,Materion Corp.,Materials,Diversified Metals & Mining,S&P 600,,,,,,,0.0069,0.761437,,2026-09-03,,,,0.423711,,,,,,,,,,,,,,,0.45,,11,0,0.194273,,,,,,,,0.100978,,,
2026-09-03,MTUS,Metallus Inc,Materials,Steel,S&P 600,,,,,,,0.0052,0.445827,,2026-09-03,,,,,,,-0.005712,,,,,,,,,,,,0.45,,11,0.181818,0.193,,,,,,,,0.020392,,,
2026-09-03,MTX,Minerals Technologies,Materials,Specialty Chemicals,S&P 600,,,,,,,0.0049,0.114312,,2026-09-03,,,,-0.154589,,,-0.014857,,,,,,,,,,,,0.35,,13,0.076923,0.062923,0.21395,,,,,,,-0.075168,,,
2026-09-03,MWA,Mueller Water Products,Industrials,Industrial Machinery & Supplies & Components,S&P 600,,,,,,,0.0073,0.844746,,2026-09-03,,,,,,,0.010415,,,,,,,,,,,,0.25,,15,0.133333,0.173467,0.015578,,,,,,,-0.014154,,,
2026-09-03,MXL,"MaxLinear, Inc.",Information Technology,Semiconductors,S&P 600,,,,,,,0.0067,0.652084,,2026-09-03,,,,-0.885643,,,,,,,,,,,,,,,0.5,,10,0.2667,0.2774,,,,,,,,-0.119871,,,
2026-09-03,MYRG,"MYR Group, Inc.",Industrials,Construction & Engineering,S&P 600,,,,,,,0.0072,0.554853,,2026-09-03,,,,1.040293,,,,,,,,,,,,,,,0.45,,11,-0.090909,0.130273,,,,,,,,,,,
2026-09-03,NABL,"N-able, Inc.",Information Technology,Systems Software,S&P 600,,,,,,,0.0061,0.274292,,2026-09-03,,,,,,,-0.01123,,,,,,,,,,,,0.65,,7,1,0.150143,0.061864,,,,,,,-0.060892,,,
2026-09-03,NATL,NCR Atleos,Financials,Transaction & Payment Processing Services,S&P 600,,,,,,,0.0086,0.573574,,2026-09-03,,,,,,,,,,,,,,,,,,,0.7,,6,0,0.188,0.020044,,,,,,,-0.064465,,,
2026-09-03,NAVI,Navient,Financials,Consumer Finance,S&P 600,,,,,,,0.002,0.164889,,2026-09-03,,,,,,,,,,,,,,,,,,,0.5,,10,0.1,0.0399,,,,,,,,-0.152374,,,
2026-09-03,NBHC,National Bank Holdings Corporation,Financials,Regional Banks,S&P 600,,,,,,,0.0086,0.823961,,2026-09-03,,,,,,,,,,,,,,,,,,,0.25,,15,0,0.2096,,,,,,,,0.029484,,,
2026-09-03,NBTB,"NBT Bancorp, Inc.",Financials,Regional Banks,S&P 600,,,,,,,0.0046,0.812908,,2026-09-03,,,,-0.057716,,,,,,,,,,,,,,,0.75,,5,0,0,,,,,,,,-0.055482,,,
2026-09-03,NE,Noble Corporation,Energy,Oil & Gas Drilling,S&P 600,,,,,,,0.0102,0.495471,,2026-09-03,,,,,,,,,,,,,,,,,,,0.25,,15,0,0.210667,0.087833,,,,,,,-0.050422,,,
2026-09-03,NEO,"NeoGenomics Laboratories, Inc.",Health Care,Health Care Services,S&P 600,,,,,,,0.0065,0.451206,,2026-09-03,,,,-0.628363,,,,,,,,,,,,,,,0.25,,15,0,-0.001,,,,,,,,,,,
2026-09-03,NEOG,Neogen,Health Care,Health Care Supplies,S&P 600,,,,,,,0.0046,0.285968,,2026-09-03,,,,-2.404783,,,-0.030345,,,,,,,,,,,,0.5,,10,-0.2,-0.0393,0.657176,,,,,,,-0.015947,,,
2026-09-03,NGVT,"Ingevity, Corp.",Materials,Specialty Chemicals,S&P 600,,,,,,,0.0082,0.323842,,2026-09-03,,,,-2.29096,,,0.057014,,,,,,,,,,,,0.8,,4,0.25,0.13175,0.031075,,,,,,,-0.093231,,,
2026-09-03,NHC,"National Healthcare, Corp.",Health Care,Health Care Facilities,S&P 600,,,,,,,0.0038,0.832886,,2026-09-03,,,,-0.643216,,,,,,,,,,,,,,,0.25,,15,0,0.0206,0.018237,,,,,,,0.066588,,,
2026-09-03,NHI,"National Health Investors, Inc.",Real Estate,Health Care REITs,S&P 600,,,,,,,0.0084,0.847256,,2026-09-03,,,,,,,,,,,,,,,,,,,0.6,,8,-0.125,0.1375,,,,,,,,0.048839,,,
2026-09-03,NIC,Nicolet Bankshares,Financials,Regional Banks,S&P 600,,,,,,,0.0053,0.786067,,2026-09-03,,,,,,,,,,,,,,,,,,,0.25,,15,0.044467,0.0826,,,,,,,,,,,
2026-09-03,NMIH,"NMI Holdings, Inc.",Financials,Commercial & Residential Mortgage Finance,S&P 600,,,,,,,0.0036,0.93126,,2026-09-03,,,,0.759554,,,,,,,,,,,,,,,0.7,,6,0,0.098667,,,,,,,,0.022163,,,
2026-09-03,NOG,"Northern Oil and Gas, Inc.",Energy,Oil & Gas Exploration & Production,S&P 600,,,,,,,0.0057,0.114209,,2026-09-03,,,,,,,,,,,,,,,,,,,0.6,,8,-0.125,-0.00275,0.2358,,,,,,,-0.730248,,,
2026-09-03,NPK,"National Presto Industries, Inc.",Industrials,Aerospace & Defense,S&P 600,,,,,,,0.0161,0.703864,,2026-09-03,,,,1.011572,,,0.040759,,,,,,,,,,,,0.4,,12,0.166667,0.1305,0.02463,,,,,,,0.07225,,,
2026-09-03,NPO,"EnPro Industries, Inc.",Industrials,Industrial Machinery & Supplies & Components,S&P 600,,,,,,,0.0088,0.829825,,2026-09-03,,,,,,,,,,,,,,,,,,,0.5,,10,-0.2,0.1652,,,,,,,,-0.022387,,,
2026-09-03,NSIT,"Insight Enterprises, Inc.",Industrials,Technology Distributors,S&P 600,,,,,,,0.0065,0.688872,,2026-09-03,,,,-0.601199,,,0.00589,,,,,,,,,,,,0.45,,11,-0.090909,0.204364,0.009683,,,,,,,0.135658,,,
2026-09-03,NSP,Insperity,Industrials,Human Resource & Employment Services,S&P 600,,,,,,,0.0043,0.400063,,2026-09-03,,,,-3.817827,,,-0.005792,,,,,,,,,,,,0.5,,10,-0.1,0.1618,0.023501,,,,,,,-0.000289,,,
2026-09-03,NSSC,Napco Security Technologies,Information Technology,Electronic Equipment & Instruments,S&P 600,,,,,,,0.0063,0.710387,,2026-09-03,,,,1.616211,,,0.028197,,,,,,,,,,,,0.6,,8,0,0.2675,0.10155,,,,,,,-0.003604,,,
2026-09-03,NTCT,"NETSCOUT Systems, Inc.",Information Technology,Communications Equipment,S&P 600,,,,,,,0.0039,0.250359,,2026-09-03,,,,0.383557,,,,,,,,,,,,,,,0.8,,4,0.25,0.27125,,,,,,,,0.060098,,,
2026-09-03,NTST,NETSTREIT Corp.,Real Estate,Retail REITs,S&P 600,,,,,,,0.0096,0.23038,,2026-09-03,,,,,,,,,,,,,,,,,,,0.65,,7,0,0.145143,,,,,,,,0.026278,,,
2026-09-03,NWBI,"Northwest Bancshares, Inc.",Financials,Regional Banks,S&P 600,,,,,,,0.0091,0.648882,,2026-09-03,,,,1.08543,,,,,,,,,,,,,,,0.95,,1,-1,0,,,,,,,,,,,
2026-09-03,NWL,Newell Brands,Consumer Discretionary,Housewares & Specialties,S&P 600,,,,,,,0.0055,0.084319,,2026-09-03,,,,-0.021008,,,,,,,,,,,,,,,0.45,,11,0,0.062,,,,,,,,0.051528,,,
2026-09-03,NWN,NW Natural,Utilities,Gas Utilities,S&P 600,,,,,,,0.0106,0.327208,,2026-09-03,,,,,,,,,,,,,,,,,,,0.85,,3,-0.333333,0.233333,0.161346,,,,,,,0.039004,,,
2026-09-03,NX,Quanex Building Products Corporation,Industrials,Building Products,S&P 600,,,,,,,0.005,0.21207,,2026-09-03,,,,,,,,,,,,,,,,,,,0.25,,15,-0.066667,0.001733,,,,,,,,0.021292,,,
2026-09-03,NXRT,"NexPoint Residential Trust, Inc.",Real Estate,Multi-Family Residential REITs,S&P 600,,,,,,,0.0051,0.094445,,2026-09-03,,,,,,,,,,,,,,,,,,,0.9,,2,-0.1665,-0.2635,0.175843,,,,,,,0.017931,,,
2026-09-03,OFG,OFG Bancorp,Financials,Regional Banks,S&P 600,,,,,,,0.0077,0.90298,,2026-09-03,,,,1.598063,,,,,,,,,,,,,,,0.4,,12,0.083333,0.166333,,,,,,,,,,,
2026-09-03,OGN,Organon & Co.,Health Care,Pharmaceuticals,S&P 600,,,,,,,0.0162,0.689404,,2026-09-03,,,,,,,-0.00466,,,,,,,,,,,,0.9,,2,0,0,,,,,,,,0.012445,,,
2026-09-03,OI,"O-I Glass, Inc.",Materials,"Metal, Glass & Plastic Containers",S&P 600,,,,,,,0.0038,0.275698,,2026-09-03,,,,-0.029952,,,-0.046966,,,,,,,,,,,,0.5,,10,0.1,0.0491,0.173389,,,,,,,-0.005044,,,
2026-09-03,OII,"Oceaneering International, Inc.",Energy,Oil & Gas Equipment & Services,S&P 600,,,,,,,0.0063,0.72979,,2026-09-03,,,,-0.862266,,,-0.008242,,,,,,,,,,,,0.45,,11,0.030273,0.278818,0.018169,,,,,,,0.07375,,,
2026-09-03,OMCL,Omnicell,Health Care,Health Care Technology,S&P 600,,,,,,,0.0051,0.291456,,2026-09-03,,,,0.468107,,,,,,,,,,,,,,,0.6,,8,-0.125,0.119125,,,,,,,,-0.0322,,,
2026-09-03,OPLN,"OPENLANE, Inc.",Industrials,Diversified Support Services,S&P 600,,,,,,,0.0054,0.606008,,2026-09-03,,,,0.054476,,,,,,,,,,,,,,,0.6,,8,0,0.18325,0.024202,,,,,,,0.00398,,,
2026-09-03,OSIS,"OSI Systems, Inc.",Information Technology,Electronic Equipment & Instruments,S&P 600,,,,,,,0.0048,0.796833,,2026-09-03,,,,-1.203549,,,,,,,,,,,,,,,0.75,,5,-0.8,0.2802,,,,,,,,-0.053852,,,
2026-09-03,OSW,OneSpaWorld Holdings Limited,Consumer Discretionary,Leisure Facilities,S&P 600,,,,,,,0.0104,0.863569,,2026-09-03,,,,,,,,,,,,,,,,,,,0.6,,8,0,0.071375,0.00902,,,,,,,-0.04225,,,
2026-09-03,OTTR,Otter Tail Corporation,Utilities,Electric Utilities,S&P 600,,,,,,,0.0045,0.699567,,2026-09-03,,,,-1.254109,,,,,,,,,,,,,,,0.55,,9,-0.222222,0.137222,0.121476,,,,,,,-0.009445,,,
2026-09-03,OUT,Outfront Media,Real Estate,Other Specialized REITs,S&P 600,,,,,,,0.0083,0.389677,,2026-09-03,,,,,,,,,,,,,,,,,,,0.25,,15,-0.266667,0.069133,0.1322,,,,,,,0.035811,,,
2026-09-03,PAHC,Phibro Animal Health,Health Care,Pharmaceuticals,S&P 600,,,,,,,0.0082,0.591792,,2026-09-03,,,,-0.049361,,,,,,,,,,,,,,,0.45,,11,0.272727,0.218818,,,,,,,,0.002872,,,
2026-09-03,PARR,"Par Pacific Holdings, Inc.",Energy,Oil & Gas Refining & Marketing,S&P 600,,,,,,,0.0061,0.392554,,2026-09-03,,,,,,,,,,,,,,,,,,,0.3,,14,0.142857,0.1415,,,,,,,,0.068304,,,
2026-09-03,PAYC,Paycom,Industrials,Human Resource & Employment Services,S&P 600,,,,,,,0.0056,0.700248,,2026-09-03,,,,0.986362,,,,,,,,,,,,,,,0.35,,13,0.076923,0.222692,,,,,,,,-0.021973,,,
2026-09-03,PAYO,Payoneer Global Inc.,Financials,Transaction & Payment Processing Services,S&P 600,,,,,,,0.0143,0.630728,,2026-09-03,,,,,,,,,,,,,,,,,,,0.7,,6,0,0.049333,0.036814,,,,,,,-0.008381,,,
2026-09-03,PATK,"Patrick Industries, Inc.",Consumer Discretionary,Automotive Parts & Equipment,S&P 600,,,,,,,0.0035,0.89244,,2026-09-03,,,,-1.817733,,,-0.001591,,,,,,,,,,,,0.9,,2,0,-0.1365,0.007939,,,,,,,0.000642,,,
2026-09-03,PBH,Prestige Consumer Healthcare,Health Care,Pharmaceuticals,S&P 600,,,,,,,0.0054,0.849957,,2026-09-03,,,,-0.011806,,,,,,,,,,,,,,,0.55,,9,-0.111111,0.008444,,,,,,,,,,,
2026-09-03,PBI,"Pitney Bowes, Inc.",Industrials,Office Services & Supplies,S&P 600,,,,,,,0.0031,0.150345,,2026-09-03,,,,-0.991485,,,,,,,,,,,,,,,0.4,,12,-0.583333,0.323333,,,,,,,,0.009902,,,
2026-09-03,PCRX,"Pacira BioSciences, Inc.",Health Care,Pharmaceuticals,S&P 600,,,,,,,0.006,0.20377,,2026-09-03,,,,3.709081,,,,,,,,,,,,,,,0.9,,2,0,0,,,,,,,,0.034572,,,
2026-09-03,PDFS,"PDF Solutions, Inc.",Information Technology,Semiconductor Materials & Equipment,S&P 600,,,,,,,0.0058,0.382545,,2026-09-03,,,,-1.331734,,,,,,,,,,,,,,,0.25,,15,0.066667,0.1828,,,,,,,,0.06267,,,
2026-09-03,PEB,Pebblebrook Hotel Trust,Real Estate,Hotel & Resort REITs,S&P 600,,,,,,,0.0065,0.237046,,2026-09-03,,,,,,,,,,,,,,,,,,,0.9,,2,0,0.67,0.073016,,,,,,,-0.080247,,,
2026-09-03,PECO,Phillips Edison & Company,Real Estate,Retail REITs,S&P 600,,,,,,,0.0053,0.699691,,2026-09-03,,,,,,,,,,,,,,,,,,,0.4,,12,-0.083333,0.01,,,,,,,,-0.002954,,,
2026-09-03,PENG,"Penguin Solutions, Inc.",Information Technology,Semiconductors,S&P 600,,,,,,,0.0034,0.363737,,2026-09-03,,,,-1.228779,,,-0.014964,,,,,,,,,,,,0.25,,15,-0.066667,0.259333,0.031927,,,,,,,0.537977,,,
2026-09-03,PENN,Penn Entertainment,Consumer Discretionary,Casinos & Gaming,S&P 600,,,,,,,0.0032,0.282972,,2026-09-03,,,,,,,,,,,,,,,,,,,0.25,,15,-0.066667,0.171467,0.198172,,,,,,,0.019272,,,
2026-09-03,PFBC,Preferred Bank,Financials,Regional Banks,S&P 600,,,,,,,,,,,,,,,,,,,,,,,,,,,,,0.7,,6,0,0.298167,,,,,,,,,,,
2026-09-03,PFS,"Provident Financial Services, Inc.",Financials,Regional Banks,S&P 600,,,,,,,0.0085,0.663318,,2026-09-03,,,,0.916603,,,,,,,,,,,,,,,0.3,,14,0.142857,0.210571,,,,,,,,-0.017201,,,
2026-09-03,PGNY,"Progyny, Inc.",Health Care,Health Care Services,S&P 600,,,,,,,0.0053,0.739015,,2026-09-03,,,,,,,0.017528,,,,,,,,,,,,0.8,,4,0,0.27325,0.021573,,,,,,,0.039202,,,
2026-09-03,PHIN,"PHINIA, Inc.",Consumer Discretionary,Automotive Retail,S&P 600,,,,,,,0.0099,0.709938,,2026-09-03,,,,,,,0.008439,,,,,,,,,,,,0.6,,8,0,0.207625,0.016628,,,,,,,-0.046835,,,
2026-09-03,PI,"Impinj, Inc.",Information Technology,Electronic Equipment & Instruments,S&P 600,,,,,,,0.0063,0.147079,,2026-09-03,,,,1.68263,,,,,,,,,,,,,,,0.3,,14,0.071429,0.075143,,,,,,,,,,,
2026-09-03,PIPR,Piper Sandler Companies,Financials,Investment Banking & Brokerage,S&P 600,,,,,,,0.0076,0.643832,,2026-09-03,,,,,,,,,,,,,,,,,,,0.7,,6,0,0.253833,,,,,,,,-0.080106,,,
2026-09-03,PJT,"PJT Partners, Inc.",Financials,Investment Banking & Brokerage,S&P 600,,,,,,,0.004,,,2026-09-03,,,,0.674111,,,,,,,,,,,,,,,0.75,,5,-0.2,0.1734,,,,,,,,-0.093485,,,
2026-09-03,PLAB,"Photronics, Inc.",Information Technology,Semiconductor Materials & Equipment,S&P 600,,,,,,,0.0036,0.746173,,2026-09-03,,,,2.448408,,,,,,,,,,,,,,,0.25,,15,-0.311067,0.0458,,,,,,,,,,,
2026-09-03,PLMR,"Palomar Holdings, Inc.",Financials,Property & Casualty Insurance,S&P 600,,,,,,,0.007,0.808975,,2026-09-03,,,,,,,,,,,,,,,,,,,0.3,,14,-0.071429,0.103571,,,,,,,,-0.050769,,,
2026-09-03,PLUS,"ePlus, Inc.",Information Technology,Technology Distributors,S&P 600,,,,,,,0.0035,0.850164,,2026-09-03,,,,,,,-0.00595,,,,,,,,,,,,0.25,,15,-0.066667,0.150867,0.013594,,,,,,,-0.236587,,,
2026-09-03,PLXS,Plexus Corp.,Information Technology,Electronic Manufacturing Services,S&P 600,,,,,,,0.0079,0.77811,,2026-09-03,,,,0.01217,,,,,,,,,,,,,,,0.5,,10,-0.1,0.2041,0.009529,,,,,,,0.094018,,,
2026-09-03,PMT,PennyMac Mortgage Investment Trust,Real Estate,Mortgage REITs,S&P 600,,,,,,,0.004,0.544957,,2026-09-03,,,,,,,,,,,,,,,,,,,0.6,,8,0,0.424625,,,,,,,,-0.022406,,,
2026-09-03,POOL,Pool Corporation,Consumer Discretionary,Distributors,S&P 600,,,6853835776,17.301748,,11,0.0049,0.698843,2026-04-23,2026-09-03,0.021,13.263,1.579,3.138756,0.032692,0.29686,-0.001653,-0.45487,,,,,0.1195,,,,0.95417,2026-05-08,0.394444,2.381421,9,0.111111,0.037778,0.0301,0.07259,6.034461,-0.665567,-0.256514,-0.112723,-0.369237,0.049312,0.062,0.34241,0.209159
2026-09-03,POWI,Power Integrations,Information Technology,Semiconductors,S&P 600,,,,,,,0.0038,0.547152,,2026-09-03,,,,-0.474152,,,-0.026134,,,,,,,,,,,,0.75,,5,0,0.1396,0.055601,,,,,,,-0.000272,,,
2026-09-03,POWL,"Powell Industries, Inc.",Industrials,Electrical Components & Equipment,S&P 600,,,,,,,0.0066,0.694418,,2026-09-03,,,,4.363397,,,,,,,,,,,,,,,0.8,,4,-0.5,0.29875,,,,,,,,0.07683,,,
2026-09-03,PPLI,People Inc.,Communication Services,Interactive Media & Services,S&P 600,,,,,,,0.0076,0.056833,,2026-09-03,,,,,,,,,,,,,,,,,,,0.25,,15,0,-0.12,,,,,,,,-0.135811,,,
2026-09-03,PRDO,Perdoceo Education Corp.,Consumer Discretionary,Education Services,S&P 600,,,,,,,0.0034,0.877147,,2026-09-03,,,,,,,,,,,,,,,,,,,0.95,,1,-1,-0.273,,,,,,,,0.048424,,,
2026-09-03,PRG,"PROG Holdings, Inc.",Financials,Consumer Finance,S&P 600,,,,,,,0.0075,0.70348,,2026-09-03,,,,,,,,,,,,,,,,,,,0.3,,14,0.214286,0.165786,0.01077,,,,,,,0.111883,,,
2026-09-03,PRGO,Perrigo,Health Care,Pharmaceuticals,S&P 600,,,,,,,0.003,0.295837,,2026-09-03,,,,-2.100889,,,-0.036655,,,,,,,,,,,,0.6,,8,-0.125,0.11225,0.141507,,,,,,,0.039844,,,
2026-09-03,PRGS,Progress Software Corporation,Information Technology,Systems Software,S&P 600,,,,,,,0.0085,0.799167,,2026-09-03,,,,0.961183,,,,,,,,,,,,,,,0.7,,6,0.666667,0.4225,,,,,,,,-0.047713,,,
2026-09-03,PRIM,Primoris Services Corporation,Industrials,Construction & Engineering,S&P 600,,,,,,,0.0059,0.543251,,2026-09-03,,,,-1.107914,,,,,,,,,,,,,,,0.25,,15,-0.2222,0.143867,,,,,,,,0.466221,,,
2026-09-03,PRK,Park National Corp.,Financials,Regional Banks,S&P 600,,,,,,,0.0099,0.884487,,2026-09-03,,,,0.26825,,,,,,,,,,,,,,,0.7,,6,0,0.156667,,,,,,,,0.062537,,,
2026-09-03,PRKS,United Parks & Resorts,Consumer Discretionary,Leisure Facilities,S&P 600,,,,,,,0.0088,0.463499,,2026-09-03,,,,-0.127476,,,,,,,,,,,,,,,0.85,,3,-0.333333,0.421,,,,,,,,0.263415,,,
2026-09-03,PRLB,Protolabs,Industrials,Industrial Machinery & Supplies & Components,S&P 600,,,,,,,0.0066,0.765163,,2026-09-03,,,,1.391799,,,,,,,,,,,,,,,0.8,,4,0.5,0.11925,,,,,,,,,,,
2026-09-03,PRSU,"Pursuit Attractions & Hospitality, Inc.",Consumer Discretionary,"Hotels, Resorts & Cruise Lines",S&P 600,,,,,,,0.0079,0.20612,,2026-09-03,,,,,,,,,,,,,,,,,,,0.75,,5,-0.2,0.5252,0.271277,,,,,,,-0.230747,,,
2026-09-03,PRVA,"Privia Health Group, Inc.",Health Care,Health Care Services,S&P 600,,,,,,,0.0078,0.677249,,2026-09-03,,,,,,,,,,,,,,,,,,,0.8,,4,-0.5,0.147,0.006522,,,,,,,-0.043856,,,
2026-09-03,PSMT,PriceSmart,Consumer Staples,Consumer Staples Merchandise Retail,S&P 600,,,,,,,0.0068,0.88957,,2026-09-03,,,,1.505042,,,,,,,,,,,,,,,0.75,,5,0.2,0.0988,,,,,,,,-0.069946,,,
2026-09-03,PTCT,"PTC Therapeutics, Inc.",Health Care,Pharmaceuticals,S&P 600,,,,,,,0.0062,0.194437,,2026-09-03,,,,3.401763,,,,,,,,,,,,,,,0.7,,6,0.333333,0.292667,0.362958,,,,,,,0.114199,,,
2026-09-03,PTEN,"Patterson-UTI Energy, Inc.",Energy,Oil & Gas Drilling,S&P 600,,,,,,,0.0052,0.289589,,2026-09-03,,,,,,,,,,,,,,,,,,,0.55,,9,-0.111111,0.210333,0.244656,,,,,,,0.134543,,,
2026-09-03,PTGX,"Protagonist Therapeutics, Inc.",Health Care,Biotechnology,S&P 600,,,,,,,0.0069,0.230638,,2026-09-03,,,,1.1368,,,,,,,,,,,,,,,0.25,,15,0,0.181467,,,,,,,,,,,
2026-09-03,PTON,"Peloton Interactive, Inc.",Consumer Discretionary,Leisure Products,S&P 600,,,,,,,0.0066,0.446216,,2026-09-03,,,,,,,0.009007,,,,,,,,,,,,0.6,,8,0,0.102,0.058558,,,,,,,0.036878,,,
2026-09-03,PZZA,Papa John's Pizza,Consumer Discretionary,Restaurants,S&P 600,,,,,,,0.0068,0.544142,,2026-09-03,,,,-0.672111,,,,,,,,,,,,,,,0.65,,7,0,0.065571,,,,,,,,-0.02377,,,
2026-09-03,QDEL,QuidelOrtho,Health Care,Health Care Supplies,S&P 600,,,,,,,0.0079,0.410819,,2026-09-03,,,,,,,,,,,,,,,,,,,0.9,,2,-0.5,0,0.330307,,,,,,,0.133061,,,
2026-09-03,QNST,"QuinStreet, Inc.",Communication Services,Interactive Media & Services,S&P 600,,,,,,,0.0046,0.236757,,2026-09-03,,,,-0.930456,,,,,,,,,,,,,,,0.85,,3,0.333333,0.226,,,,,,,,0.039789,,,
2026-09-03,QRVO,Qorvo,Information Technology,Semiconductors,S&P 600,,,,,,,0.004,0.31389,,2026-09-03,,,,-0.394772,,,0.04032,,,,,,,,,,,,0.35,,13,0.153846,0.256308,0.076614,,,,,,,0.07218,,,
2026-09-03,QTWO,"Q2 Holdings, Inc.",Information Technology,Application Software,S&P 600,,,,,,,0.0044,0.2629,,2026-09-03,,,,2.889229,,,,,,,,,,,,,,,0.95,,1,-1,0,,,,,,,,-0.021883,,,
2026-09-03,RAMP,"LiveRamp Holdings, Inc.",Information Technology,Application Software,S&P 600,,,,,,,0.0019,0.505477,,2026-09-03,,,,1.166554,,,0.004732,,,,,,,,,,,,0.25,,15,-0.266667,-0.041067,0.058703,,,,,,,0.012471,,,
2026-09-03,RAL,Ralliant Corp,Information Technology,Electronic Equipment & Instruments,S&P 600,,,,,,,0.0082,0.782318,,2026-09-03,,,,,,,0.022507,,,,,,,,,,,,0.45,,11,0,0.135273,0.037847,,,,,,,0.018565,,,
2026-09-03,RCUS,"Arcus Biosciences, Inc.",Health Care,Biotechnology,S&P 600,,,,,,,0.0129,0.629297,,2026-09-03,,,,-1.710406,,,,,,,,,,,,,,,0.9,,2,-0.5,0.0335,,,,,,,,-0.350893,,,
2026-09-03,RDN,"Radian Group, Inc.",Financials,Property & Casualty Insurance,S&P 600,,,,,,,0.0064,0.94103,,2026-09-03,,,,,,,,,,,,,,,,,,,0.6,,8,0,0.22,,,,,,,,0.344144,,,
2026-09-03,RDNT,"RadNet, Inc.",Health Care,Health Care Services,S&P 600,,,,,,,0.0064,0.245724,,2026-09-03,,,,,,,,,,,,,,,,,,,0.8,,4,-0.5,0.09075,0.031791,,,,,,,0.008501,,,
2026-09-03,RELY,Remitly,Financials,Transaction & Payment Processing Services,S&P 600,,,,,,,0.0078,0.31014,,2026-09-03,,,,,,,,,,,,,,,,,,,0.25,,15,-0.066667,0.093267,0.068153,,,,,,,-0.049868,,,
2026-09-03,RES,"RPC, Inc.",Energy,Oil & Gas Equipment & Services,S&P 600,,,,,,,0.0053,0.621143,,2026-09-03,,,,1.47631,,,,,,,,,,,,,,,0.35,,13,0,0.166692,,,,,,,,,,,
2026-09-03,REYN,Reynolds Consumer Products,Consumer Staples,Household Products,S&P 600,,,,,,,0.0065,0.775225,,2026-09-03,,,,1.436893,,,0.063951,,,,,,,,,,,,0.55,,9,-0.222222,0.189778,,,,,,,,-0.013819,,,
2026-09-03,REX,REX American Resources Corporation,Energy,Oil & Gas Refining & Marketing,S&P 600,,,,,,,0.009,0.704273,,2026-09-03,,,,,,,0.226029,,,,,,,,,,,,0.25,,15,0,-0.133533,,,,,,,,0.074252,,,
2026-09-03,REZI,"Resideo Technologies, Inc.",Industrials,Trading Companies & Distributors,S&P 600,,,,,,,0.0097,0.181592,,2026-09-03,,,,,,,0.007507,,,,,,,,,,,,0.6,,8,-0.125,-0.1215,0.011356,,,,,,,-0.060669,,,
2026-09-03,RHI,Robert Half,Industrials,Human Resource & Employment Services,S&P 600,,,,,,,0.0079,0.678764,,2026-09-03,,,,-1.486208,,,-0.017235,,,,,,,,,,,,0.75,,5,0,0.1274,0.028494,,,,,,,0.013895,,,
2026-09-03,RHP,Ryman Hospitality Properties,Real Estate,Hotel & Resort REITs,S&P 600,,,,,,,0.0055,0.761402,,2026-09-03,,,,,,,,,,,,,,,,,,,0.25,,15,-0.2,0.048667,,,,,,,,0.070407,,,
2026-09-03,RITM,Rithm Capital,Financials,Mortgage REITs,S&P 600,,,,,,,0.0031,0.598456,,2026-09-03,,,,,,,,,,,,,,,,,,,0.65,,7,0,0.084571,,,,,,,,0.306704,,,
2026-09-03,RNG,"RingCentral, Inc.",Information Technology,Application Software,S&P 600,,,,,,,0.002,0.196919,,2026-09-03,,,,3.917414,,,0.007319,,,,,,,,,,,,0.25,,15,0,-0.0094,0.035844,,,,,,,0.006499,,,
2026-09-03,RNST,Renasant Corp.,Financials,Regional Banks,S&P 600,,,,,,,0.0044,0.690374,,2026-09-03,,,,0.215763,,,,,,,,,,,,,,,0.65,,7,0,0.168286,,,,,,,,,,,
2026-09-03,ROAD,"Construction Partners, Inc.",Industrials,Construction & Engineering,S&P 600,,,,,,,0.006,0.487245,,2026-09-03,,,,2.71356,,,,,,,,,,,,,,,0.25,,15,-0.2,-0.053,,,,,,,,,,,
2026-09-03,ROCK,"Gibraltar Industries, Inc.",Industrials,Building Products,S&P 600,,,,,,,0.0048,0.012855,,2026-09-03,,,,1.383084,,,-0.024576,,,,,,,,,,,,0.25,,15,-0.133333,0.034133,0.049211,,,,,,,0.200043,,,
2026-09-03,ROG,Rogers Corporation,Information Technology,Electronic Components,S&P 600,,,,,,,0.0091,0.06914,,2026-09-03,,,,2.018557,,,,,,,,,,,,,,,0.25,,15,-0.333333,-0.182133,,,,,,,,0.020255,,,
2026-09-03,RRR,"Red Rock Resorts, Inc.",Consumer Discretionary,Casinos & Gaming,S&P 600,,,,,,,0.0094,0.848884,,2026-09-03,,,,-0.478614,,,,,,,,,,,,,,,0.4,,12,-0.333333,0.034417,0.019021,,,,,,,-0.049421,,,
2026-09-03,RSI,"Rush Street Interactive, Inc.",Consumer Discretionary,Casinos & Gaming,S&P 600,,,,,,,0.0082,0.509178,,2026-09-03,,,,,,,,,,,,,,,,,,,0.25,,15,0,0.011467,0.040077,,,,,,,0.051272,,,
2026-09-03,RUN,Sunrun,Industrials,Building Products,S&P 600,,,,,,,0.006,0.38163,,2026-09-03,,,,,,,,,,,,,,,,,,,0.25,,15,-0.2,-0.123667,,,,,,,,-0.197316,,,
2026-09-03,RUSHA,Rush Enterprises,Industrials,Construction Machinery & Heavy Transportation Equipment,S&P 600,,,,,,,0.0091,0.913247,,2026-09-03,,,,-3.963095,,,-0.006264,,,,,,,,,,,,0.8,,4,0,0.085,0.005251,,,,,,,0.073967,,,
2026-09-03,RXO,"RXO, Inc.",Industrials,Cargo Ground Transportation,S&P 600,,,,,,,0.0071,0.362252,,2026-09-03,,,,,,,,,,,,,,,,,,,0.8,,4,-0.25,0.1545,0.008974,,,,,,,0.255759,,,
2026-09-03,SAFE,"Safehold, Inc.",Real Estate,Other Specialized REITs,S&P 600,,,,,,,0.0074,0.890934,,2026-09-03,,,,,,,,,,,,,,,,,,,0.25,,15,-0.133333,0.350533,0.028343,,,,,,,0.086788,,,
2026-09-03,SABR,Sabre,Consumer Discretionary,"Hotels, Resorts & Cruise Lines",S&P 600,,,,,,,0.0056,0.13496,,2026-09-03,,,,,,,,,,,,,,,,,,,0.65,,7,-0.142857,0.192714,,,,,,,,-0.045832,,,
2026-09-03,SAFT,"Safety Insurance Group, Inc.",Financials,Property & Casualty Insurance,S&P 600,,,,,,,0.0042,0.587351,,2026-09-03,,,,-0.143052,,,,,,,,,,,,,,,0.75,,5,0,0.2908,,,,,,,,-0.014396,,,
2026-09-03,SAH,"Sonic Automotive, Inc.",Consumer Discretionary,Automotive Retail,S&P 600,,,,,,,0.0044,0.551389,,2026-09-03,,,,,,,,,,,,,,,,,,,0.65,,7,0,0.254714,,,,,,,,0.069788,,,
2026-09-03,SBCF,Seacoast Banking Corporation of Florida,Financials,Regional Banks,S&P 600,,,,,,,0.0019,0.826975,,2026-09-03,,,,,,,,,,,,,,,,,,,0.85,,3,-0.333333,0.197333,,,,,,,,,,,
2026-09-03,SBH,"Sally Beauty Holdings, Inc.",Consumer Discretionary,Specialty Stores,S&P 600,,,,,,,0.0056,0.820812,,2026-09-03,,,,2.075462,,,0.0087,,,,,,,,,,,,0.25,,15,-0.066667,0.635067,0.011455,,,,,,,-0.020575,,,
2026-09-03,SBSI,"Southside Bancshares, Inc.",Financials,Regional Banks,S&P 600,,,,,,,0.0036,0.76601,,2026-09-03,,,,-0.048323,,,,,,,,,,,,,,,1,,0,0.416667,0.198917,,,,,,,,,,,
2026-09-03,SCHL,Scholastic Corporation,Consumer Discretionary,Publishing,S&P 600,,,,,,,0.0065,0.153772,,2026-09-03,,,,,,,,,,,,,,,,,,,0.65,,7,0,0.343,,,,,,,,0.063196,,,
2026-09-03,SCL,Stepan Company,Materials,Specialty Chemicals,S&P 600,,,,,,,0.0061,0.309356,,2026-09-03,,,,-0.005477,,,0.025271,,,,,,,,,,,,0.8,,4,0,0.25775,0.041194,,,,,,,0.131394,,,
2026-09-03,SCSC,"ScanSource, Inc.",Information Technology,Technology Distributors,S&P 600,,,,,,,0.0044,0.787661,,2026-09-03,,,,,,,-0.002457,,,,,,,,,,,,0.25,,15,0.066667,0.29,0.004399,,,,,,,0.062443,,,
2026-09-03,SDGR,"Schrödinger, Inc.",Health Care,Health Care Services,S&P 600,,,,,,,0.0091,0.673452,,2026-09-03,,,,1.738005,,,0.073038,,,,,,,,,,,,0.8,,4,0,0,0.44913,,,,,,,0.091609,,,
2026-09-03,SEDG,SolarEdge,Information Technology,Semiconductor Materials & Equipment,S&P 600,,,,,,,0.0032,0.381125,,2026-09-03,,,,-1.861778,,,0.163796,,,,,,,,,,,,0.65,,7,-0.142857,-0.035143,0.277969,,,,,,,-0.218408,,,
2026-09-03,SEI,"Solaris Energy Infrastructure, Inc.",Energy,Oil & Gas Equipment & Services,S&P 600,,,,,,,0.0075,,,2026-09-03,,,,,,,,,,,,,,,,,,,0.25,,15,0,0.307267,0.061413,,,,,,,-0.084111,,,
2026-09-03,SEZL,Sezzle,Financials,Transaction & Payment Processing Services,S&P 600,,,,,,,0.0084,0.696442,,2026-09-03,,,,,,,,,,,,,,,,,,,0.45,,11,0.181818,0.183182,0.079561,,,,,,,0.224584,,,
2026-09-03,SFBS,"ServisFirst Bancshares, Inc.",Financials,Regional Banks,S&P 600,,,,,,,0.0056,0.843408,,2026-09-03,,,,,,,,,,,,,,,,,,,0.75,,5,-0.4,-0.025,,,,,,,,,,,
2026-09-03,SFNC,Simmons First National Corporation,Financials,Regional Banks,S&P 600,,,,,,,0.0047,0.118917,,2026-09-03,,,,-0.36337,,,,,,,,,,,,,,,0.65,,7,0.142857,0.184714,,,,,,,,,,,
2026-09-03,SHAK,"Shake Shack, Inc.",Consumer Discretionary,Restaurants,S&P 600,,,,,,,0.0062,0.421262,,2026-09-03,,,,-0.020107,,,,,,,,,,,,,,,0.55,,9,0,-0.060556,0.036991,,,,,,,0.028705,,,
2026-09-03,SHEN,Shenandoah Telecommunications Co,Communication Services,Wireless Telecommunication Services,S&P 600,,,,,,,0.0084,0.204712,,2026-09-03,,,,-3.667777,,,,,,,,,,,,,,,0.3,,14,0.142857,0.164357,0.050603,,,,,,,0.023328,,,
2026-09-03,SHO,"Sunstone Hotel Investors, Inc.",Real Estate,Hotel & Resort REITs,S&P 600,,,,,,,0.0053,0.488088,,2026-09-03,,,,,,,,,,,,,,,,,,,0.3,,14,0.142857,0.007929,0.060215,,,,,,,-0.23144,,,
2026-09-03,SHOO,"Steven Madden, Ltd.",Consumer Discretionary,Footwear,S&P 600,,,,,,,0.0053,0.507739,,2026-09-03,,,,,,,0.060706,,,,,,,,,,,,0.7,,6,0,0.111,0.063121,,,,,,,0.011306,,,
2026-09-03,SIG,Signet Jewelers,Consumer Discretionary,Specialty Stores,S&P 600,,,,,,,0.0054,0.12903,,2026-09-03,,,,,,,,,,,,,,,,,,,0.3,,14,-0.071429,-0.072214,,,,,,,,,,,
2026-09-03,SKT,"Tanger Factory Outlet Centers, Inc.",Real Estate,Retail REITs,S&P 600,,,,,,,0.0151,0.862051,,2026-09-03,,,,,,,,,,,,,,,,,,,0.45,,11,-0.090909,0.226909,,,,,,,,0.000335,,,
2026-09-03,SKY,"Champion Homes, Inc.",Consumer Discretionary,Homebuilding,S&P 600,,,,,,,0.0097,0.894859,,2026-09-03,,,,1.349933,,,-0.018275,,,,,,,,,,,,0.25,,15,-0.266667,0.1422,0.010236,,,,,,,-0.005411,,,
2026-09-03,SKYW,"SkyWest, Inc.",Industrials,Passenger Airlines,S&P 600,,,,,,,0.0058,0.83656,,2026-09-03,,,,-0.045796,,,,,,,,,,,,,,,0.9,,2,0,0,,,,,,,,-0.009119,,,
2026-09-03,SLG,SL Green Realty,Real Estate,Office REITs,S&P 600,,,,,,,0.005,0.33217,,2026-09-03,,,,,,,,,,,,,,,,,,,0.7,,6,0,0.161667,0.272238,,,,,,,-0.010677,,,
2026-09-03,SLVM,Sylvamo Corp.,Materials,Paper Products,S&P 600,,,,,,,0.0125,0.513996,,2026-09-03,,,,,,,,,,,,,,,,,,,0.8,,4,0.25,0.35175,0.056263,,,,,,,0.095503,,,
2026-09-03,SM,SM Energy Company,Energy,Oil & Gas Exploration & Production,S&P 600,,,,,,,0.0048,0.500391,,2026-09-03,,,,,,,,,,,,,,,,,,,0.4,,12,-0.02775,0.272417,0.224465,,,,,,,0.011387,,,
2026-09-03,SMP,"Standard Motor Products, Inc.",Consumer Discretionary,Automotive Parts & Equipment,S&P 600,,,,,,,0.005,0.569477,,2026-09-03,,,,-0.024933,,,,,,,,,,,,,,,0.45,,11,-0.090909,0.090727,,,,,,,,-0.000792,,,
2026-09-03,SMPL,Simply Good Foods Company,Consumer Staples,Packaged Foods & Meats,S&P 600,,,,,,,0.0031,0.027137,,2026-09-03,,,,,,,-0.038386,,,,,,,,,,,,0.25,,15,0.2978,0.405733,0.2706,,,,,,,0.030611,,,
2026-09-03,SNDR,Schneider National,Industrials,Cargo Ground Transportation,S&P 600,,,,,,,0.0051,0.752337,,2026-09-03,,,,-0.872812,,,,,,,,,,,,,,,0.75,,5,0,0.1056,0.007965,,,,,,,0.106684,,,
2026-09-03,SNEX,StoneX Group Inc.,Financials,Investment Banking & Brokerage,S&P 600,,,,,,,0.0035,0.691343,,2026-09-03,,,,-0.9747,,,0.007114,,,,,,,,,,,,0.25,,15,-0.066667,0.004333,0.000343,,,,,,,-0.086429,,,
2026-09-03,SONO,"Sonos, Inc.",Consumer Discretionary,Consumer Electronics,S&P 600,,,,,,,0.0069,0.016764,,2026-09-03,,,,0.301881,,,0.070197,,,,,,,,,,,,0.25,,15,0.066667,0.207867,0.153629,,,,,,,0.004645,,,
2026-09-03,SPHR,Sphere Entertainment,Communication Services,Movies & Entertainment,S&P 600,,,,,,,0.0065,0.307275,,2026-09-03,,,,,,,,,,,,,,,,,,,0.55,,9,0,0.323,0.168514,,,,,,,-0.267688,,,
2026-09-03,SPNT,SiriusPoint Ltd.,Financials,Reinsurance,S&P 600,,,,,,,0.0061,0.705524,,2026-09-03,,,,,,,,,,,,,,,,,,,0.8,,4,0,0.148,,,,,,,,-0.070515,,,
2026-09-03,SPSC,"SPS Commerce, Inc.",Information Technology,Application Software,S&P 600,,,,,,,0.0068,0.78996,,2026-09-03,,,,2.55614,,,,,,,,,,,,,,,0.9,,2,-0.5,0.1365,,,,,,,,-0.00028,,,
2026-09-03,SRPT,Sarepta Therapeutics,Health Care,Biotechnology,S&P 600,,,,,,,0.0038,0.027125,,2026-09-03,,,,,,,,,,,,,,,,,,,0.8,,4,0.25,0.17025,0.25308,,,,,,,-0.324519,,,
2026-09-03,STAA,STAAR Surgical Company,Health Care,Health Care Equipment,S&P 600,,,,,,,0.0069,0.177248,,2026-09-03,,,,-0.451427,,,0.005415,,,,,,,,,,,,0.75,,5,-0.2,0.0746,0.509421,,,,,,,-0.085472,,,
2026-09-03,STBA,"S&T Bancorp, Inc.",Financials,Regional Banks,S&P 600,,,,,,,0.008,0.932105,,2026-09-03,,,,0.105057,,,,,,,,,,,,,,,0.75,,5,0,0.0988,,,,,,,,,,,
2026-09-03,STC,Stewart Information Services Corporation,Financials,Property & Casualty Insurance,S&P 600,,,,,,,0.006,0.615506,,2026-09-03,,,,,,,,,,,,,,,,,,,0.35,,13,0.307692,0.363615,,,,,,,,-0.031509,,,
2026-09-03,STEP,StepStone Group,Financials,Asset Management & Custody Banks,S&P 600,,,,,,,0.0072,0.459394,,2026-09-03,,,,,,,,,,,,,,,,,,,0.25,,15,-0.133333,-0.029133,,,,,,,,-0.68992,,,
2026-09-03,STRA,"Strategic Education, Inc.",Consumer Discretionary,Education Services,S&P 600,,,,,,,0.0105,0.883136,,2026-09-03,,,,0.058336,,,,,,,,,,,,,,,0.65,,7,0,0.054571,,,,,,,,-0.635515,,,
2026-09-03,SUPN,"Supernus Pharmaceuticals, Inc.",Health Care,Pharmaceuticals,S&P 600,,,,,,,0.0047,0.119557,,2026-09-03,,,,1.377895,,,,,,,,,,,,,,,0.75,,5,0,0.1454,,,,,,,,0.119479,,,
2026-09-03,SXI,Standex International Corporation,Industrials,Industrial Machinery & Supplies & Components,S&P 600,,,,,,,0.0069,0.5122,,2026-09-03,,,,,,,,,,,,,,,,,,,0.6,,8,0,0.23425,,,,,,,,,,,
2026-09-03,SXT,Sensient Technologies,Materials,Specialty Chemicals,S&P 600,,,,,,,0.0057,0.850457,,2026-09-03,,,,-3.044337,,,,,,,,,,,,,,,0.7,,6,-0.166667,0.140833,,,,,,,,0.074937,,,
2026-09-03,TALO,"Talos Energy, Inc.",Energy,Oil & Gas Exploration & Production,S&P 600,,,,,,,0.0054,0.286394,,2026-09-03,,,,,,,,,,,,,,,,,,,0.4,,12,0,0.412917,0.280225,,,,,,,0.644717,,,
2026-09-03,TBBK,"The Bancorp, Inc.",Financials,Regional Banks,S&P 600,,,,,,,0.0019,0.889756,,2026-09-03,,,,1.78401,,,,,,,,,,,,,,,0.75,,5,0.2,0.2744,,,,,,,,,,,
2026-09-03,TDC,Teradata,Information Technology,IT Consulting & Other Services,S&P 600,,,,,,,0.0034,0.407839,,2026-09-03,,,,0.806897,,,,,,,,,,,,,,,0.25,,15,-0.133333,-0.016333,,,,,,,,,,,
2026-09-03,TDS,"Telephone and Data Systems, Inc.",Communication Services,Integrated Telecommunication Services,S&P 600,,,,,,,0.0104,0.184916,,2026-09-03,,,,,,,,,,,,,,,,,,,0.25,,15,-0.133333,-0.037,0.479968,,,,,,,-0.029503,,,
2026-09-03,TDW,"Tidewater, Inc.",Energy,Oil & Gas Equipment & Services,S&P 600,,,,,,,0.0041,0.60406,,2026-09-03,,,,3.745738,,,0.189132,,,,,,,,,,,,0.25,,15,-0.133333,0.139267,,,,,,,,0.191098,,,
2026-09-03,TFIN,"Triumph Bancorp, Inc.",Financials,Regional Banks,S&P 600,,,,,,,0.0066,0.538293,,2026-09-03,,,,,,,,,,,,,,,,,,,0.7,,6,0.166667,0.444333,,,,,,,,,,,
2026-09-03,TFX,Teleflex,Health Care,Health Care Equipment,S&P 600,,,,,,,0.0067,0.066488,,2026-09-03,,,,,,,-0.019108,,,,,,,,,,,,0.8,,4,0.5,0.2555,0.203495,,,,,,,-0.034667,,,
2026-09-03,TGTX,"TG Therapeutics, Inc.",Health Care,Biotechnology,S&P 600,,,,,,,0.0089,0.308148,,2026-09-03,,,,,,,,,,,,,,,,,,,0.6,,8,0,0.052625,,,,,,,,-0.338161,,,
2026-09-03,THRM,Gentherm Incorporated,Consumer Discretionary,Automotive Parts & Equipment,S&P 600,,,,,,,0.008,0.564293,,2026-09-03,,,,-1.813092,,,,,,,,,,,,,,,0.7,,6,0,-0.049833,,,,,,,,0.03459,,,
2026-09-03,TILE,"Interface, Inc.",Industrials,Office Services & Supplies,S&P 600,,,,,,,0.0063,0.688832,,2026-09-03,,,,1.551473,,,0.055988,,,,,,,,,,,,0.3,,14,0,0.08,0.034408,,,,,,,-0.059327,,,
2026-09-03,TMDX,"TransMedics Group, Inc.",Health Care,Health Care Equipment,S&P 600,,,,,,,0.0084,0.636233,,2026-09-03,,,,-1.284359,,,-0.017828,,,,,,,,,,,,0.35,,13,-0.153846,0.063538,0.058455,,,,,,,-0.004749,,,
2026-09-03,TMP,Tompkins Financial Corporation,Financials,Regional Banks,S&P 600,,,,,,,0.0046,0.830517,,2026-09-03,,,,0.47955,,,,,,,,,,,,,,,0.45,,11,0.090909,0.027545,,,,,,,,0.031005,,,
2026-09-03,TNC,Tennant Company,Industrials,Industrial Machinery & Supplies & Components,S&P 600,,,,,,,0.0061,0.650798,,2026-09-03,,,,0.52815,,,,,,,,,,,,,,,0.8,,4,0.25,0.10525,,,,,,,,0.218977,,,
2026-09-03,TNDM,Tandem Diabetes Care,Health Care,Health Care Equipment,S&P 600,,,,,,,0.0039,0.548651,,2026-09-03,,,,-1.41768,,,0.045827,,,,,,,,,,,,0.8,,4,0,0.436,0.140466,,,,,,,0.003081,,,
2026-09-03,TPC,Tutor Perini Corporation,Industrials,Construction & Engineering,S&P 600,,,,,,,0.0072,0.140656,,2026-09-03,,,,2.604919,,,-0.013618,,,,,,,,,,,,0.25,,15,0.133333,0.164933,0.049913,,,,,,,0.077154,,,
2026-09-03,TR,"Tootsie Roll Industries, Inc.",Consumer Staples,Packaged Foods & Meats,S&P 600,,,,,,,0.0095,0.719381,,2026-09-03,,,,-0.7849,,,,,,,,,,,,,,,0.25,,15,-0.066667,-0.060467,,,,,,,,0.660146,,,
2026-09-03,TRIP,TripAdvisor,Communication Services,Interactive Media & Services,S&P 600,,,,,,,0.0048,0.206581,,2026-09-03,,,,0.052886,,,,,,,,,,,,,,,0.25,,15,-0.066667,0.0466,,,,,,,,-0.026626,,,
2026-09-03,TRMK,Trustmark Corp.,Financials,Regional Banks,S&P 600,,,,,,,0.0072,0.863193,,2026-09-03,,,,1.21333,,,,,,,,,,,,,,,0.4,,12,-0.083333,0.13175,,,,,,,,,,,
2026-09-03,TRN,"Trinity Industries, Inc.",Industrials,Construction Machinery & Heavy Transportation Equipment,S&P 600,,,,,,,0.0026,0.589567,,2026-09-03,,,,1.908471,,,,,,,,,,,,,,,0.4,,12,0.083333,0.11475,0.082822,,,,,,,0.117866,,,
2026-09-03,TRNO,Terreno Realty Corporation,Real Estate,Industrial REITs,S&P 600,,,,,,,0.004,0.721096,,2026-09-03,,,,,,,,,,,,,,,,,,,0.7,,6,0,0.162,,,,,,,,-0.0158,,,
2026-09-03,TRST,TrustCo Bank Corp NY,Financials,Regional Banks,S&P 600,,,,,,,0.0135,0.87014,,2026-09-03,,,,-0.216016,,,,,,,,,,,,,,,0.7,,6,0.333333,0.289667,,,,,,,,,,,
2026-09-03,TRUP,Trupanion,Financials,Life & Health Insurance,S&P 600,,,,,,,0.0045,0.238294,,2026-09-03,,,,3.083012,,,,,,,,,,,,,,,0.6,,8,-0.25,0.135375,0.013414,,,,,,,-0.011659,,,
2026-09-03,UA,Under Armour (Class C),Consumer Discretionary,"Apparel, Accessories & Luxury Goods",S&P 600,,,,,,,0.0056,0.24016,,2026-09-03,,,,1.649,,,0.058977,,,,,,,,,,,,0.25,,15,0,0.232867,0.10871,,,,,,,0.020434,,,
2026-09-03,UAA,Under Armour (Class A),Consumer Discretionary,"Apparel, Accessories & Luxury Goods",S&P 600,,,,,,,0.0056,0.24016,,2026-09-03,,,,1.649,,,0.058977,,,,,,,,,,,,0.45,,11,-0.090909,0.223636,0.10871,,,,,,,0.020434,,,
2026-09-03,UCB,"United Community Banks, Inc.",Financials,Regional Banks,S&P 600,,,,,,,0.005,0.79794,,2026-09-03,,,,0.267249,,,,,,,,,,,,,,,0.3,,14,0.142857,0.305714,,,,,,,,-0.043246,,,
2026-09-03,UCTT,"Ultra Clean Holdings, Inc.",Information Technology,Semiconductor Materials & Equipment,S&P 600,,,,,,,0.0057,0.294157,,2026-09-03,,,,-1.402778,,,-0.04602,,,,,,,,,,,,0.85,,3,-0.333333,0.227667,0.01586,,,,,,,-0.00742,,,
2026-09-03,UE,Urban Edge Properties,Real Estate,Retail REITs,S&P 600,,,,,,,0.0062,0.572463,,2026-09-03,,,,,,,,,,,,,,,,,,,0.25,,15,0,0.095267,,,,,,,,0.053883,,,
2026-09-03,UFCS,"United Fire Group, Inc.",Financials,Property & Casualty Insurance,S&P 600,,,,,,,0.0033,0.639891,,2026-09-03,,,,,,,,,,,,,,,,,,,0.65,,7,0,0.145714,,,,,,,,0.028084,,,
2026-09-03,UFPT,"UFP Technologies, Inc.",Health Care,Health Care Equipment,S&P 600,,,,,,,0.006,0.878095,,2026-09-03,,,,2.188675,,,0.004664,,,,,,,,,,,,0.55,,9,0,0.220111,0.00668,,,,,,,0.109874,,,
2026-09-03,UNF,UniFirst Corporation,Industrials,Diversified Support Services,S&P 600,,,,,,,0.0055,,,2026-09-03,,,,-1.208882,,,,,,,,,,,,,,,0.4,,12,-0.083333,0.04975,,,,,,,,-0.028294,,,
2026-09-03,UNFI,United Natural Foods Inc,Consumer Staples,Food Retail,S&P 600,,,,,,,0.007,0.115601,,2026-09-03,,,,,,,,,,,,,,,,,,,0.7,,6,-0.166667,0.599,,,,,,,,-0.181431,,,
2026-09-03,UNIT,Uniti Group,Communication Services,Alternative Carriers,S&P 600,,,,,,,0.0189,0.274552,,2026-09-03,,,,,,,,,,,,,,,,,,,0.25,,15,-0.466667,-0.1998,0.231986,,,,,,,-0.334712,,,
2026-09-03,UPBD,"Upbound Group, Inc.",Consumer Discretionary,Computer & Electronics Retail,S&P 600,,,,,,,0.0055,0.761461,,2026-09-03,,,,-0.007554,,,0.017279,,,,,,,,,,,,0.65,,7,-0.142857,-0.012429,0.010388,,,,,,,-0.031776,,,
2026-09-03,UPWK,"Upwork, Inc.",Industrials,Human Resource & Employment Services,S&P 600,,,,,,,0.0056,0.836046,,2026-09-03,,,,2.342733,,,-0.013496,,,,,,,,,,,,0.75,,5,-0.4,0.0206,0.041403,,,,,,,-0.031231,,,
2026-09-03,URBN,"Urban Outfitters, Inc.",Consumer Discretionary,Apparel Retail,S&P 600,,,,,,,0.0105,0.813302,,2026-09-03,,,,0.378815,,,-0.00159,,,,,,,,,,,,0.35,,13,0.230769,0.285308,0.014823,,,,,,,-0.008779,,,
2026-09-03,USLM,"United States Lime & Minerals, Inc.",Materials,Construction Materials,S&P 600,,,,,,,0.0041,0.868787,,2026-09-03,,,,3.39184,,,,,,,,,,,,,,,0.85,,3,0,0.352667,,,,,,,,-0.119593,,,
2026-09-03,USPH,"U.S. Physical Therapy, Inc.",Health Care,Health Care Facilities,S&P 600,,,,,,,0.006,0.623637,,2026-09-03,,,,-0.938812,,,-0.01498,,,,,,,,,,,,0.95,,1,0,-0.586,0.021053,,,,,,,0.005815,,,
2026-09-03,UTI,Universal Technical Institute,Consumer Discretionary,Education Services,S&P 600,,,,,,,0.0035,0.583085,,2026-09-03,,,,1.085008,,,,,,,,,,,,,,,0.35,,13,-0.230769,0.090692,0.039183,,,,,,,0.004238,,,
2026-09-03,UTL,Unitil Corporation,Utilities,Electric Utilities,S&P 600,,,,,,,0.0071,0.490142,,2026-09-03,,,,,,,,,,,,,,,,,,,0.8,,4,0.25,-0.03925,0.078864,,,,,,,-0.129555,,,
2026-09-03,UVV,Universal Corporation,Consumer Staples,Tobacco,S&P 600,,,,,,,0.0033,0.542128,,2026-09-03,,,,-0.086356,,,,,,,,,,,,,,,0.25,,15,0,-0.1032,0.037129,,,,,,,-0.041505,,,
2026-09-03,VAC,Marriott Vacations Worldwide,Consumer Discretionary,"Hotels, Resorts & Cruise Lines",S&P 600,,,,,,,0.0076,0.640163,,2026-09-03,,,,-0.735294,,,,,,,,,,,,,,,0.35,,13,-0.153846,0.156846,,,,,,,,0.01189,,,
2026-09-03,VCEL,Vericel,Health Care,Biotechnology,S&P 600,,,,,,,0.0066,0.353501,,2026-09-03,,,,-0.40554,,,-0.008909,,,,,,,,,,,,0.95,,1,0,0,0.085132,,,,,,,-0.076095,,,
2026-09-03,VCTR,"Victory Capital Holdings, Inc.",Financials,Asset Management & Custody Banks,S&P 600,,,,,,,0.0052,0.796023,,2026-09-03,,,,0.495753,,,,,,,,,,,,,,,0.6,,8,0.458375,-0.06325,,,,,,,,0.021283,,,
2026-09-03,VCYT,"Veracyte, Inc.",Health Care,Health Care Services,S&P 600,,,,,,,0.0072,0.534797,,2026-09-03,,,,1.353989,,,,,,,,,,,,,,,0.7,,6,0,0.271833,,,,,,,,,,,
2026-09-03,VECO,Veeco Instruments Inc.,Information Technology,Semiconductor Materials & Equipment,S&P 600,,,,,,,0.0039,0.654138,,2026-09-03,,,,,,,-0.026992,,,,,,,,,,,,0.8,,4,-0.5,0.11225,0.043352,,,,,,,0.218324,,,
2026-09-03,VGNT,Versigent PLC,Consumer Discretionary,Other Specialty Retail,S&P 600,,,,,,,0.0148,,,2026-09-03,,,,,,,,,,,,,,,,,,,0.85,,3,0.333333,0.153,0.017018,,,,,,,,,,
2026-09-03,VIR,"Vir Biotechnology, Inc.",Health Care,Biotechnology,S&P 600,,,,,,,0.0082,0.583546,,2026-09-03,,,,-2.263039,,,,,,,,,,,,,,,0.55,,9,0.222222,0.079444,,,,,,,,-0.293956,,,
2026-09-03,VIRT,"Virtu Financial, Inc.",Financials,Financial Exchanges & Data,S&P 600,,,,,,,0.0051,0.694662,,2026-09-03,,,,0.037755,,,,,,,,,,,,,,,0.5,,10,-0.2,0.1957,,,,,,,,-0.116816,,,
2026-09-03,VRRM,Verra Mobility Corporation,Industrials,Data Processing & Outsourced Services,S&P 600,,,,,,,0.0083,0.452048,,2026-09-03,,,,0.64016,,,,,,,,,,,,,,,0.8,,4,-0.5,0.26475,0.049145,,,,,,,-0.089647,,,
2026-09-03,VRTS,"Virtus Investment Partners, Inc.",Financials,Asset Management & Custody Banks,S&P 600,,,,,,,0.0062,0.7107,,2026-09-03,,,,0.748609,,,,,,,,,,,,,,,0.7,,6,0.166667,0.1575,,,,,,,,0.326895,,,
2026-09-03,VSAT,"Viasat, Inc.",Information Technology,Communications Equipment,S&P 600,,,,,,,0.0052,0.564868,,2026-09-03,,,,-2.591759,,,,,,,,,,,,,,,0.25,,15,-0.2,0.018667,,,,,,,,,,,
2026-09-03,VSEC,VSE Corporation,Industrials,Aerospace & Defense,S&P 600,,,,,,,0.0054,0.309486,,2026-09-03,,,,-3.989225,,,,,,,,,,,,,,,0.3,,14,0,0.097,,,,,,,,-0.161214,,,
2026-09-03,VSH,Vishay Intertechnology,Information Technology,Electronic Components,S&P 600,,,,,,,0.0087,0.30071,,2026-09-03,,,,-0.762034,,,0.038329,,,,,,,,,,,,0.3,,14,0.071429,-0.007929,0.027294,,,,,,,-0.007651,,,
2026-09-03,VSNT,"Versant Media Group, Inc.",Communication Services,Cable & Satellite,S&P 600,,,,,,,0.0251,0.844944,,2026-09-03,,,,,,,,,,,,,,,,,,,0.75,,5,0,0.1614,0.025915,,,,,,,,,,
2026-09-03,VSTS,Vestis,Industrials,Diversified Support Services,S&P 600,,,,,,,0.0156,0.093859,,2026-09-03,,,,,,,,,,,,,,,,,,,0.7,,6,-0.333333,0.0795,0.022138,,,,,,,-0.009275,,,
2026-09-03,VSXY,Victoria's Secret,Consumer Discretionary,Apparel Retail,S&P 600,,,,,,,0.0183,0.193315,,2026-09-03,,,,,,,0.024667,,,,,,,,,,,,0.25,,15,-0.133333,0.039333,0.034443,,,,,,,0.060195,,,
2026-09-03,VTOL,Bristow Group Inc.,Energy,Oil & Gas Equipment & Services,S&P 600,,,,,,,0.005,0.672698,,2026-09-03,,,,,,,,,,,,,,,,,,,0.25,,15,-0.066667,0.0686,0.019326,,,,,,,-0.015061,,,
2026-09-03,VVX,"V2X, Inc.",Industrials,Aerospace & Defense,S&P 600,,,,,,,0.0047,0.555078,,2026-09-03,,,,-3.972349,,,,,,,,,,,,,,,0.3,,14,-0.071429,0.151286,0.008258,,,,,,,-0.069111,,,
2026-09-03,VYX,NCR Voyix,Information Technology,IT Consulting & Other Services,S&P 600,,,,,,,0.0043,0.234412,,2026-09-03,,,,,,,,,,,,,,,,,,,0.85,,3,0.333333,0.11,,,,,,,,-0.061541,,,
2026-09-03,WABC,Westamerica Bank,Financials,Regional Banks,S&P 600,,,,,,,0.0038,0.925401,,2026-09-03,,,,0.345132,,,,,,,,,,,,,,,0.3,,14,-0.142857,-0.2455,,,,,,,,,,,
2026-09-03,WAFD,"WaFd, Inc.",Financials,Regional Banks,S&P 600,,,,,,,0.0077,0.761047,,2026-09-03,,,,,,,,,,,,,,,,,,,0.8,,4,0,0.106,,,,,,,,-0.014421,,,
2026-09-03,WAY,Waystar Holding Corp,Health Care,Health Care Technology,S&P 600,,,,,,,0.0129,0.346163,,2026-09-03,,,,,,,,,,,,,,,,,,,0.25,,15,-0.266667,0.081133,0.075394,,,,,,,-0.042874,,,
2026-09-03,WD,"Walker & Dunlop, Inc.",Financials,Commercial & Residential Mortgage Finance,S&P 600,,,,,,,0.004,0.616403,,2026-09-03,,,,-2.054641,,,,,,,,,,,,,,,0.25,,15,-0.133333,0.121133,,,,,,,,-0.308785,,,
2026-09-03,WDFC,WD-40 Company,Consumer Staples,Household Products,S&P 600,,,,,,,0.0055,0.807649,,2026-09-03,,,,0.733599,,,,,,,,,,,,,,,0.75,,5,0,0.158,,,,,,,,0.269887,,,
2026-09-03,WEN,The Wendy's Company,Consumer Discretionary,Restaurants,S&P 600,,,,,,,0.0109,0.806312,,2026-09-03,,,,1.322032,,,,,,,,,,,,,,,0.3,,14,-0.214286,0.090643,0.019546,,,,,,,-0.015601,,,
2026-09-03,WERN,Werner Enterprises,Industrials,Cargo Ground Transportation,S&P 600,,,,,,,0.0059,0.210841,,2026-09-03,,,,-0.686069,,,,,,,,,,,,,,,0.9,,2,0,0,0.029709,,,,,,,0.104525,,,
2026-09-03,WGO,"Winnebago Industries, Inc.",Consumer Discretionary,Automobile Manufacturers,S&P 600,,,,,,,0.0057,0.350318,,2026-09-03,,,,,,,,,,,,,,,,,,,0.55,,9,-0.111111,0.082111,,,,,,,,0.016895,,,
2026-09-03,WHD,"Cactus, Inc.",Energy,Oil & Gas Equipment & Services,S&P 600,,,,,,,0.0063,0.670716,,2026-09-03,,,,,,,,,,,,,,,,,,,0.3,,14,0.071429,0.155429,0.043706,,,,,,,0.257779,,,
2026-09-03,WINA,Winmark,Consumer Discretionary,Other Specialty Retail,S&P 600,,,,,,,0.006,0.929573,,2026-09-03,,,,-0.022468,,,,,,,,,,,,,,,0.5,,10,0,-0.0162,0.029952,,,,,,,0.124693,,,
2026-09-03,WKC,World Kinect Corporation,Energy,Oil & Gas Refining & Marketing,S&P 600,,,,,,,0.0053,0.084255,,2026-09-03,,,,,,,0.001164,,,,,,,,,,,,0.45,,11,0.181818,0.154818,0.014502,,,,,,,0.478306,,,
2026-09-03,WLY,John Wiley & Sons,Communication Services,Publishing,S&P 600,,,,,,,0.0084,0.065983,,2026-09-03,,,,0.21673,,,,,,,,,,,,,,,0.25,,15,0.133333,0.128933,,,,,,,,-0.017394,,,
2026-09-03,WOR,Worthington Enterprises,Industrials,Building Products,S&P 600,,,,,,,0.0064,0.79602,,2026-09-03,,,,-0.231685,,,-0.003975,,,,,,,,,,,,0.25,,15,-0.066667,0.094333,0.040205,,,,,,,0.048625,,,
2026-09-03,WRBY,Warby Parker,Consumer Discretionary,"Apparel, Accessories & Luxury Goods",S&P 600,,,,,,,0.0112,0.092659,,2026-09-03,,,,,,,0.049701,,,,,,,,,,,,0.4,,12,-0.083333,0.066667,0.023271,,,,,,,0.014674,,,
2026-09-03,WRLD,World Acceptance Corporation,Financials,Consumer Finance,S&P 600,,,,,,,0.0051,0.511356,,2026-09-03,,,,0.072083,,,,,,,,,,,,,,,0.8,,4,0,0.59875,,,,,,,,0.029564,,,
2026-09-03,WS,Worthington Steel,Materials,Steel,S&P 600,,,,,,,0.0108,0.56219,,2026-09-03,,,,,,,-0.019269,,,,,,,,,,,,0.25,,15,0,0.118067,0.027872,,,,,,,-0.059966,,,
2026-09-03,WSBC,WesBanco,Financials,Regional Banks,S&P 600,,,,,,,0.0039,0.641286,,2026-09-03,,,,-0.519543,,,,,,,,,,,,,,,0.7,,6,0.166667,0.282167,,,,,,,,,,,
2026-09-03,WSC,WillScot Holdings Corp.,Industrials,Office Services & Supplies,S&P 600,,,,,,,0.0063,0.298721,,2026-09-03,,,,1.443069,,,-0.002287,,,,,,,,,,,,0.5,,10,0.1,0.2357,0.104797,,,,,,,0.05868,,,
2026-09-03,WSFS,WSFS Financial Corporation,Financials,Regional Banks,S&P 600,,,,,,,0.0047,0.858516,,2026-09-03,,,,0.128342,,,,,,,,,,,,,,,0.3,,14,0.071429,0.026286,,,,,,,,-0.024258,,,
2026-09-03,WT,"WisdomTree Investments, Inc.",Financials,Asset Management & Custody Banks,S&P 600,,,,,,,0.0042,0.385019,,2026-09-03,,,,2.855063,,,,,,,,,,,,,,,0.35,,13,-0.076923,0.089923,0.037515,,,,,,,0.09761,,,
2026-09-03,WU,Western Union,Financials,Transaction & Payment Processing Services,S&P 600,,,,,,,0.0073,0.716221,,2026-09-03,,,,-0.328526,,,,,,,,,,,,,,,0.25,,15,-0.266667,0.083067,0.024936,,,,,,,-0.011657,,,
2026-09-03,WWW,"Wolverine World Wide, Inc.",Consumer Discretionary,Footwear,S&P 600,,,,,,,0.0044,0.554736,,2026-09-03,,,,-0.092474,,,-0.007722,,,,,,,,,,,,0.25,,15,-0.133333,0.012067,0.030398,,,,,,,-0.041968,,,
2026-09-03,XHR,"Xenia Hotels & Resorts, Inc.",Real Estate,Hotel & Resort REITs,S&P 600,,,,,,,0.01,0.287009,,2026-09-03,,,,,,,,,,,,,,,,,,,0.55,,9,-0.444444,0.056889,0.053526,,,,,,,0.005085,,,
2026-09-03,XNCR,Xencor Inc,Health Care,Biotechnology,S&P 600,,,,,,,0.0154,0.605016,,2026-09-03,,,,-3.613363,,,,,,,,,,,,,,,0.55,,9,0.111111,0.205333,0.392125,,,,,,,,,,
2026-09-03,XPEL,"XPEL, Inc.",Consumer Discretionary,Automotive Parts & Equipment,S&P 600,,,,,,,0.0052,0.775138,,2026-09-03,,,,,,,0.012254,,,,,,,,,,,,0.85,,3,0,0.366333,0.026924,,,,,,,0.016534,,,
2026-09-03,YELP,"Yelp, Inc.",Communication Services,Interactive Media & Services,S&P 600,,,,,,,0.0071,0.753062,,2026-09-03,,,,0.542265,,,,,,,,,,,,,,,0.8,,4,-0.25,0.29775,0.035387,,,,,,,0.005684,,,
2026-09-03,YOU,"Clear Secure, Inc.",Information Technology,Application Software,S&P 600,,,,,,,0.0094,,,2026-09-03,,,,,,,,,,,,,,,,,,,0.25,,15,-0.066667,0.131333,0.049626,,,,,,,0.068619,,,
2026-09-03,ZD,Ziff Davis,Communication Services,Advertising,S&P 600,,,,,,,0.0051,0.294467,,2026-09-03,,,,-0.702016,,,-0.013929,,,,,,,,,,,,0.85,,3,-0.333333,0.077667,0.060376,,,,,,,0.031017,,,
2026-09-03,ZWS,Zurn Elkay Water Solutions Corp.,Industrials,Industrial Machinery & Supplies & Components,S&P 600,,,,,,,0.01,0.844463,,2026-09-03,,,,,,,0.009754,,,,,,,,,,,,0.8,,4,0.75,0.51125,0.013866,,,,,,,0.002951,,,
