ticker,cik,period,period_end,revenue,gross_profit,operating_income,net_income,eps_diluted,ocf,capex,assets,equity,shares_diluted,revenue_tag,collected_at
MPC,1510295,FY,2014-12-31,97817000000,,4051000000,2524000000,4.39,3110000000,1480000000,30425000000,10751000000,574000000,SalesRevenueNet,2026-09-12T23:04:50+00:00
MPC,1510295,FY,2015-12-31,72051000000,,4692000000,2852000000,5.26,4073000000,1998000000,43115000000,13237000000,542000000,SalesRevenueNet,2026-09-12T23:04:50+00:00
MPC,1510295,FY,2016-12-31,,,2386000000,1174000000,2.21,4017000000,2892000000,44413000000,13557000000,530000000,,2026-09-12T23:04:50+00:00
MPC,1510295,FY,2017-12-31,,,4018000000,3432000000,6.7,6612000000,2732000000,49047000000,14033000000,512000000,,2026-09-12T23:04:50+00:00
MPC,1510295,FY,2018-12-31,86086000000,,4690000000,2780000000,5.28,6158000000,3179000000,92940000000,35175000000,526000000,RevenueFromContractWithCustomerExcludingAssessedTax,2026-09-12T23:04:50+00:00
MPC,1510295,FY,2019-12-31,111148000000,,4462000000,2637000000,3.97,9441000000,4810000000,98556000000,33694000000,664000000,RevenueFromContractWithCustomerExcludingAssessedTax,2026-09-12T23:04:50+00:00
MPC,1510295,FY,2020-12-31,69779000000,,-12247000000,-9826000000,-15.13,2419000000,2787000000,85158000000,22199000000,649000000,RevenueFromContractWithCustomerExcludingAssessedTax,2026-09-12T23:04:50+00:00
MPC,1510295,FY,2021-12-31,119983000000,,4300000000,9738000000,15.24,4360000000,1464000000,85373000000,26206000000,638000000,RevenueFromContractWithCustomerExcludingAssessedTax,2026-09-12T23:04:50+00:00
MPC,1510295,FY,2022-12-31,177453000000,,21469000000,14516000000,28.12,16361000000,2420000000,89904000000,27715000000,516000000,RevenueFromContractWithCustomerExcludingAssessedTax,2026-09-12T23:04:50+00:00
MPC,1510295,FY,2023-12-31,148379000000,,14514000000,9681000000,23.63,14117000000,1890000000,85987000000,24404000000,409000000,RevenueFromContractWithCustomerExcludingAssessedTax,2026-09-12T23:04:50+00:00
MPC,1510295,FY,2024-12-31,138864000000,,6796000000,3445000000,10.08,8665000000,2533000000,78858000000,17745000000,341000000,RevenueFromContractWithCustomerExcludingAssessedTax,2026-09-12T23:04:50+00:00
MPC,1510295,FY,2025-12-31,132699000000,,8291000000,4047000000,13.22,8253000000,3486000000,83955000000,17314000000,306000000,RevenueFromContractWithCustomerExcludingAssessedTax,2026-09-12T23:04:50+00:00
MPC,1510295,Q,2020-06-30,12195000000,,575000000,9000000,0.01,,,84593000000,23741000000,650000000,RevenueFromContractWithCustomerExcludingAssessedTax,2026-09-12T23:04:50+00:00
MPC,1510295,Q,2020-09-30,17408000000,,-1057000000,-886000000,-1.36,,,84020000000,22453000000,650000000,RevenueFromContractWithCustomerExcludingAssessedTax,2026-09-12T23:04:50+00:00
MPC,1510295,Q,2020-12-31,17972000000,,390000000,285000000,,,,85158000000,22199000000,,RevenueFromContractWithCustomerExcludingAssessedTax,2026-09-12T23:04:50+00:00
MPC,1510295,Q,2021-03-31,22711000000,,217000000,-242000000,-0.37,454000000,304000000,86651000000,21592000000,651000000,RevenueFromContractWithCustomerExcludingAssessedTax,2026-09-12T23:04:50+00:00
MPC,1510295,Q,2021-06-30,29615000000,,965000000,8512000000,13,,,94300000000,28921000000,654000000,RevenueFromContractWithCustomerExcludingAssessedTax,2026-09-12T23:04:50+00:00
MPC,1510295,Q,2021-09-30,32321000000,,1340000000,694000000,1.09,,,89300000000,28280000000,637000000,RevenueFromContractWithCustomerExcludingAssessedTax,2026-09-12T23:04:50+00:00
MPC,1510295,Q,2022-03-31,38058000000,,1716000000,845000000,1.49,2513000000,495000000,90952000000,23972000000,568000000,RevenueFromContractWithCustomerExcludingAssessedTax,2026-09-12T23:04:50+00:00
MPC,1510295,Q,2022-06-30,53795000000,,8328000000,5873000000,10.95,,,96737000000,26306000000,536000000,RevenueFromContractWithCustomerExcludingAssessedTax,2026-09-12T23:04:50+00:00
MPC,1510295,Q,2022-09-30,45787000000,,6686000000,4477000000,9.06,,,89694000000,26304000000,494000000,RevenueFromContractWithCustomerExcludingAssessedTax,2026-09-12T23:04:50+00:00
MPC,1510295,Q,2023-03-31,34864000000,,4061000000,2724000000,6.09,4057000000,457000000,87037000000,26858000000,447000000,RevenueFromContractWithCustomerExcludingAssessedTax,2026-09-12T23:04:50+00:00
MPC,1510295,Q,2023-06-30,36343000000,,3305000000,2226000000,5.32,,,86442000000,25714000000,419000000,RevenueFromContractWithCustomerExcludingAssessedTax,2026-09-12T23:04:50+00:00
MPC,1510295,Q,2023-09-30,40917000000,,4753000000,3280000000,8.28,,,89969000000,25862000000,396000000,RevenueFromContractWithCustomerExcludingAssessedTax,2026-09-12T23:04:50+00:00
MPC,1510295,Q,2024-03-31,32706000000,,1784000000,937000000,2.58,1532000000,585000000,85528000000,22922000000,362000000,RevenueFromContractWithCustomerExcludingAssessedTax,2026-09-12T23:04:50+00:00
MPC,1510295,Q,2024-06-30,37914000000,,2522000000,1515000000,4.33,,,85229000000,21324000000,350000000,RevenueFromContractWithCustomerExcludingAssessedTax,2026-09-12T23:04:50+00:00
MPC,1510295,Q,2024-09-30,35107000000,,1349000000,622000000,1.87,,,79833000000,18933000000,332000000,RevenueFromContractWithCustomerExcludingAssessedTax,2026-09-12T23:04:50+00:00
MPC,1510295,Q,2025-03-31,31517000000,,687000000,-74000000,-0.24,-64000000,663000000,81633000000,16396000000,313000000,RevenueFromContractWithCustomerExcludingAssessedTax,2026-09-12T23:04:50+00:00
MPC,1510295,Q,2025-06-30,33799000000,,2197000000,1216000000,3.96,,,78484000000,16624000000,307000000,RevenueFromContractWithCustomerExcludingAssessedTax,2026-09-12T23:04:50+00:00
MPC,1510295,Q,2025-09-30,34809000000,,2713000000,1370000000,4.51,,,83240000000,17097000000,304000000,RevenueFromContractWithCustomerExcludingAssessedTax,2026-09-12T23:04:50+00:00
MPC,1510295,Q,2026-03-31,34200000000,,1404000000,511000000,1.73,1121000000,913000000,88187000000,16753000000,295000000,RevenueFromContractWithCustomerExcludingAssessedTax,2026-09-12T23:04:50+00:00
MPC,1510295,Q,2026-06-30,51994000000,,7322000000,5138000000,17.73,,,94310000000,19077000000,290000000,RevenueFromContractWithCustomerExcludingAssessedTax,2026-09-12T23:04:50+00:00
CF,1324404,FY,2014-12-31,4743000000,1778000000,2366000000,,5.42,1421000000,1809000000,11254200000,4209700000,256700000,SalesRevenueNet,2026-09-12T23:04:50+00:00
CF,1324404,FY,2015-12-31,4308000000,1547000000,1193000000,,2.96,1207000000,2469000000,12683000000,4035000000,236100000,SalesRevenueNet,2026-09-12T23:04:50+00:00
CF,1324404,FY,2016-12-31,3685000000,843000000,138000000,,-1.19,617000000,2211000000,15131000000,3348000000,233100000,Revenues,2026-09-12T23:04:50+00:00
CF,1324404,FY,2017-12-31,4130000000,434000000,234000000,,1.53,1631000000,473000000,13463000000,3579000000,233900000,Revenues,2026-09-12T23:04:50+00:00
CF,1324404,FY,2018-12-31,4429000000,917000000,766000000,,1.24,1497000000,422000000,12661000000,2958000000,233800000,Revenues,2026-09-12T23:04:50+00:00
CF,1324404,FY,2019-12-31,4590000000,1174000000,1003000000,,2.23,1505000000,404000000,12172000000,2897000000,221600000,Revenues,2026-09-12T23:04:50+00:00
CF,1324404,FY,2020-12-31,4124000000,801000000,623000000,,1.47,1231000000,309000000,12023000000,2922000000,215200000,Revenues,2026-09-12T23:04:50+00:00
CF,1324404,FY,2021-12-31,6538000000,2387000000,1729000000,,4.24,2873000000,514000000,12375000000,3206000000,216200000,Revenues,2026-09-12T23:04:50+00:00
CF,1324404,FY,2022-12-31,11186000000,5861000000,5397000000,,16.38,3855000000,453000000,13313000000,5051000000,204200000,Revenues,2026-09-12T23:04:50+00:00
CF,1324404,FY,2023-12-31,6631000000,2545000000,2230000000,,7.87,2757000000,499000000,14376000000,5717000000,193800000,Revenues,2026-09-12T23:04:50+00:00
CF,1324404,FY,2024-12-31,5936000000,2056000000,1746000000,,6.74,2271000000,518000000,13466000000,4985000000,180700000,Revenues,2026-09-12T23:04:50+00:00
CF,1324404,FY,2025-12-31,7084000000,2724000000,2300000000,,8.97,2752000000,950000000,14088000000,4838000000,162200000,Revenues,2026-09-12T23:04:50+00:00
CF,1324404,Q,2020-03-31,971000000,204000000,147000000,,0.31,292000000,67000000,12441000000,2728000000,216600000,Revenues,2026-09-12T23:04:50+00:00
CF,1324404,Q,2020-06-30,1204000000,334000000,280000000,,0.89,,,11950000000,2873000000,214600000,Revenues,2026-09-12T23:04:50+00:00
CF,1324404,Q,2020-09-30,847000000,83000000,40000000,,-0.13,,,11931000000,2826000000,213900000,Revenues,2026-09-12T23:04:50+00:00
CF,1324404,Q,2021-03-31,1048000000,289000000,247000000,,0.7,578000000,71000000,12011000000,3029000000,216000000,Revenues,2026-09-12T23:04:50+00:00
CF,1324404,Q,2021-06-30,1588000000,503000000,450000000,,1.14,,,12007000000,3246000000,216600000,Revenues,2026-09-12T23:04:50+00:00
CF,1324404,Q,2021-09-30,1362000000,440000000,-97000000,,-0.86,,,11766000000,2938000000,214900000,Revenues,2026-09-12T23:04:50+00:00
CF,1324404,Q,2022-03-31,2868000000,1698000000,1658000000,,4.21,1391000000,63000000,13782000000,4002000000,209900000,Revenues,2026-09-12T23:04:50+00:00
CF,1324404,Q,2022-06-30,3389000000,1991000000,1778000000,,5.58,,,13423000000,4589000000,208900000,Revenues,2026-09-12T23:04:50+00:00
CF,1324404,Q,2022-09-30,2321000000,916000000,750000000,,2.18,,,13280000000,4444000000,200900000,Revenues,2026-09-12T23:04:50+00:00
CF,1324404,Q,2023-03-31,2012000000,863000000,826000000,,2.85,947000000,69000000,13398000000,5453000000,196900000,Revenues,2026-09-12T23:04:50+00:00
CF,1324404,Q,2023-06-30,1775000000,804000000,734000000,,2.7,,,13537000000,5804000000,195000000,Revenues,2026-09-12T23:04:50+00:00
CF,1324404,Q,2023-09-30,1273000000,377000000,244000000,,0.85,,,13543000000,5723000000,192900000,Revenues,2026-09-12T23:04:50+00:00
CF,1324404,Q,2024-03-31,1470000000,409000000,303000000,,1.03,445000000,98000000,13861000000,5440000000,188100000,Revenues,2026-09-12T23:04:50+00:00
CF,1324404,Q,2024-06-30,1572000000,679000000,638000000,,2.3,,,13775000000,5460000000,182800000,Revenues,2026-09-12T23:04:50+00:00
CF,1324404,Q,2024-09-30,1370000000,444000000,364000000,,1.55,,,13843000000,5194000000,178600000,Revenues,2026-09-12T23:04:50+00:00
CF,1324404,Q,2025-03-31,1663000000,572000000,455000000,,1.85,586000000,132000000,13308000000,4780000000,168800000,Revenues,2026-09-12T23:04:50+00:00
CF,1324404,Q,2025-06-30,1890000000,755000000,648000000,,2.37,,,13750000000,4963000000,163100000,Revenues,2026-09-12T23:04:50+00:00
CF,1324404,Q,2025-09-30,1659000000,632000000,580000000,,2.19,,,14203000000,4849000000,161200000,Revenues,2026-09-12T23:04:50+00:00
CF,1324404,Q,2026-03-31,1986000000,746000000,863000000,,3.98,496000000,223000000,14608000000,5342000000,154500000,Revenues,2026-09-12T23:04:50+00:00
CF,1324404,Q,2026-06-30,2222000000,1145000000,1121000000,,4.73,,,15099000000,5748000000,153900000,Revenues,2026-09-12T23:04:50+00:00
AAPL,320193,FY,2014-09-27,182795000000,70537000000,52503000000,39510000000,6.45,59713000000,9571000000,231839000000,111547000000,6122663000,SalesRevenueNet,2026-09-12T23:04:50+00:00
AAPL,320193,FY,2015-09-26,233715000000,93626000000,71230000000,53394000000,9.22,81266000000,11247000000,290345000000,119355000000,5793069000,SalesRevenueNet,2026-09-12T23:04:50+00:00
AAPL,320193,FY,2016-09-24,215639000000,84263000000,60024000000,45687000000,8.31,66231000000,12734000000,321686000000,128249000000,5500281000,Revenues,2026-09-12T23:04:50+00:00
AAPL,320193,FY,2017-09-30,229234000000,88186000000,61344000000,48351000000,9.21,64225000000,12451000000,375319000000,134047000000,5251692000,RevenueFromContractWithCustomerExcludingAssessedTax,2026-09-12T23:04:50+00:00
AAPL,320193,FY,2018-09-29,265595000000,101839000000,70898000000,59531000000,2.98,77434000000,13313000000,365725000000,107147000000,20000435000,RevenueFromContractWithCustomerExcludingAssessedTax,2026-09-12T23:04:50+00:00
AAPL,320193,FY,2019-09-28,260174000000,98392000000,63930000000,55256000000,2.97,69391000000,10495000000,338516000000,90488000000,18595651000,RevenueFromContractWithCustomerExcludingAssessedTax,2026-09-12T23:04:50+00:00
AAPL,320193,FY,2020-09-26,274515000000,104956000000,66288000000,57411000000,3.28,80674000000,7309000000,323888000000,65339000000,17528214000,RevenueFromContractWithCustomerExcludingAssessedTax,2026-09-12T23:04:50+00:00
AAPL,320193,FY,2021-09-25,365817000000,152836000000,108949000000,94680000000,5.61,104038000000,11085000000,351002000000,63090000000,16864919000,RevenueFromContractWithCustomerExcludingAssessedTax,2026-09-12T23:04:50+00:00
AAPL,320193,FY,2022-09-24,394328000000,170782000000,119437000000,99803000000,6.11,122151000000,10708000000,352755000000,50672000000,16325819000,RevenueFromContractWithCustomerExcludingAssessedTax,2026-09-12T23:04:50+00:00
AAPL,320193,FY,2023-09-30,383285000000,169148000000,114301000000,96995000000,6.13,110543000000,10959000000,352583000000,62146000000,15812547000,RevenueFromContractWithCustomerExcludingAssessedTax,2026-09-12T23:04:50+00:00
AAPL,320193,FY,2024-09-28,391035000000,180683000000,123216000000,93736000000,6.08,118254000000,9447000000,364980000000,56950000000,15408095000,RevenueFromContractWithCustomerExcludingAssessedTax,2026-09-12T23:04:50+00:00
AAPL,320193,FY,2025-09-27,416161000000,195201000000,133050000000,112010000000,7.46,111482000000,12715000000,359241000000,73733000000,15004697000,RevenueFromContractWithCustomerExcludingAssessedTax,2026-09-12T23:04:50+00:00
AAPL,320193,Q,2020-06-27,59685000000,22680000000,13091000000,11253000000,0.65,,,317344000000,72282000000,17419154000,RevenueFromContractWithCustomerExcludingAssessedTax,2026-09-12T23:04:50+00:00
AAPL,320193,Q,2020-09-26,64698000000,24689000000,,12673000000,0.73,,,323888000000,65339000000,,RevenueFromContractWithCustomerExcludingAssessedTax,2026-09-12T23:04:50+00:00
AAPL,320193,Q,2020-12-26,111439000000,44328000000,33534000000,28755000000,1.68,38763000000,3500000000,354054000000,66224000000,17113688000,RevenueFromContractWithCustomerExcludingAssessedTax,2026-09-12T23:04:50+00:00
AAPL,320193,Q,2021-03-27,89584000000,38079000000,27503000000,23630000000,1.4,,,337158000000,69178000000,16929157000,RevenueFromContractWithCustomerExcludingAssessedTax,2026-09-12T23:04:50+00:00
AAPL,320193,Q,2021-06-26,81434000000,35255000000,24126000000,21744000000,1.3,,,329840000000,64280000000,16781735000,RevenueFromContractWithCustomerExcludingAssessedTax,2026-09-12T23:04:50+00:00
AAPL,320193,Q,2021-12-25,123945000000,54243000000,41488000000,34630000000,2.1,46966000000,2803000000,381191000000,71932000000,16519291000,RevenueFromContractWithCustomerExcludingAssessedTax,2026-09-12T23:04:50+00:00
AAPL,320193,Q,2022-03-26,97278000000,42559000000,29979000000,25010000000,1.52,,,350662000000,67399000000,16403316000,RevenueFromContractWithCustomerExcludingAssessedTax,2026-09-12T23:04:50+00:00
AAPL,320193,Q,2022-06-25,82959000000,35885000000,23076000000,19442000000,1.2,,,336309000000,58107000000,16262203000,RevenueFromContractWithCustomerExcludingAssessedTax,2026-09-12T23:04:50+00:00
AAPL,320193,Q,2022-12-31,117154000000,50332000000,36016000000,29998000000,1.88,34005000000,3787000000,346747000000,56727000000,15955718000,RevenueFromContractWithCustomerExcludingAssessedTax,2026-09-12T23:04:50+00:00
AAPL,320193,Q,2023-04-01,94836000000,41976000000,28318000000,24160000000,1.52,,,332160000000,62158000000,15847050000,RevenueFromContractWithCustomerExcludingAssessedTax,2026-09-12T23:04:50+00:00
AAPL,320193,Q,2023-07-01,81797000000,36413000000,22998000000,19881000000,1.26,,,335038000000,60274000000,15775021000,RevenueFromContractWithCustomerExcludingAssessedTax,2026-09-12T23:04:50+00:00
AAPL,320193,Q,2023-12-30,119575000000,54855000000,40373000000,33916000000,2.18,39895000000,2392000000,353514000000,74100000000,15576641000,RevenueFromContractWithCustomerExcludingAssessedTax,2026-09-12T23:04:50+00:00
AAPL,320193,Q,2024-03-30,90753000000,42271000000,27900000000,23636000000,1.53,,,337411000000,74194000000,15464709000,RevenueFromContractWithCustomerExcludingAssessedTax,2026-09-12T23:04:50+00:00
AAPL,320193,Q,2024-06-29,85777000000,39678000000,25352000000,21448000000,1.4,,,331612000000,66708000000,15348175000,RevenueFromContractWithCustomerExcludingAssessedTax,2026-09-12T23:04:50+00:00
AAPL,320193,Q,2024-12-28,124300000000,58275000000,42832000000,36330000000,2.4,29935000000,2940000000,344085000000,66758000000,15150865000,RevenueFromContractWithCustomerExcludingAssessedTax,2026-09-12T23:04:50+00:00
AAPL,320193,Q,2025-03-29,95359000000,44867000000,29589000000,24780000000,1.65,,,331233000000,66796000000,15056133000,RevenueFromContractWithCustomerExcludingAssessedTax,2026-09-12T23:04:50+00:00
AAPL,320193,Q,2025-06-28,94036000000,43718000000,28202000000,23434000000,1.57,,,331495000000,65830000000,14948179000,RevenueFromContractWithCustomerExcludingAssessedTax,2026-09-12T23:04:50+00:00
AAPL,320193,Q,2025-12-27,143756000000,69231000000,50852000000,42097000000,2.84,53925000000,2373000000,379297000000,88190000000,14810356000,RevenueFromContractWithCustomerExcludingAssessedTax,2026-09-12T23:04:50+00:00
AAPL,320193,Q,2026-03-28,111184000000,54781000000,35885000000,29578000000,2.01,,,371082000000,106491000000,14725873000,RevenueFromContractWithCustomerExcludingAssessedTax,2026-09-12T23:04:50+00:00
AAPL,320193,Q,2026-06-27,109417000000,54770000000,35695000000,29789000000,2.02,,,383266000000,107520000000,14714676000,RevenueFromContractWithCustomerExcludingAssessedTax,2026-09-12T23:04:50+00:00
KO,21344,FY,2014-12-31,,28109000000,9708000000,7098000000,1.6,10615000000,2406000000,91968000000,30320000000,4450000000,,2026-09-12T23:04:50+00:00
KO,21344,FY,2015-12-31,,26812000000,8728000000,7351000000,1.67,10528000000,2553000000,89996000000,25554000000,4405000000,,2026-09-12T23:04:50+00:00
KO,21344,FY,2016-12-31,41863000000,25398000000,8657000000,6527000000,1.49,8792000000,2262000000,87270000000,23062000000,4367000000,Revenues,2026-09-12T23:04:50+00:00
KO,21344,FY,2017-12-31,36212000000,22491000000,7755000000,1248000000,0.29,7041000000,1750000000,87896000000,17072000000,4324000000,Revenues,2026-09-12T23:04:50+00:00
KO,21344,FY,2018-12-31,34300000000,21233000000,9152000000,6434000000,1.5,7627000000,1548000000,83216000000,16981000000,4299000000,Revenues,2026-09-12T23:04:50+00:00
KO,21344,FY,2019-12-31,37266000000,22647000000,10086000000,8920000000,2.07,10471000000,2054000000,86381000000,18981000000,4314000000,Revenues,2026-09-12T23:04:50+00:00
KO,21344,FY,2020-12-31,33014000000,19581000000,8997000000,7747000000,1.79,9844000000,1177000000,87296000000,19299000000,4323000000,Revenues,2026-09-12T23:04:50+00:00
KO,21344,FY,2021-12-31,38655000000,23298000000,10308000000,9771000000,2.25,12625000000,1367000000,94354000000,22999000000,4340000000,Revenues,2026-09-12T23:04:50+00:00
KO,21344,FY,2022-12-31,43004000000,25004000000,10909000000,9542000000,2.19,11018000000,1484000000,92763000000,24105000000,4350000000,Revenues,2026-09-12T23:04:50+00:00
KO,21344,FY,2023-12-31,45754000000,27234000000,11311000000,10714000000,2.47,11599000000,1852000000,97703000000,25941000000,4339000000,Revenues,2026-09-12T23:04:50+00:00
KO,21344,FY,2024-12-31,47061000000,28737000000,9992000000,10631000000,2.46,6805000000,2064000000,100549000000,24856000000,4320000000,Revenues,2026-09-12T23:04:50+00:00
KO,21344,FY,2025-12-31,47941000000,29544000000,13762000000,13107000000,3.04,7408000000,2112000000,104816000000,32169000000,4313000000,Revenues,2026-09-12T23:04:50+00:00
KO,21344,Q,2019-09-27,9507000000,5740000000,2499000000,2593000000,0.6,,,87433000000,18713000000,4321000000,Revenues,2026-09-12T23:04:50+00:00
KO,21344,Q,2020-03-27,8601000000,5230000000,2380000000,2775000000,0.64,556000000,327000000,94013000000,18158000000,4325000000,Revenues,2026-09-12T23:04:50+00:00
KO,21344,Q,2020-06-26,7150000000,4137000000,1981000000,1779000000,0.41,,,94689000000,17484000000,4316000000,Revenues,2026-09-12T23:04:50+00:00
KO,21344,Q,2020-09-25,8652000000,5181000000,2298000000,1737000000,0.4,,,97184000000,18607000000,4321000000,Revenues,2026-09-12T23:04:50+00:00
KO,21344,Q,2021-04-02,9020000000,5515000000,2722000000,2245000000,0.52,1636000000,216000000,89993000000,20355000000,4330000000,Revenues,2026-09-12T23:04:50+00:00
KO,21344,Q,2021-07-02,10129000000,6342000000,3016000000,2641000000,0.61,,,90194000000,22249000000,4338000000,Revenues,2026-09-12T23:04:50+00:00
KO,21344,Q,2021-10-01,10042000000,6065000000,2898000000,2471000000,0.57,,,90606000000,22179000000,4344000000,Revenues,2026-09-12T23:04:50+00:00
KO,21344,Q,2022-04-01,10491000000,6400000000,3405000000,2781000000,0.64,623000000,217000000,94064000000,24845000000,4357000000,Revenues,2026-09-12T23:04:50+00:00
KO,21344,Q,2022-07-01,11325000000,6495000000,2341000000,1905000000,0.44,,,93169000000,23005000000,4353000000,Revenues,2026-09-12T23:04:50+00:00
KO,21344,Q,2022-09-30,11063000000,6497000000,3088000000,2825000000,0.65,,,92471000000,22805000000,4346000000,Revenues,2026-09-12T23:04:50+00:00
KO,21344,Q,2023-03-31,10980000000,6663000000,3367000000,3107000000,0.72,160000000,276000000,97404000000,25217000000,4345000000,Revenues,2026-09-12T23:04:50+00:00
KO,21344,Q,2023-06-30,11972000000,7060000000,2401000000,2547000000,0.59,,,98456000000,26013000000,4341000000,Revenues,2026-09-12T23:04:50+00:00
KO,21344,Q,2023-09-29,11953000000,7296000000,3270000000,3087000000,0.71,,,97578000000,26325000000,4339000000,Revenues,2026-09-12T23:04:50+00:00
KO,21344,Q,2024-03-29,11300000000,7065000000,2141000000,3177000000,0.74,528000000,370000000,99392000000,26429000000,4322000000,Revenues,2026-09-12T23:04:50+00:00
KO,21344,Q,2024-06-28,12363000000,7551000000,2632000000,2411000000,0.56,,,101202000000,25853000000,4319000000,Revenues,2026-09-12T23:04:50+00:00
KO,21344,Q,2024-09-27,11854000000,7190000000,2510000000,2848000000,0.66,,,106266000000,26518000000,4323000000,Revenues,2026-09-12T23:04:50+00:00
KO,21344,Q,2025-03-28,11129000000,6966000000,3659000000,3330000000,0.77,-5202000000,309000000,101716000000,26202000000,4313000000,Revenues,2026-09-12T23:04:50+00:00
KO,21344,Q,2025-06-27,12535000000,7821000000,4280000000,3810000000,0.88,,,104333000000,28585000000,4315000000,Revenues,2026-09-12T23:04:50+00:00
KO,21344,Q,2025-09-26,12455000000,7658000000,3982000000,3696000000,0.86,,,106045000000,31247000000,4313000000,Revenues,2026-09-12T23:04:50+00:00
KO,21344,Q,2026-04-03,12472000000,7852000000,4359000000,3924000000,0.91,2021000000,266000000,104217000000,33633000000,4314000000,Revenues,2026-09-12T23:04:50+00:00
JPM,19617,FY,2014-12-31,95112000000,,,21745000000,5.29,36593000000,,2572274000000,231727000000,3797500000,Revenues,2026-09-12T23:04:50+00:00
JPM,19617,FY,2015-12-31,93543000000,,,24442000000,6,73466000000,,2351698000000,247573000000,3773600000,Revenues,2026-09-12T23:04:50+00:00
JPM,19617,FY,2016-12-31,96569000000,,,24733000000,6.19,21884000000,,2490972000000,254190000000,3690000000,Revenues,2026-09-12T23:04:50+00:00
JPM,19617,FY,2017-12-31,100705000000,,,24441000000,6.31,-10827000000,,2533600000000,255693000000,3576800000,Revenues,2026-09-12T23:04:50+00:00
JPM,19617,FY,2018-12-31,108783000000,,,32474000000,9,15614000000,,2622532000000,256515000000,3414000000,Revenues,2026-09-12T23:04:50+00:00
JPM,19617,FY,2019-12-31,115720000000,,,36431000000,10.72,4092000000,,2686477000000,261330000000,3230400000,Revenues,2026-09-12T23:04:50+00:00
JPM,19617,FY,2020-12-31,119951000000,,,29131000000,8.88,-79910000000,,3384757000000,279354000000,3087400000,Revenues,2026-09-12T23:04:50+00:00
JPM,19617,FY,2021-12-31,121649000000,,,48300000000,15.36,78084000000,,3743567000000,294127000000,3026600000,Revenues,2026-09-12T23:04:50+00:00
JPM,19617,FY,2022-12-31,128695000000,,,37700000000,12.09,107119000000,,3665743000000,292332000000,2970000000,Revenues,2026-09-12T23:04:50+00:00
JPM,19617,FY,2023-12-31,158104000000,,,49600000000,16.23,12974000000,,3875393000000,327878000000,2943100000,Revenues,2026-09-12T23:04:50+00:00
JPM,19617,FY,2024-12-31,177556000000,,,58500000000,19.75,-42012000000,,4002814000000,344758000000,2879000000,Revenues,2026-09-12T23:04:50+00:00
JPM,19617,FY,2025-12-31,182447000000,,,57000000000,20.02,-147782000000,,4424900000000,362438000000,2781500000,Revenues,2026-09-12T23:04:50+00:00
JPM,19617,Q,2020-03-31,,,,2865000000,0.78,-120089000000,,3138530000000,261262000000,3100700000,,2026-09-12T23:04:50+00:00
JPM,19617,Q,2020-06-30,,,,4687000000,1.38,,,3212643000000,264466000000,3081000000,,2026-09-12T23:04:50+00:00
JPM,19617,Q,2020-09-30,,,,9443000000,2.92,,,3245061000000,271113000000,3082800000,,2026-09-12T23:04:50+00:00
JPM,19617,Q,2021-03-31,,,,14300000000,4.5,-43872000000,,3689336000000,280714000000,3078900000,,2026-09-12T23:04:50+00:00
JPM,19617,Q,2021-06-30,,,,11948000000,3.78,,,3684256000000,286386000000,3041900000,,2026-09-12T23:04:50+00:00
JPM,19617,Q,2021-09-30,,,,11687000000,3.74,,,3757576000000,290041000000,3005100000,,2026-09-12T23:04:50+00:00
JPM,19617,Q,2022-03-31,,,,8282000000,2.63,-41917000000,,3954687000000,285899000000,2981000000,,2026-09-12T23:04:50+00:00
JPM,19617,Q,2022-06-30,,,,8649000000,2.76,,,3841314000000,286143000000,2966300000,,2026-09-12T23:04:50+00:00
JPM,19617,Q,2022-09-30,,,,9737000000,3.12,,,3773884000000,288018000000,2965400000,,2026-09-12T23:04:50+00:00
JPM,19617,Q,2023-03-31,,,,12622000000,4.1,-111241000000,,3744305000000,303082000000,2972700000,,2026-09-12T23:04:50+00:00
JPM,19617,Q,2023-06-30,,,,14472000000,4.75,,,3868240000000,312516000000,2948300000,,2026-09-12T23:04:50+00:00
JPM,19617,Q,2023-09-30,,,,13151000000,4.33,,,3898333000000,317371000000,2932100000,,2026-09-12T23:04:50+00:00
JPM,19617,Q,2024-03-31,,,,13419000000,4.44,-154158000000,,4090727000000,336637000000,2912800000,,2026-09-12T23:04:50+00:00
JPM,19617,Q,2024-06-30,,,,18149000000,6.12,,,4143003000000,340552000000,2894900000,,2026-09-12T23:04:50+00:00
JPM,19617,Q,2024-09-30,,,,12898000000,4.37,,,4210048000000,345836000000,2865900000,,2026-09-12T23:04:50+00:00
JPM,19617,Q,2025-03-31,,,,14643000000,5.07,-251839000000,,4357856000000,351420000000,2824300000,,2026-09-12T23:04:50+00:00
JPM,19617,Q,2025-06-30,,,,14987000000,5.24,,,4552482000000,356924000000,2793700000,,2026-09-12T23:04:50+00:00
JPM,19617,Q,2025-09-30,,,,14393000000,5.07,,,4560205000000,360212000000,2767600000,,2026-09-12T23:04:50+00:00
JPM,19617,Q,2026-03-31,,,,16494000000,5.94,-211761000000,,4900475000000,364038000000,2720200000,,2026-09-12T23:04:50+00:00
JPM,19617,Q,2026-06-30,,,,21155000000,7.7,,,5015069000000,374598000000,2694200000,,2026-09-12T23:04:50+00:00
YELP,1345016,FY,2014-12-31,377536000,,11059000,36473000,0.48,57932000,29054000,629650000,588150000,76712000,SalesRevenueNet,2026-09-12T23:04:50+00:00
YELP,1345016,FY,2015-12-31,549711000,,-21324000,-32900000,-0.44,57362000,31127000,755427000,699613000,74683000,SalesRevenueNet,2026-09-12T23:04:50+00:00
YELP,1345016,FY,2016-12-31,716063000,,-2020000,-1711000,-0.02,126900000,22994000,885206000,816138000,77186000,RevenueFromContractWithCustomerExcludingAssessedTax,2026-09-12T23:04:50+00:00
YELP,1345016,FY,2017-12-31,850847000,,179622000,152995000,1.76,167647000,30245000,1225601000,1108697000,87170000,RevenueFromContractWithCustomerExcludingAssessedTax,2026-09-12T23:04:50+00:00
YELP,1345016,FY,2018-12-31,942773000,,25897000,55350000,0.62,160187000,44972000,1175563000,1075518000,88709000,RevenueFromContractWithCustomerExcludingAssessedTax,2026-09-12T23:04:50+00:00
YELP,1345016,FY,2019-12-31,1014194000,,35511000,40881000,0.52,204782000,37522000,1070700000,754991000,77969000,RevenueFromContractWithCustomerExcludingAssessedTax,2026-09-12T23:04:50+00:00
YELP,1345016,FY,2020-12-31,872933000,,-38795000,-19424000,-0.27,176701000,32002000,1154947000,854534000,73005000,RevenueFromContractWithCustomerExcludingAssessedTax,2026-09-12T23:04:50+00:00
YELP,1345016,FY,2021-12-31,1031839000,,31514000,39671000,0.5,212655000,28282000,1050528000,751318000,78616000,RevenueFromContractWithCustomerExcludingAssessedTax,2026-09-12T23:04:50+00:00
YELP,1345016,FY,2022-12-31,1193506000,,58353000,36347000,0.5,192309000,31979000,1015922000,710324000,73402000,RevenueFromContractWithCustomerExcludingAssessedTax,2026-09-12T23:04:50+00:00
YELP,1345016,FY,2023-12-31,1337062000,,79043000,99173000,1.35,306280000,26847000,1014723000,749534000,73596000,RevenueFromContractWithCustomerExcludingAssessedTax,2026-09-12T23:04:50+00:00
YELP,1345016,FY,2024-12-31,1412064000,,151045000,132850000,1.88,285815000,37347000,983567000,743969000,70611000,RevenueFromContractWithCustomerExcludingAssessedTax,2026-09-12T23:04:50+00:00
YELP,1345016,FY,2025-12-31,1464955000,,184521000,145600000,2.24,372029000,48353000,958478000,710852000,65090000,RevenueFromContractWithCustomerExcludingAssessedTax,2026-09-12T23:04:50+00:00
YELP,1345016,Q,2020-03-31,249901000,,-27250000,-15503000,-0.22,40786000,7053000,1085224000,762432000,71548000,RevenueFromContractWithCustomerExcludingAssessedTax,2026-09-12T23:04:50+00:00
YELP,1345016,Q,2020-06-30,169030000,,-35349000,-23990000,-0.33,,,1073485000,781320000,72413000,RevenueFromContractWithCustomerExcludingAssessedTax,2026-09-12T23:04:50+00:00
YELP,1345016,Q,2020-09-30,220807000,,9325000,-1020000,-0.01,,,1138950000,815628000,73514000,RevenueFromContractWithCustomerExcludingAssessedTax,2026-09-12T23:04:50+00:00
YELP,1345016,Q,2021-03-31,232096000,,-8643000,-5796000,-0.08,58931000,6005000,1135378000,827100000,75245000,RevenueFromContractWithCustomerExcludingAssessedTax,2026-09-12T23:04:50+00:00
YELP,1345016,Q,2021-06-30,257188000,,-1081000,4212000,0.05,,,1105244000,803464000,78983000,RevenueFromContractWithCustomerExcludingAssessedTax,2026-09-12T23:04:50+00:00
YELP,1345016,Q,2021-09-30,269155000,,21645000,18065000,0.23,,,1079068000,781823000,77422000,RevenueFromContractWithCustomerExcludingAssessedTax,2026-09-12T23:04:50+00:00
YELP,1345016,Q,2022-03-31,276628000,,-4456000,-915000,-0.01,59903000,6636000,1044906000,724349000,71639000,RevenueFromContractWithCustomerExcludingAssessedTax,2026-09-12T23:04:50+00:00
YELP,1345016,Q,2022-06-30,298884000,,16001000,8009000,0.11,,,1023168000,718604000,72835000,RevenueFromContractWithCustomerExcludingAssessedTax,2026-09-12T23:04:50+00:00
YELP,1345016,Q,2022-09-30,308891000,,13424000,9108000,0.13,,,1030334000,701378000,72658000,RevenueFromContractWithCustomerExcludingAssessedTax,2026-09-12T23:04:50+00:00
YELP,1345016,Q,2023-03-31,312438000,,-6587000,-1178000,-0.02,74244000,7518000,1021682000,704128000,69821000,RevenueFromContractWithCustomerExcludingAssessedTax,2026-09-12T23:04:50+00:00
YELP,1345016,Q,2023-06-30,337126000,,18742000,14729000,0.21,,,1033288000,708602000,71238000,RevenueFromContractWithCustomerExcludingAssessedTax,2026-09-12T23:04:50+00:00
YELP,1345016,Q,2023-09-30,345122000,,41873000,58216000,0.79,,,1027318000,739574000,73566000,RevenueFromContractWithCustomerExcludingAssessedTax,2026-09-12T23:04:50+00:00
YELP,1345016,Q,2024-03-31,332752000,,11217000,14154000,0.2,72855000,6987000,993477000,721973000,72247000,RevenueFromContractWithCustomerExcludingAssessedTax,2026-09-12T23:04:50+00:00
YELP,1345016,Q,2024-06-30,357016000,,39747000,38036000,0.54,,,964978000,735347000,70444000,RevenueFromContractWithCustomerExcludingAssessedTax,2026-09-12T23:04:50+00:00
YELP,1345016,Q,2024-09-30,360344000,,46652000,38440000,0.56,,,980208000,739540000,69163000,RevenueFromContractWithCustomerExcludingAssessedTax,2026-09-12T23:04:50+00:00
YELP,1345016,Q,2025-03-31,358534000,,29460000,24391000,0.36,97995000,10531000,985203000,728018000,67324000,RevenueFromContractWithCustomerExcludingAssessedTax,2026-09-12T23:04:50+00:00
YELP,1345016,Q,2025-06-30,370394000,,53290000,44089000,0.67,,,980175000,746404000,65683000,RevenueFromContractWithCustomerExcludingAssessedTax,2026-09-12T23:04:50+00:00
YELP,1345016,Q,2025-09-30,376038000,,52885000,39324000,0.61,,,989884000,733153000,64216000,RevenueFromContractWithCustomerExcludingAssessedTax,2026-09-12T23:04:50+00:00
YELP,1345016,Q,2026-03-31,361457000,,27298000,17735000,0.3,57816000,12660000,1013298000,631089000,59374000,RevenueFromContractWithCustomerExcludingAssessedTax,2026-09-12T23:04:50+00:00
YELP,1345016,Q,2026-06-30,375519000,,43730000,31652000,0.57,,,990565000,644527000,55726000,RevenueFromContractWithCustomerExcludingAssessedTax,2026-09-12T23:04:50+00:00
AXR,6207,FY,2015-04-30,49790000,,,11320000,,9962000,1127000,138729000,93321000,,Revenues,2026-09-12T20:03:28-04:00
AXR,6207,FY,2016-04-30,41664000,,,-10224000,,3467000,798000,120628000,82844000,8059000,Revenues,2026-09-12T20:03:28-04:00
AXR,6207,FY,2017-04-30,42368000,,,-15000,,10437000,249000,106676000,85356000,8077000,Revenues,2026-09-12T20:03:28-04:00
AXR,6207,FY,2018-04-30,8927000,,,238000,,531000,52000,106225000,87130000,8104,Revenues,2026-09-12T20:03:28-04:00
AXR,6207,FY,2019-04-30,12754000,,-3225000,1527000,,592000,8000,100530000,89846000,8145,RevenueFromContractWithCustomerExcludingAssessedTax,2026-09-12T20:03:28-04:00
AXR,6207,FY,2020-04-30,18783000,,-7959000,-5903000,-0.73,765000,9000,96666000,84637000,8134,RevenueFromContractWithCustomerExcludingAssessedTax,2026-09-12T20:03:28-04:00
AXR,6207,FY,2021-04-30,40069000,,9047000,7392000,0.95,12609000,5000,97366000,88889000,7773,RevenueFromContractWithCustomerExcludingAssessedTax,2026-09-12T20:03:28-04:00
AXR,6207,FY,2022-04-30,58926000,,21303000,15862000,2.21,15476000,1287000,94917000,83162000,7193,RevenueFromContractWithCustomerExcludingAssessedTax,2026-09-12T20:03:28-04:00
AXR,6207,FY,2023-04-30,48676000,,5830000,21790000,4.11,6389000,131000,115895000,111000000,5307,RevenueFromContractWithCustomerExcludingAssessedTax,2026-09-12T20:03:28-04:00
AXR,6207,FY,2024-04-30,51369000,,7602000,6690000,1.25,10714000,457000,122830000,118050000,5347000,RevenueFromContractWithCustomerExcludingAssessedTax,2026-09-12T20:03:28-04:00
AXR,6207,FY,2025-04-30,49694000,,12107000,12716000,2.37,10242000,583000,133776000,129961000,5369000,RevenueFromContractWithCustomerExcludingAssessedTax,2026-09-12T20:03:28-04:00
AXR,6207,FY,2026-04-30,52847000,,12392000,10386000,1.91,12878000,102000,144882000,140743000,5393000,RevenueFromContractWithCustomerExcludingAssessedTax,2026-09-12T20:03:28-04:00
AXR,6207,Q,2020-01-31,5287000,,676000,338000,0.04,,,97314000,90354000,8174,RevenueFromContractWithCustomerExcludingAssessedTax,2026-09-12T20:03:28-04:00
AXR,6207,Q,2020-07-31,4206000,,83000,593000,0.07,-2060000,3000,99991000,85362000,8182,RevenueFromContractWithCustomerExcludingAssessedTax,2026-09-12T20:03:28-04:00
AXR,6207,Q,2020-10-31,9256000,,1129000,798000,0.1,,,95720000,82022000,8152,RevenueFromContractWithCustomerExcludingAssessedTax,2026-09-12T20:03:28-04:00
AXR,6207,Q,2021-01-31,7864000,,2524000,2093000,0.28,,,95892000,83407000,7372,RevenueFromContractWithCustomerExcludingAssessedTax,2026-09-12T20:03:28-04:00
AXR,6207,Q,2021-07-31,10507000,,1795000,1637000,0.22,-4466000,1000,101103000,90742000,7373,RevenueFromContractWithCustomerExcludingAssessedTax,2026-09-12T20:03:28-04:00
AXR,6207,Q,2021-10-31,16112000,,4359000,3326000,0.45,,,104909000,94135000,7383,RevenueFromContractWithCustomerExcludingAssessedTax,2026-09-12T20:03:28-04:00
AXR,6207,Q,2022-01-31,9391000,,1158000,910000,0.12,,,105140000,95218000,7385000,RevenueFromContractWithCustomerExcludingAssessedTax,2026-09-12T20:03:28-04:00
AXR,6207,Q,2022-07-31,10707000,,2566000,1912000,0.36,262000,118000,96801000,85317000,5296000,RevenueFromContractWithCustomerExcludingAssessedTax,2026-09-12T20:03:28-04:00
AXR,6207,Q,2022-10-31,16149000,,4471000,3621000,0.68,,,96184000,89027000,5307000,RevenueFromContractWithCustomerExcludingAssessedTax,2026-09-12T20:03:28-04:00
AXR,6207,Q,2023-01-31,9117000,,-475000,16574000,3.12,,,113140000,107381000,5310000,RevenueFromContractWithCustomerExcludingAssessedTax,2026-09-12T20:03:28-04:00
AXR,6207,Q,2023-07-31,10289000,,2023000,1346000,0.25,1827000,40000,116907000,112358000,5325000,RevenueFromContractWithCustomerExcludingAssessedTax,2026-09-12T20:03:28-04:00
AXR,6207,Q,2023-10-31,8854000,,1051000,1108000,0.21,,,117761000,113543000,5339000,RevenueFromContractWithCustomerExcludingAssessedTax,2026-09-12T20:03:28-04:00
AXR,6207,Q,2024-01-31,12689000,,-148000,92000,0.02,,,118994000,113787000,5346000,RevenueFromContractWithCustomerExcludingAssessedTax,2026-09-12T20:03:28-04:00
AXR,6207,Q,2024-07-31,19091000,,4992000,4064000,0.76,10691000,34000,127005000,122171000,5353000,RevenueFromContractWithCustomerExcludingAssessedTax,2026-09-12T20:03:28-04:00
AXR,6207,Q,2024-10-31,11906000,,3144000,4042000,0.75,,,129081000,125076000,5374000,RevenueFromContractWithCustomerExcludingAssessedTax,2026-09-12T20:03:28-04:00
AXR,6207,Q,2025-01-31,7520000,,432000,717000,0.13,,,128938000,125976000,5381000,RevenueFromContractWithCustomerExcludingAssessedTax,2026-09-12T20:03:28-04:00
AXR,6207,Q,2025-07-31,17851000,,6146000,4692000,0.87,9525000,20000,140660000,134729000,5375000,RevenueFromContractWithCustomerExcludingAssessedTax,2026-09-12T20:03:28-04:00
AXR,6207,Q,2025-10-31,9398000,,1119000,1200000,0.22,,,140133000,136028000,5392000,RevenueFromContractWithCustomerExcludingAssessedTax,2026-09-12T20:03:28-04:00
AXR,6207,Q,2026-01-31,14573000,,3007000,3147000,0.58,,,143945000,139380000,5389000,RevenueFromContractWithCustomerExcludingAssessedTax,2026-09-12T20:03:28-04:00
AXR,6207,Q,2026-07-31,6051000,,-163000,276000,0.05,-3634000,4000,145656000,141111000,5393000,RevenueFromContractWithCustomerExcludingAssessedTax,2026-09-12T20:03:28-04:00
BUKS,15847,FY,2015-04-30,47062000,,1319000,27000,0,5369000,5065000,41598000,21544000,62260098,SalesRevenueNet,2026-09-12T20:03:28-04:00
BUKS,15847,FY,2016-04-30,44794000,,622000,24000,0,2417000,2757000,42697000,21809000,62263404,SalesRevenueNet,2026-09-12T20:03:28-04:00
BUKS,15847,FY,2017-04-30,50619000,,3500000,1534000,0.02,6001000,3180000,42778000,23587000,63455883,Revenues,2026-09-12T20:03:28-04:00
BUKS,15847,FY,2018-04-30,48260000,,2123000,341000,0.01,6314000,2289000,41431000,24002000,64387694,Revenues,2026-09-12T20:03:28-04:00
BUKS,15847,FY,2019-04-30,,,5278000,3853000,0.06,9563000,4985000,48902000,28003000,64511608,,2026-09-12T20:03:28-04:00
BUKS,15847,FY,2020-04-30,,,8306000,4234000,0.06,10044000,3165000,94782000,32811000,68622527,,2026-09-12T20:03:28-04:00
BUKS,15847,FY,2021-04-30,,,5900000,1433000,0.02,13458000,6992000,101921000,35361000,74144957,,2026-09-12T20:03:28-04:00
BUKS,15847,FY,2022-04-30,,,16129000,10368000,0.14,11178000,9579000,100809000,40834000,75340131,,2026-09-12T20:03:28-04:00
BUKS,15847,FY,2023-04-30,,,8654000,4516000,0.06,20937000,6510000,113906000,46781000,76456631,,2026-09-12T20:03:28-04:00
BUKS,15847,FY,2024-04-30,,,13239000,12512000,0.18,7538000,8740000,113975000,54441000,70435752,,2026-09-12T20:03:28-04:00
BUKS,15847,FY,2025-04-30,,,16827000,12551000,0.19,18404000,8259000,123298000,65114000,67835577,,2026-09-12T20:03:28-04:00
BUKS,15847,FY,2026-04-30,,,28453000,21933000,0.34,25779000,6538000,141842000,81978000,64965512,,2026-09-12T20:03:28-04:00
BUKS,15847,Q,2020-04-30,,,2888000,1335000,0.02,,,94782000,32811000,67954200,,2026-09-12T20:03:28-04:00
BUKS,15847,Q,2020-07-31,,,128000,-15000,0,2496000,1977000,98488000,32838000,74386184,,2026-09-12T20:03:28-04:00
BUKS,15847,Q,2020-10-31,,,1687000,321000,0,,,96249000,33232000,74130934,,2026-09-12T20:03:28-04:00
BUKS,15847,Q,2021-01-31,,,1868000,503000,0.01,,,99026000,33884000,74033347,,2026-09-12T20:03:28-04:00
BUKS,15847,Q,2021-07-31,,,4022000,2906000,0.04,898000,1275000,101503000,38415000,75366749,,2026-09-12T20:03:28-04:00
BUKS,15847,Q,2021-10-31,,,4743000,3150000,0.04,,,96976000,35591000,75364083,,2026-09-12T20:03:28-04:00
BUKS,15847,Q,2022-01-31,,,4402000,2684000,0.04,,,98076000,38415000,75343068,,2026-09-12T20:03:28-04:00
BUKS,15847,Q,2022-07-31,,,1625000,431000,0.01,5310000,1797000,103966000,,76456284,,2026-09-12T20:03:28-04:00
BUKS,15847,Q,2022-10-31,,,4002000,,0.03,,,105381000,,76781461,,2026-09-12T20:03:28-04:00
BUKS,15847,Q,2023-01-31,,,3385000,,0.03,,,111077000,,76663867,,2026-09-12T20:03:28-04:00
BUKS,15847,Q,2023-07-31,,,1137000,,0.01,-862000,901000,105000000,,75198532,,2026-09-12T20:03:28-04:00
BUKS,15847,Q,2023-10-31,,,3598000,4951000,0.07,,,111613000,,69502008,,2026-09-12T20:03:28-04:00
BUKS,15847,Q,2024-01-31,,,3795000,2382000,0.03,,,113279000,,69634335,,2026-09-12T20:03:28-04:00
BUKS,15847,Q,2024-07-31,,,3536000,2246000,0.03,2952000,1182000,114649000,56292000,68738247,,2026-09-12T20:03:28-04:00
BUKS,15847,Q,2024-10-31,,,4854000,3596000,0.05,,,114335000,59057000,68027071,,2026-09-12T20:03:28-04:00
BUKS,15847,Q,2025-01-31,,,4026000,3378000,0.05,,,128603000,62371000,66960627,,2026-09-12T20:03:28-04:00
BUKS,15847,Q,2025-07-31,,,4667000,3685000,0.06,14699000,1438000,130283000,65243000,66922924,,2026-09-12T20:03:28-04:00
BUKS,15847,Q,2025-10-31,,,7077000,5994000,0.09,,,128181000,70213000,64568585,,2026-09-12T20:03:28-04:00
BUKS,15847,Q,2026-01-31,,,9238000,6699000,0.1,,,140984000,76344000,64231747,,2026-09-12T20:03:28-04:00
BUKS,15847,Q,2026-07-31,,,7424000,5265000,0.08,4639000,1890000,139520000,86300000,63954343,,2026-09-12T20:03:28-04:00
BNC,1482541,FY,2014-12-31,1838912,303994,-3192464,-2991969,,-1994271,,2321292,-883752,,Revenues,2026-09-12T20:03:28-04:00
BNC,1482541,FY,2015-12-31,7865243,940841,-3113843,-5296022,,-1685358,62381,3102734,-2847297,,Revenues,2026-09-12T20:03:28-04:00
BNC,1482541,FY,2016-12-31,7579863,2303895,-532917,-3272613,,103496,18189,2117821,-2111044,,Revenues,2026-09-12T20:03:28-04:00
BNC,1482541,FY,2017-12-31,7210241,1910264,-4241660,-4918699,,-2266976,183783,4828823,1412486,,Revenues,2026-09-12T20:03:28-04:00
BNC,1482541,FY,2018-12-31,9581968,2449878,-4820494,-4743745,,-2848773,261222,2753221,194336,,RevenueFromContractWithCustomerExcludingAssessedTax,2026-09-12T20:03:28-04:00
BNC,1482541,FY,2019-12-31,15224454,4548853,-1310589,-1338566,,671833,3043,4047318,-355631,,RevenueFromContractWithCustomerExcludingAssessedTax,2026-09-12T20:03:28-04:00
BNC,1482541,FY,2020-12-31,8514272,1552967,-2362624,-1758716,,818036,9332,4813266,-1333698,,RevenueFromContractWithCustomerExcludingAssessedTax,2026-09-12T20:03:28-04:00
BNC,1482541,FY,2021-12-31,13638558,2925995,-1978515,-1337923,,-3207190,68657,5281962,-3570533,,RevenueFromContractWithCustomerExcludingAssessedTax,2026-09-12T20:03:28-04:00
BNC,1482541,FY,2022-12-31,11283189,1144940,-5723847,-5497175,-0.84,-3189543,30348,21026059,14895175,7094410,RevenueFromContractWithCustomerExcludingAssessedTax,2026-09-12T20:03:28-04:00
BNC,1482541,FY,2023-12-31,6910951,542079,-2953145,-2911551,-4.33,-6129063,,13772083,12261208,672936,RevenueFromContractWithCustomerExcludingAssessedTax,2026-09-12T20:03:28-04:00
BNC,1482541,FY,2024-12-31,2803470,-219624,-3172084,-3100000,-4.22,-3055425,,10361788,9197723,745038,RevenueFromContractWithCustomerExcludingAssessedTax,2026-09-12T20:03:28-04:00
BNC,1482541,FY,2026-04-30,,,,100000,,,,337846000,304776000,,,2026-09-12T20:03:28-04:00
BNC,1482541,Q,2020-09-30,1634669,525911,-282664,-270439,,,,4656238,-1421677,236526638,RevenueFromContractWithCustomerExcludingAssessedTax,2026-09-12T20:03:28-04:00
BNC,1482541,Q,2021-03-31,2366529,344606,-685650,-793368,,484373,12326,6964539,-1925290,,RevenueFromContractWithCustomerExcludingAssessedTax,2026-09-12T20:03:28-04:00
BNC,1482541,Q,2021-06-30,4509505,1282324,115978,265242,0.17,,,5325017,-1644642,1582998,RevenueFromContractWithCustomerExcludingAssessedTax,2026-09-12T20:03:28-04:00
BNC,1482541,Q,2021-09-30,3706436,747172,-442543,-407905,,,,4908956,-3359813,,RevenueFromContractWithCustomerExcludingAssessedTax,2026-09-12T20:03:28-04:00
BNC,1482541,Q,2022-03-31,1744427,90508,-1611202,-1422942,,192857,13948,26320889,18754188,,RevenueFromContractWithCustomerExcludingAssessedTax,2026-09-12T20:03:28-04:00
BNC,1482541,Q,2022-06-30,3014885,306239,-1771186,-1760586,-0.23,,,24736234,17126482,7801211,RevenueFromContractWithCustomerExcludingAssessedTax,2026-09-12T20:03:28-04:00
BNC,1482541,Q,2022-09-30,5063079,597191,-1059133,-1042050,-0.13,,,23459214,16139776,7953974,RevenueFromContractWithCustomerExcludingAssessedTax,2026-09-12T20:03:28-04:00
BNC,1482541,Q,2023-03-31,4682573,853276,-446162,-431438,-0.05,-2689237,,17435960,14700802,8071731,RevenueFromContractWithCustomerExcludingAssessedTax,2026-09-12T20:03:28-04:00
BNC,1482541,Q,2023-06-30,1063714,78693,-704628,-693575,-1.03,,,15888446,14022392,673031,RevenueFromContractWithCustomerExcludingAssessedTax,2026-09-12T20:03:28-04:00
BNC,1482541,Q,2023-09-30,913571,-104063,-807062,-799019,-1.19,,,14699682,13238539,673031,RevenueFromContractWithCustomerExcludingAssessedTax,2026-09-12T20:03:28-04:00
BNC,1482541,Q,2024-03-31,234506,-154375,-923809,-916603,-1.34,-909415,,12681172,11421574,684328,RevenueFromContractWithCustomerExcludingAssessedTax,2026-09-12T20:03:28-04:00
BNC,1482541,Q,2024-06-30,1760700,179800,-477205,-470299,-0.66,,,12552456,10943784,711530,RevenueFromContractWithCustomerExcludingAssessedTax,2026-09-12T20:03:28-04:00
BNC,1482541,Q,2024-07-31,6958270,,,,,,,,,,RevenueFromContractWithCustomerExcludingAssessedTax,2026-09-12T20:03:28-04:00
BNC,1482541,Q,2024-09-30,390817,-70153,-746672,-740403,-0.94,,,11336310,10203381,791580,RevenueFromContractWithCustomerExcludingAssessedTax,2026-09-12T20:03:28-04:00
BNC,1482541,Q,2024-10-31,7436751,,,,,,,,,,RevenueFromContractWithCustomerExcludingAssessedTax,2026-09-12T20:03:28-04:00
BNC,1482541,Q,2025-01-31,6908817,,,,,,,8342878,,,RevenueFromContractWithCustomerExcludingAssessedTax,2026-09-12T20:03:28-04:00
BNC,1482541,Q,2025-03-31,713460,39287,-1073837,-1068578,-1.33,-745473,,9436100,8207270,802229,RevenueFromContractWithCustomerExcludingAssessedTax,2026-09-12T20:03:28-04:00
BNC,1482541,Q,2025-10-31,7143485,2093257,89805348,283642773,5.15,,,616464721,484889525,55116433,RevenueFromContractWithCustomerExcludingAssessedTax,2026-09-12T20:03:28-04:00
BNC,1482541,Q,2026-01-31,7334626,1763297,-164310034,-106572140,-1.92,,,436773575,364884038,55556553,RevenueFromContractWithCustomerExcludingAssessedTax,2026-09-12T20:03:28-04:00
BNC,1482541,Q,2026-07-31,7165000,1964000,-21231000,-11400000,-0.22,-6475000,123000,327152000,289429000,52914444,RevenueFromContractWithCustomerExcludingAssessedTax,2026-09-12T20:03:28-04:00
JVA,1007019,FY,2014-10-31,,15528979,8001527,4967535,,30066,504644,38952632,25721871,,,2026-09-12T20:03:28-04:00
JVA,1007019,FY,2015-10-31,,5716710,-1937319,-1413228,,-2285840,391796,35274642,24081793,,,2026-09-12T20:03:28-04:00
JVA,1007019,FY,2016-10-31,,11882178,3863068,2212288,,1607788,963435,37023893,24539203,,,2026-09-12T20:03:28-04:00
JVA,1007019,FY,2017-10-31,77127595,12149963,1222717,467262,,1476633,679921,40000410,24951549,,Revenues,2026-09-12T20:03:28-04:00
JVA,1007019,FY,2018-10-31,90655294,15614492,2401163,1059276,,8693403,383516,38834077,24881776,,RevenueFromContractWithCustomerExcludingAssessedTax,2026-09-12T20:03:28-04:00
JVA,1007019,FY,2019-10-31,76607535,15759332,540529,-94598,,-2148616,743410,39686724,25264077,,RevenueFromContractWithCustomerExcludingAssessedTax,2026-09-12T20:03:28-04:00
JVA,1007019,FY,2020-10-31,66031953,13078889,-825318,-94301,,4385757,435930,38355300,26518666,,RevenueFromContractWithCustomerExcludingAssessedTax,2026-09-12T20:03:28-04:00
JVA,1007019,FY,2021-10-31,63922402,16021276,1445155,1255354,,4709519,1500483,43312927,28533093,,RevenueFromContractWithCustomerExcludingAssessedTax,2026-09-12T20:03:28-04:00
JVA,1007019,FY,2022-10-31,65706879,11013946,-5338900,-3744785,-0.66,-5437508,1059205,42692525,24795129,5708599,RevenueFromContractWithCustomerExcludingAssessedTax,2026-09-12T20:03:28-04:00
JVA,1007019,FY,2023-10-31,68173404,10959022,-1331695,-835576,-0.15,652083,857760,42191901,23959553,5708599,RevenueFromContractWithCustomerExcludingAssessedTax,2026-09-12T20:03:28-04:00
JVA,1007019,FY,2024-10-31,78562298,16041769,2963558,2218014,0.39,5431211,306931,34010688,26177567,5708599,RevenueFromContractWithCustomerExcludingAssessedTax,2026-09-12T20:03:28-04:00
JVA,1007019,FY,2025-10-31,96283547,15414666,2152360,1403439,0.25,-5018989,191592,42048372,27581006,5708599,RevenueFromContractWithCustomerExcludingAssessedTax,2026-09-12T20:03:28-04:00
JVA,1007019,Q,2020-04-30,17345851,4506426,893549,498518,,,,40997699,25651687,,RevenueFromContractWithCustomerExcludingAssessedTax,2026-09-12T20:03:28-04:00
JVA,1007019,Q,2020-07-31,15511595,3826527,574292,391324,,,,38880093,26232780,,RevenueFromContractWithCustomerExcludingAssessedTax,2026-09-12T20:03:28-04:00
JVA,1007019,Q,2021-01-31,18133837,4479668,1166382,677312,,2765148,66151,36918384,27385746,,RevenueFromContractWithCustomerExcludingAssessedTax,2026-09-12T20:03:28-04:00
JVA,1007019,Q,2021-04-30,14468558,3769468,454144,357044,,,,36835119,27932559,,RevenueFromContractWithCustomerExcludingAssessedTax,2026-09-12T20:03:28-04:00
JVA,1007019,Q,2021-07-31,13634313,2925852,-313465,-127051,,,,39076623,27995276,,RevenueFromContractWithCustomerExcludingAssessedTax,2026-09-12T20:03:28-04:00
JVA,1007019,Q,2022-01-31,16704860,4271608,550730,280863,,-1233464,44729,43518905,28604724,5708599,RevenueFromContractWithCustomerExcludingAssessedTax,2026-09-12T20:03:28-04:00
JVA,1007019,Q,2022-04-30,16498169,1992754,-1373469,-368096,,,,40885288,28410869,5708599,RevenueFromContractWithCustomerExcludingAssessedTax,2026-09-12T20:03:28-04:00
JVA,1007019,Q,2022-07-31,17013286,3145576,239482,132381,0.02,,,43757309,28585062,5708599,RevenueFromContractWithCustomerExcludingAssessedTax,2026-09-12T20:03:28-04:00
JVA,1007019,Q,2023-01-31,18326114,2320300,-801025,-532103,-0.09,2803512,202018,40847597,24263026,5708599,RevenueFromContractWithCustomerExcludingAssessedTax,2026-09-12T20:03:28-04:00
JVA,1007019,Q,2023-04-30,15320703,2832181,-384454,-359840,-0.06,,,37327094,23903186,5708599,RevenueFromContractWithCustomerExcludingAssessedTax,2026-09-12T20:03:28-04:00
JVA,1007019,Q,2023-07-31,15764365,2448763,-403247,-111881,-0.02,,,39315010,23791305,5708599,RevenueFromContractWithCustomerExcludingAssessedTax,2026-09-12T20:03:28-04:00
JVA,1007019,Q,2024-01-31,19540402,3480299,616911,351024,0.06,4594849,,37578501,24310577,5708599,RevenueFromContractWithCustomerExcludingAssessedTax,2026-09-12T20:03:28-04:00
JVA,1007019,Q,2024-04-30,18995913,3703980,-66650,-21841,,,,34922627,24288736,5708599,RevenueFromContractWithCustomerExcludingAssessedTax,2026-09-12T20:03:28-04:00
JVA,1007019,Q,2024-07-31,18813162,3926064,719863,626796,0.11,,,33052015,24915532,5708599,RevenueFromContractWithCustomerExcludingAssessedTax,2026-09-12T20:03:28-04:00
JVA,1007019,Q,2025-01-31,21305285,5731926,1591031,1153256,0.2,-401899,17906,38881683,27330823,5708599,RevenueFromContractWithCustomerExcludingAssessedTax,2026-09-12T20:03:28-04:00
JVA,1007019,Q,2025-04-30,23320061,3730172,888615,644055,0.11,,,39728984,27974878,5708599,RevenueFromContractWithCustomerExcludingAssessedTax,2026-09-12T20:03:28-04:00
JVA,1007019,Q,2025-07-31,23910514,2255028,-1095151,-1205413,-0.21,,,45879967,26769465,5708599,RevenueFromContractWithCustomerExcludingAssessedTax,2026-09-12T20:03:28-04:00
JVA,1007019,Q,2026-01-31,25565840,6124937,2376742,1648320,0.29,6608764,33311,41153601,28761513,5708599,RevenueFromContractWithCustomerExcludingAssessedTax,2026-09-12T20:03:28-04:00
JVA,1007019,Q,2026-04-30,22126156,3487068,342496,262489,0.05,,,39094318,29024002,5708599,RevenueFromContractWithCustomerExcludingAssessedTax,2026-09-12T20:03:28-04:00
JVA,1007019,Q,2026-07-31,21686262,5424131,2324330,1993438,0.35,,,40184639,31017440,5708599,RevenueFromContractWithCustomerExcludingAssessedTax,2026-09-12T20:03:28-04:00
FREVS,36840,FY,2014-10-31,,,15196000,11657000,,12394000,,301555000,15727000,6908,,2026-09-12T20:03:28-04:00
FREVS,36840,FY,2015-10-31,,,13763000,2631000,,12042000,,352115000,7544000,6778000,,2026-09-12T20:03:28-04:00
FREVS,36840,FY,2016-10-31,46254000,,14571000,3005000,,8060000,,367971000,2834000,6784000,Revenues,2026-09-12T20:03:28-04:00
FREVS,36840,FY,2017-10-31,51634000,,11983000,13116000,,3479000,,372957000,17838000,6833000,Revenues,2026-09-12T20:03:28-04:00
FREVS,36840,FY,2018-10-31,57997000,,19294000,1483000,,13170000,,392073000,21488000,6883000,Revenues,2026-09-12T20:03:28-04:00
FREVS,36840,FY,2019-10-31,60277000,,18827000,1787000,,14677000,,390618000,15715000,6940000,Revenues,2026-09-12T20:03:28-04:00
FREVS,36840,FY,2020-10-31,52727000,,3760000,20553000,2.94,3887000,,355215000,34902000,6994,Revenues,2026-09-12T20:03:28-04:00
FREVS,36840,FY,2021-10-31,50291000,,13502000,927000,0.13,12219000,,346105000,36573000,7022,Revenues,2026-09-12T20:03:28-04:00
FREVS,36840,FY,2022-10-31,31271000,,15972000,45992000,6.45,7315000,,178649000,25909000,7132,Revenues,2026-09-12T20:03:28-04:00
FREVS,36840,FY,2023-10-31,28344000,,14690000,760000,0.1,2681000,,159115000,24516000,7447,Revenues,2026-09-12T20:03:28-04:00
FREVS,36840,FY,2024-10-31,28678000,,15051000,15852000,2.13,20163000,,162264000,33363000,7459,Revenues,2026-09-12T20:03:28-04:00
FREVS,36840,FY,2025-10-31,29317000,,15167000,3509000,0.47,6248000,,149874000,34039000,7469,Revenues,2026-09-12T20:03:28-04:00
FREVS,36840,Q,2021-10-31,12191000,,,151000,,,,346105000,36573000,,Revenues,2026-09-12T20:03:28-04:00
FREVS,36840,Q,2022-01-31,10649000,,5333000,45777000,6.45,2895000,,227466000,82641000,7099,Revenues,2026-09-12T20:03:28-04:00
FREVS,36840,Q,2022-04-30,6615000,,3386000,-352000,-0.05,,,225166000,83487000,7038,Revenues,2026-09-12T20:03:28-04:00
FREVS,36840,Q,2022-07-31,6959000,,3595000,1121000,0.16,,,226803000,83969000,7114,Revenues,2026-09-12T20:03:28-04:00
FREVS,36840,Q,2022-10-31,7048000,,,-554000,-0.08,,,178649000,25909000,,Revenues,2026-09-12T20:03:28-04:00
FREVS,36840,Q,2023-01-31,6979000,,3620000,419000,0.06,-862000,,164529000,26594000,7433,Revenues,2026-09-12T20:03:28-04:00
FREVS,36840,Q,2023-04-30,6916000,,3526000,97000,0.01,,,162700000,26364000,7446,Revenues,2026-09-12T20:03:28-04:00
FREVS,36840,Q,2023-07-31,7296000,,3828000,-412000,-0.06,,,160848000,24137000,7449,Revenues,2026-09-12T20:03:28-04:00
FREVS,36840,Q,2023-10-31,7153000,,,656000,0.09,,,159115000,24516000,,Revenues,2026-09-12T20:03:28-04:00
FREVS,36840,Q,2024-01-31,6999000,,3519000,-512000,-0.07,934000,,149701000,23096000,7450,Revenues,2026-09-12T20:03:28-04:00
FREVS,36840,Q,2024-04-30,7275000,,3765000,533000,0.07,,,148535000,23641000,7457,Revenues,2026-09-12T20:03:28-04:00
FREVS,36840,Q,2024-07-31,7147000,,3857000,14791000,1.98,,,165037000,37626000,7462,Revenues,2026-09-12T20:03:28-04:00
FREVS,36840,Q,2024-10-31,7257000,,,1040000,0.15,,,162264000,33363000,,Revenues,2026-09-12T20:03:28-04:00
FREVS,36840,Q,2025-01-31,7269000,,3561000,614000,0.08,1519000,,156883000,33351000,7463,Revenues,2026-09-12T20:03:28-04:00
FREVS,36840,Q,2025-04-30,7258000,,3821000,894000,0.12,,,156213000,33541000,7469,Revenues,2026-09-12T20:03:28-04:00
FREVS,36840,Q,2025-07-31,7244000,,3669000,879000,0.12,,,150231000,33740000,7471,Revenues,2026-09-12T20:03:28-04:00
FREVS,36840,Q,2025-10-31,7546000,,,1122000,0.15,,,149874000,34039000,,Revenues,2026-09-12T20:03:28-04:00
FREVS,36840,Q,2026-01-31,7504000,,3823000,943000,0.13,1346000,,148997000,34205000,7471,Revenues,2026-09-12T20:03:28-04:00
FREVS,36840,Q,2026-04-30,7634000,,3814000,616000,0.08,,,148648000,34240000,7477,Revenues,2026-09-12T20:03:28-04:00
FREVS,36840,Q,2026-07-31,7537000,,3887000,20161000,2.69,,,165496000,53666000,7482,Revenues,2026-09-12T20:03:28-04:00
HOFT,1077688,FY,2018-01-28,,134817000,45454000,28250000,2.42,27746000,3166000,350058000,229460000,11663000,,2026-09-12T20:03:28-04:00
HOFT,1077688,FY,2019-02-03,,146987000,52675000,39873000,3.38,9662000,5214000,369716000,263176000,11783000,,2026-09-12T20:03:28-04:00
HOFT,1077688,FY,2020-02-02,,113958000,22707000,17083000,1.44,41429000,5129000,393708000,274121000,11838000,,2026-09-12T20:03:28-04:00
HOFT,1077688,FY,2021-01-31,,112748000,-14364000,-10426000,-0.88,68263000,1210000,352273000,257503000,11822000,,2026-09-12T20:03:28-04:00
HOFT,1077688,FY,2022-01-30,,101702000,14843000,11718000,0.97,19209000,6692000,374559000,261128000,11970000,,2026-09-12T20:03:28-04:00
HOFT,1077688,FY,2023-01-29,,93294000,-6046000,-4312000,-0.37,-21718000,4199000,381716000,236021000,11593000,,2026-09-12T20:03:28-04:00
HOFT,1077688,FY,2023-04-30,,,,1450000,0.13,,,364068000,231031000,11077000,,2026-09-12T20:03:28-04:00
HOFT,1077688,FY,2024-01-28,,93964000,16417000,9865000,0.91,55471000,5238000,343586000,225975000,10838000,,2026-09-12T20:03:28-04:00
HOFT,1077688,FY,2024-04-28,,19221000,-5170000,-4091000,-0.39,,,335530000,219592000,10496000,,2026-09-12T20:03:28-04:00
HOFT,1077688,FY,2025-02-02,,78136000,-9505000,-12507000,-1.19,-23016000,3074000,313942000,204383000,10525000,,2026-09-12T20:03:28-04:00
HOFT,1077688,FY,2025-05-04,,19002000,-3564000,,,,,299685000,199157000,,,2026-09-12T20:03:28-04:00
HOFT,1077688,FY,2026-02-01,,73495000,-16464000,-26967000,-2.54,18302000,3163000,225891000,169242000,10606000,,2026-09-12T20:03:28-04:00
HOFT,1077688,Q,2020-08-02,,27000000,7512000,5774000,0.48,,103000,357678000,242454000,11853000,,2026-09-12T20:03:28-04:00
HOFT,1077688,Q,2020-11-01,,33483000,13037000,10093000,0.84,,169000,369257000,251136000,11939000,,2026-09-12T20:03:28-04:00
HOFT,1077688,Q,2021-01-31,,33611000,,8526000,0.71,,,352273000,257503000,,,2026-09-12T20:03:28-04:00
HOFT,1077688,Q,2021-05-02,,33582000,12243000,9443000,0.78,238000,2188000,367315000,264563000,11972000,,2026-09-12T20:03:28-04:00
HOFT,1077688,Q,2021-08-01,,31717000,9661000,7467000,0.62,,1277000,368008000,270431000,11993000,,2026-09-12T20:03:28-04:00
HOFT,1077688,Q,2021-10-31,,20007000,-1728000,-1219000,-0.1,,3161000,367385000,267353000,11863000,,2026-09-12T20:03:28-04:00
HOFT,1077688,Q,2022-05-01,,29459000,3923000,3182000,0.26,-30018000,830000,387071000,262262000,11949000,,2026-09-12T20:03:28-04:00
HOFT,1077688,Q,2022-07-31,,31055000,7291000,5543000,0.46,,1117000,412631000,264828000,11935000,,2026-09-12T20:03:28-04:00
HOFT,1077688,Q,2022-10-30,,32008000,6418000,4841000,0.42,,1522000,400251000,259589000,11525000,,2026-09-12T20:03:28-04:00
HOFT,1077688,Q,2023-04-30,,27906000,1975000,1450000,0.13,22350000,3158000,364068000,231031000,11077000,,2026-09-12T20:03:28-04:00
HOFT,1077688,Q,2023-07-30,,23341000,1273000,785000,0.07,,807000,350115000,225668000,10828000,,2026-09-12T20:03:28-04:00
HOFT,1077688,Q,2023-10-29,,33710000,8770000,7038000,0.65,,1753000,354498000,227788000,10676000,,2026-09-12T20:03:28-04:00
HOFT,1077688,Q,2024-04-28,,19221000,-5170000,-4091000,-0.39,1477000,843000,335530000,219592000,10496000,,2026-09-12T20:03:28-04:00
HOFT,1077688,Q,2024-07-28,,20922000,-3149000,-1951000,-0.19,,,332428000,215339000,10521000,,2026-09-12T20:03:28-04:00
HOFT,1077688,Q,2024-10-27,,20464000,-5104000,-4131000,-0.39,,,326864000,208771000,10541000,,2026-09-12T20:03:28-04:00
HOFT,1077688,Q,2025-05-04,,17935000,-498000,-3052000,-0.29,14663000,727000,299685000,199157000,10563000,,2026-09-12T20:03:28-04:00
HOFT,1077688,Q,2025-08-03,,17242000,-510000,-3277000,-0.31,,,278043000,193120000,10612000,,2026-09-12T20:03:28-04:00
HOFT,1077688,Q,2025-11-02,,18088000,-16315000,-21174000,-1.99,,,240237000,169756000,10624000,,2026-09-12T20:03:28-04:00
HOFT,1077688,Q,2026-05-03,,20592000,1578000,1061000,0.1,14409000,403000,223217000,169094000,10778000,,2026-09-12T20:03:28-04:00
HOFT,1077688,Q,2026-08-02,-522000,20099000,1283000,1670000,0.15,,,224442000,168587000,10760000,Revenues,2026-09-12T20:03:28-04:00
KR,56873,FY,2015-01-31,,,3137000000,1728000000,1.72,4215000000,,30497000000,5412000000,993000000,,2026-09-12T20:03:28-04:00
KR,56873,FY,2016-01-30,,,3576000000,2039000000,2.06,4917000000,,33897000000,6820000000,980000000,,2026-09-12T20:03:28-04:00
KR,56873,FY,2017-01-28,115337000000,,3452000000,1975000000,2.05,4272000000,,36505000000,6698000000,958000000,RevenueFromContractWithCustomerExcludingAssessedTax,2026-09-12T20:03:28-04:00
KR,56873,FY,2018-02-03,123280000000,,2612000000,1907000000,2.09,3413000000,,37197000000,6931000000,904000000,RevenueFromContractWithCustomerExcludingAssessedTax,2026-09-12T20:03:28-04:00
KR,56873,FY,2019-02-02,121852000000,,2614000000,3110000000,3.76,4164000000,,38118000000,7886000000,818000000,RevenueFromContractWithCustomerExcludingAssessedTax,2026-09-12T20:03:28-04:00
KR,56873,FY,2020-02-01,122286000000,,2251000000,1659000000,2.04,4664000000,,45256000000,8602000000,805000000,RevenueFromContractWithCustomerExcludingAssessedTax,2026-09-12T20:03:28-04:00
KR,56873,FY,2021-01-30,132498000000,,2780000000,2585000000,3.27,6815000000,,48662000000,9576000000,781000000,RevenueFromContractWithCustomerExcludingAssessedTax,2026-09-12T20:03:28-04:00
KR,56873,FY,2022-01-29,137888000000,,3477000000,1665000000,2.17,6190000000,,49086000000,9452000000,754000000,RevenueFromContractWithCustomerExcludingAssessedTax,2026-09-12T20:03:28-04:00
KR,56873,FY,2023-01-28,148258000000,,4126000000,2244000000,3.06,4498000000,,49623000000,10042000000,727000000,RevenueFromContractWithCustomerExcludingAssessedTax,2026-09-12T20:03:28-04:00
KR,56873,FY,2024-02-03,150039000000,,3096000000,2164000000,2.96,6788000000,,50505000000,11615000000,725000000,RevenueFromContractWithCustomerExcludingAssessedTax,2026-09-12T20:03:28-04:00
KR,56873,FY,2025-02-01,147123000000,,3849000000,2665000000,3.67,5794000000,,52616000000,8285000000,720000000,RevenueFromContractWithCustomerExcludingAssessedTax,2026-09-12T20:03:28-04:00
KR,56873,FY,2026-01-31,147642000000,,1890000000,1016000000,1.54,7311000000,,49953000000,5927000000,655000000,RevenueFromContractWithCustomerExcludingAssessedTax,2026-09-12T20:03:28-04:00
KR,56873,Q,2018-02-03,31031000000,,550000000,854000000,0.96,,,37197000000,6931000000,884000000,RevenueFromContractWithCustomerExcludingAssessedTax,2026-09-12T20:03:28-04:00
KR,56873,Q,2018-08-18,28014000000,,549000000,508000000,0.62,,,36957000000,7374000000,805000000,RevenueFromContractWithCustomerExcludingAssessedTax,2026-09-12T20:03:28-04:00
KR,56873,Q,2018-11-10,27831000000,,647000000,317000000,0.39,,,38141000000,7652000000,807000000,RevenueFromContractWithCustomerExcludingAssessedTax,2026-09-12T20:03:28-04:00
KR,56873,Q,2019-02-02,28286000000,,391000000,259000000,0.32,,,38118000000,7886000000,806000000,RevenueFromContractWithCustomerExcludingAssessedTax,2026-09-12T20:03:28-04:00
KR,56873,Q,2019-08-17,28168000000,,559000000,297000000,0.37,,,44462000000,8711000000,805000000,RevenueFromContractWithCustomerExcludingAssessedTax,2026-09-12T20:03:28-04:00
KR,56873,Q,2019-11-09,27974000000,,254000000,263000000,0.32,,,45393000000,8915000000,807000000,RevenueFromContractWithCustomerExcludingAssessedTax,2026-09-12T20:03:28-04:00
KR,56873,Q,2020-02-01,28893000000,,537000000,327000000,0.4,,,45256000000,8602000000,804000000,RevenueFromContractWithCustomerExcludingAssessedTax,2026-09-12T20:03:28-04:00
KR,56873,Q,2020-08-15,30489000000,,820000000,819000000,1.03,,,47543000000,9820000000,786000000,RevenueFromContractWithCustomerExcludingAssessedTax,2026-09-12T20:03:28-04:00
KR,56873,Q,2020-11-07,29723000000,,792000000,631000000,0.8,,,48465000000,10070000000,780000000,RevenueFromContractWithCustomerExcludingAssessedTax,2026-09-12T20:03:28-04:00
KR,56873,Q,2021-01-30,30737000000,,-158000000,-77000000,-0.1,,,48662000000,9576000000,761000000,RevenueFromContractWithCustomerExcludingAssessedTax,2026-09-12T20:03:28-04:00
KR,56873,Q,2021-08-14,31682000000,,839000000,467000000,0.61,,,48461000000,9278000000,755000000,RevenueFromContractWithCustomerExcludingAssessedTax,2026-09-12T20:03:28-04:00
KR,56873,Q,2021-11-06,31860000000,,868000000,483000000,0.64,,,49829000000,9519000000,752000000,RevenueFromContractWithCustomerExcludingAssessedTax,2026-09-12T20:03:28-04:00
KR,56873,Q,2022-08-13,34638000000,,954000000,731000000,1,,,48741000000,9657000000,725000000,RevenueFromContractWithCustomerExcludingAssessedTax,2026-09-12T20:03:28-04:00
KR,56873,Q,2022-11-05,34198000000,,841000000,398000000,0.55,,,49987000000,9955000000,724000000,RevenueFromContractWithCustomerExcludingAssessedTax,2026-09-12T20:03:28-04:00
KR,56873,Q,2023-08-12,33853000000,,-479000000,-180000000,-0.25,,,50202000000,10626000000,719000000,RevenueFromContractWithCustomerExcludingAssessedTax,2026-09-12T20:03:28-04:00
KR,56873,Q,2023-11-04,33957000000,,912000000,646000000,0.88,,,51021000000,11209000000,725000000,RevenueFromContractWithCustomerExcludingAssessedTax,2026-09-12T20:03:28-04:00
KR,56873,Q,2024-08-17,33912000000,,815000000,466000000,0.64,,,51443000000,12518000000,727000000,RevenueFromContractWithCustomerExcludingAssessedTax,2026-09-12T20:03:28-04:00
KR,56873,Q,2024-11-09,33634000000,,828000000,618000000,0.84,,,62418000000,12900000000,728000000,RevenueFromContractWithCustomerExcludingAssessedTax,2026-09-12T20:03:28-04:00
KR,56873,Q,2025-08-16,33940000000,,863000000,609000000,0.91,,,53590000000,9282000000,665000000,RevenueFromContractWithCustomerExcludingAssessedTax,2026-09-12T20:03:28-04:00
KR,56873,Q,2025-11-08,33859000000,,-1541000000,-1320000000,-2.02,,,51440000000,7042000000,655000000,RevenueFromContractWithCustomerExcludingAssessedTax,2026-09-12T20:03:28-04:00
CYCN,1755237,FY,2018-12-31,,,-115252000,-115252000,,-97503000,3438000,7401000,-10445000,,,2026-09-12T20:03:28-04:00
CYCN,1755237,FY,2019-12-31,4507000,,-125037000,-123008000,,-102215000,6888000,186478000,97729000,,RevenueFromContractWithCustomerExcludingAssessedTax,2026-09-12T20:03:28-04:00
CYCN,1755237,FY,2020-12-31,2296000,,-81265000,-77802000,,-72490000,1524000,115378000,59493000,,RevenueFromContractWithCustomerExcludingAssessedTax,2026-09-12T20:03:28-04:00
CYCN,1755237,FY,2021-12-31,3942000,,-55195000,-51647000,-1.32,-36517000,7000,59331000,48246000,39144000,Revenues,2026-09-12T20:03:28-04:00
CYCN,1755237,FY,2022-12-31,297000,,-18540000,-44078000,-20.28,-40611000,0,18079000,10452000,2173000,Revenues,2026-09-12T20:03:28-04:00
CYCN,1755237,FY,2023-12-31,0,,-12951000,-5263000,-2.25,-21245000,,13374000,11288000,2338000,Revenues,2026-09-12T20:03:28-04:00
CYCN,1755237,FY,2024-12-31,2000000,,-3628000,-3057000,-1.21,-4333000,,9575000,8850000,2518000,Revenues,2026-09-12T20:03:28-04:00
CYCN,1755237,FY,2025-12-31,2074000,,-4973000,-3528000,-1.11,-3314000,,9985000,9085000,3181000,Revenues,2026-09-12T20:03:28-04:00
CYCN,1755237,Q,2020-03-31,1014000,,-20589000,-20228000,,-29180000,1405000,140030000,81540000,,RevenueFromContractWithCustomerExcludingAssessedTax,2026-09-12T20:03:28-04:00
CYCN,1755237,Q,2020-06-30,749000,,-19672000,-19534000,,,,128038000,66101000,,RevenueFromContractWithCustomerExcludingAssessedTax,2026-09-12T20:03:28-04:00
CYCN,1755237,Q,2020-09-30,400000,,-21780000,-18812000,,,,131402000,75354000,,RevenueFromContractWithCustomerExcludingAssessedTax,2026-09-12T20:03:28-04:00
CYCN,1755237,Q,2021-03-31,62000,,-13395000,-6954000,,-14455000,,99967000,48433000,,Revenues,2026-09-12T20:03:28-04:00
CYCN,1755237,Q,2021-06-30,3000000,,-16176000,-16182000,-0.45,,,75732000,65222000,35707000,Revenues,2026-09-12T20:03:28-04:00
CYCN,1755237,Q,2021-09-30,348000,,-11285000,-11290000,-0.26,,,67742000,56387000,43291000,Revenues,2026-09-12T20:03:28-04:00
CYCN,1755237,Q,2022-03-31,711000,,-12984000,-12978000,-0.3,-12835000,,46525000,37034000,43425,Revenues,2026-09-12T20:03:28-04:00
CYCN,1755237,Q,2022-06-30,306000,,-13433000,-13388000,-6.16,,,35213000,25361000,2173000,Revenues,2026-09-12T20:03:28-04:00
CYCN,1755237,Q,2022-09-30,0,,-4518000,-10496000,-4.83,,,25053000,16524000,2174000,Revenues,2026-09-12T20:03:28-04:00
CYCN,1755237,Q,2023-03-31,0,,-3275000,-6954000,-3.2,-6214000,,11456000,3925000,2176000,Revenues,2026-09-12T20:03:28-04:00
CYCN,1755237,Q,2023-06-30,0,,-1865000,-4181000,-1.83,,,10097000,5150000,2282000,Revenues,2026-09-12T20:03:28-04:00
CYCN,1755237,Q,2023-09-30,0,,-6015000,7566000,2.72,,,15214000,12873000,2786000,Revenues,2026-09-12T20:03:28-04:00
CYCN,1755237,Q,2024-03-31,0,,-1618000,-1542000,-0.62,-1871000,,11364000,9923000,2494000,Revenues,2026-09-12T20:03:28-04:00
CYCN,1755237,Q,2024-06-30,0,,-1384000,-1322000,-0.53,,,10065000,8783000,2510000,Revenues,2026-09-12T20:03:28-04:00
CYCN,1755237,Q,2024-09-30,194000,,-1128000,-723000,-0.29,,,8898000,8198000,2526000,Revenues,2026-09-12T20:03:28-04:00
CYCN,1755237,Q,2025-03-31,81000,,-1457000,-1429000,-0.56,-968000,0,9847000,8780000,2556000,Revenues,2026-09-12T20:03:28-04:00
CYCN,1755237,Q,2025-06-30,93000,,-1672000,-324000,-0.11,,,9370000,8570000,3071000,Revenues,2026-09-12T20:03:28-04:00
CYCN,1755237,Q,2025-09-30,875000,,-1006000,-976000,-0.3,,,10415000,9538000,3225000,Revenues,2026-09-12T20:03:28-04:00
CYCN,1755237,Q,2026-03-31,0,,-3209000,-3177000,-0.76,-1176000,66000,8505000,6791000,4205000,Revenues,2026-09-12T20:03:28-04:00
CYCN,1755237,Q,2026-06-30,,,-1771000,-1755000,-0.41,,,6930000,5087000,4251000,,2026-09-12T20:03:28-04:00
FIZZ,69891,FY,2015-05-02,645825000,219140000,,49311000,1.05,58020000,11630000,247750000,147782000,46559000,SalesRevenueNet,2026-09-12T20:03:28-04:00
FIZZ,69891,FY,2016-04-30,704785000,241437000,,61198000,1.31,80483000,12140000,305498000,206152000,46671000,Revenues,2026-09-12T20:03:28-04:00
FIZZ,69891,FY,2017-04-29,826918000,326077000,,107045000,2.29,114267000,14015000,353983000,245618000,46770000,Revenues,2026-09-12T20:03:28-04:00
FIZZ,69891,FY,2018-04-28,975734000,391135000,204188000,149774000,3.19,154721000,31974000,458832000,331440000,46921,Revenues,2026-09-12T20:03:28-04:00
FIZZ,69891,FY,2019-04-27,1014105000,384350000,179935000,140853000,1.5,139442000,38333000,452193000,331609000,93834,Revenues,2026-09-12T20:03:28-04:00
FIZZ,69891,FY,2020-05-02,1000394000,370140000,165746000,129972000,1.39,177692000,23890000,648646000,452337000,93656,Revenues,2026-09-12T20:03:28-04:00
FIZZ,69891,FY,2021-05-01,1072210000,421616000,227825000,174146000,1.86,193770000,25308000,557237000,355997000,93620000,Revenues,2026-09-12T20:03:28-04:00
FIZZ,69891,FY,2022-04-30,1138013000,417805000,207856000,158512000,1.69,133133000,29015000,467804000,239438000,93599000,Revenues,2026-09-12T20:03:28-04:00
FIZZ,69891,FY,2023-04-29,1172932000,396789000,186684000,142164000,1.52,161665000,21979000,574342000,372487000,93608000,Revenues,2026-09-12T20:03:28-04:00
FIZZ,69891,FY,2024-04-27,1191694000,428451000,218510000,176732000,1.89,197907000,30300000,770153000,559512000,93630000,Revenues,2026-09-12T20:03:28-04:00
FIZZ,69891,FY,2025-05-03,1201354000,443941000,235459000,186821000,1.99,206696000,36281000,672860000,443999000,93685000,Revenues,2026-09-12T20:03:28-04:00
FIZZ,69891,FY,2026-05-02,1180552000,437262000,230110000,183648000,1.96,181254000,25142000,851647000,635714000,93672000,Revenues,2026-09-12T20:03:28-04:00
FIZZ,69891,Q,2020-08-01,293367000,117218000,66671000,51164000,55,51529000,3668000,711661000,508940000,93508,Revenues,2026-09-12T20:03:28-04:00
FIZZ,69891,Q,2020-10-31,271809000,108049000,61590000,47164000,50,,,751043000,558076000,93754,Revenues,2026-09-12T20:03:28-04:00
FIZZ,69891,Q,2021-01-30,245931000,95664000,48163000,36687000,39,,,497476000,316016000,93610,Revenues,2026-09-12T20:03:28-04:00
FIZZ,69891,Q,2021-05-01,261103000,100685000,,39131000,42,,,557237000,355997000,,Revenues,2026-09-12T20:03:28-04:00
FIZZ,69891,Q,2021-07-31,311712000,124771000,70328000,53816000,0.58,56658000,4770000,612686000,408290000,93574,Revenues,2026-09-12T20:03:28-04:00
FIZZ,69891,Q,2021-10-30,283158000,101485000,51561000,39284000,42,,,635428000,446846000,93640,Revenues,2026-09-12T20:03:28-04:00
FIZZ,69891,Q,2022-01-29,258923000,93799000,40696000,31068000,0.33,,,428273000,206250000,93611000,Revenues,2026-09-12T20:03:28-04:00
FIZZ,69891,Q,2022-07-30,318117000,99401000,46478000,35454000,38,40617000,2609000,455545000,264106000,93599000,Revenues,2026-09-12T20:03:28-04:00
FIZZ,69891,Q,2022-10-29,299633000,99996000,46923000,36046000,0.39,,,500122000,295115000,93602000,Revenues,2026-09-12T20:03:28-04:00
FIZZ,69891,Q,2023-01-28,268483000,94922000,44434000,34361000,37,,,526394000,339504000,93611000,Revenues,2026-09-12T20:03:28-04:00
FIZZ,69891,Q,2023-07-29,324240000,114481000,63104000,49631000,0.53,70143000,5474000,640407000,422075000,93610000,Revenues,2026-09-12T20:03:28-04:00
FIZZ,69891,Q,2023-10-28,300074000,107858000,54299000,43788000,0.47,,,672886000,467170000,93604000,Revenues,2026-09-12T20:03:28-04:00
FIZZ,69891,Q,2024-01-27,270065000,97031000,48181000,39592000,0.42,,,719880000,510221000,93640000,Revenues,2026-09-12T20:03:28-04:00
FIZZ,69891,Q,2024-07-27,329473000,122432000,69515000,56780000,0.61,57499000,3704000,522572000,306596000,93667000,Revenues,2026-09-12T20:03:28-04:00
FIZZ,69891,Q,2024-10-26,291202000,109351000,57867000,45637000,0.49,,,557440000,360144000,93686000,Revenues,2026-09-12T20:03:28-04:00
FIZZ,69891,Q,2025-01-25,267050000,98950000,50577000,39643000,0.42,,,594020000,400236000,93691000,Revenues,2026-09-12T20:03:28-04:00
FIZZ,69891,Q,2025-08-02,330515000,125463000,70776000,55760000,0.6,59089000,3095000,737760000,504133000,93699000,Revenues,2026-09-12T20:03:28-04:00
FIZZ,69891,Q,2025-11-01,288331000,109185000,58046000,46364000,0.49,,,748974000,551259000,93684000,Revenues,2026-09-12T20:03:28-04:00
FIZZ,69891,Q,2026-01-31,264586000,99604000,51146000,41208000,0.44,,,792471000,591062000,93645000,Revenues,2026-09-12T20:03:28-04:00
FIZZ,69891,Q,2026-08-01,330662000,115790000,58480000,47004000,0.5,64850000,3071000,582268000,367703000,93660000,Revenues,2026-09-12T20:03:28-04:00
NOBH,72205,FY,2014-11-01,21152259,4371546,1311030,1257898,0.31,4035721,321451,38928105,36549960,4060654,SalesRevenueNet,2026-09-12T20:03:28-04:00
NOBH,72205,FY,2015-10-31,27836804,6135375,2941452,2915395,0.72,2765781,117976,42440857,39095752,4053362,SalesRevenueNet,2026-09-12T20:03:28-04:00
NOBH,72205,FY,2016-11-05,34053290,7936135,4153799,5965194,1.48,6748698,829002,50914751,44666507,4022083,SalesRevenueNet,2026-09-12T20:03:28-04:00
NOBH,72205,FY,2017-11-04,37543071,8661079,4355874,3309983,0.83,3765110,364698,54148215,47414297,4003768,Revenues,2026-09-12T20:03:28-04:00
NOBH,72205,FY,2018-11-03,41878186,10680027,5722826,4963632,1.27,8293767,606999,57014688,49066501,3914312,Revenues,2026-09-12T20:03:28-04:00
NOBH,72205,FY,2019-11-02,46347931,13653000,8300681,8810420,2.32,4659295,447413,58421059,49466315,3804673,Revenues,2026-09-12T20:03:28-04:00
NOBH,72205,FY,2020-10-31,41612307,12130487,7146169,5983698,1.64,6913419,318215,59825068,50941276,3639950,Revenues,2026-09-12T20:03:28-04:00
NOBH,72205,FY,2021-11-06,45062558,11432196,6146024,5398808,1.5,13350860,1891386,66184798,49314305,3607448,Revenues,2026-09-12T20:03:28-04:00
NOBH,72205,FY,2022-11-05,51522054,14903438,8425450,7232029,2.1,-7832339,1245610,62361118,47923533,3445498,Revenues,2026-09-12T20:03:28-04:00
NOBH,72205,FY,2023-11-04,63318392,21487885,13400351,10898864,3.27,10123017,506793,65701766,52716298,3337649,Revenues,2026-09-12T20:03:28-04:00
NOBH,72205,FY,2024-11-02,51933622,17424077,9581451,8611262,2.63,7047954,182132,66598926,56596523,3279479,Revenues,2026-09-12T20:03:28-04:00
NOBH,72205,FY,2025-11-01,52667970,16785200,10036522,8446383,2.58,4161604,179773,67145398,60714843,3272941,Revenues,2026-09-12T20:03:28-04:00
NOBH,72205,Q,2020-08-01,8800410,2438910,1331060,1160138,0.32,,,55245995,49066955,3632420,Revenues,2026-09-12T20:03:28-04:00
NOBH,72205,Q,2021-01-30,9071511,2497447,1224066,1065765,0.29,1434843,278070,63530417,52042687,3633493,Revenues,2026-09-12T20:03:28-04:00
NOBH,72205,Q,2021-01-31,,,,1065765,,,,,52042687,,,2026-09-12T20:03:28-04:00
NOBH,72205,Q,2021-04-30,,,,1724938,,,,,50141381,,,2026-09-12T20:03:28-04:00
NOBH,72205,Q,2021-05-01,14742900,3612685,2062172,1724938,0.47,,,64790237,50141381,3642501,Revenues,2026-09-12T20:03:28-04:00
NOBH,72205,Q,2021-07-31,11778120,2512744,1192288,1050746,0.29,,,63650365,47740536,3613187,Revenues,2026-09-12T20:03:28-04:00
NOBH,72205,Q,2022-02-05,10808270,2728228,1311685,1157034,0.33,925030,118783,66875761,50497495,3544584,Revenues,2026-09-12T20:03:28-04:00
NOBH,72205,Q,2022-05-07,10645046,3021918,1643312,1456826,0.42,,,60822944,43262600,3487516,Revenues,2026-09-12T20:03:28-04:00
NOBH,72205,Q,2022-08-06,13846698,3898060,2244860,1884759,0.56,,,61108478,45168741,3376771,Revenues,2026-09-12T20:03:28-04:00
NOBH,72205,Q,2023-02-04,17164753,5871596,3836119,3056967,0.91,3376579,226549,65986392,51015489,3371418,Revenues,2026-09-12T20:03:28-04:00
NOBH,72205,Q,2023-05-06,16779597,5953311,3738113,2858849,0.85,,,64381695,50468822,3373036,Revenues,2026-09-12T20:03:28-04:00
NOBH,72205,Q,2023-08-05,14654789,5114390,3126608,2666328,0.8,,,63057347,50373559,3328875,Revenues,2026-09-12T20:03:28-04:00
NOBH,72205,Q,2024-02-03,14767998,4734346,2702016,2338437,0.71,2799760,122444,64949266,55087955,3277565,Revenues,2026-09-12T20:03:28-04:00
NOBH,72205,Q,2024-05-04,11527978,4168394,2257014,2025959,0.62,,,62095272,52259630,3277920,Revenues,2026-09-12T20:03:28-04:00
NOBH,72205,Q,2024-08-03,13803340,4606600,2573627,2185312,0.67,,,64333573,54491460,3277856,Revenues,2026-09-12T20:03:28-04:00
NOBH,72205,Q,2025-02-01,12241742,3970785,2294135,1980422,0.6,2417866,117198,67327081,58617199,3277204,Revenues,2026-09-12T20:03:28-04:00
NOBH,72205,Q,2025-05-03,14757337,4631416,2742219,2292320,0.7,,,65542959,56863796,3276400,Revenues,2026-09-12T20:03:28-04:00
NOBH,72205,Q,2025-08-02,12021194,3848186,2177601,1825271,0.56,,,65647973,58724521,3274456,Revenues,2026-09-12T20:03:28-04:00
NOBH,72205,Q,2026-01-31,10502846,3197106,1827450,1628326,0.5,1829968,435,65946538,59433307,3256535,Revenues,2026-09-12T20:03:28-04:00
NOBH,72205,Q,2026-05-02,12410560,3630197,2097487,1759427,0.56,,,63619264,56517686,3158972,Revenues,2026-09-12T20:03:28-04:00
OCC,1000230,FY,2014-10-31,82977732,28472362,1332295,684227,,4384318,2820183,50038614,31006567,,SalesRevenueNet,2026-09-12T20:03:28-04:00
OCC,1000230,FY,2015-10-31,73568738,21795887,-2381798,-4255665,,1202348,3148964,45028818,26630607,,SalesRevenueNet,2026-09-12T20:03:28-04:00
OCC,1000230,FY,2016-10-31,64616001,19725136,-1216965,-1778822,,3155480,635153,40665788,24764989,,Revenues,2026-09-12T20:03:28-04:00
OCC,1000230,FY,2017-10-31,64092848,20797927,-1317012,-1738771,,-687071,508909,40139180,23689522,,Revenues,2026-09-12T20:03:28-04:00
OCC,1000230,FY,2018-10-31,87828590,27873200,1740374,1068753,,3206248,688856,43098460,26810837,,Revenues,2026-09-12T20:03:28-04:00
OCC,1000230,FY,2019-10-31,,18304747,-5161701,-5669321,,-283797,487554,40106934,21238900,,,2026-09-12T20:03:28-04:00
OCC,1000230,FY,2020-10-31,,14086378,-5533064,-6121224,,-3553137,120001,36557812,15259918,,,2026-09-12T20:03:28-04:00
OCC,1000230,FY,2021-10-31,,16274079,-1973323,6610516,,2116588,166227,37916530,22205953,,,2026-09-12T20:03:28-04:00
OCC,1000230,FY,2022-10-31,,20510853,472864,-347091,,-1587544,279810,40557806,22159718,,,2026-09-12T20:03:28-04:00
OCC,1000230,FY,2023-10-31,,22294076,993079,2066498,,-395676,520847,43878901,24721844,,,2026-09-12T20:03:28-04:00
OCC,1000230,FY,2024-10-31,,18204772,-3376287,-4210211,,-857024,369630,40358011,20841916,,,2026-09-12T20:03:28-04:00
OCC,1000230,FY,2025-10-31,,22598936,-450332,-1454854,,1414075,295537,40059781,16506955,,,2026-09-12T20:03:28-04:00
OCC,1000230,Q,2021-10-31,,5055227,,,,,,37916530,22205953,,,2026-09-12T20:03:28-04:00
OCC,1000230,Q,2022-01-31,,4045852,-753400,-935793,,-1864487,73286,39103000,21289963,,,2026-09-12T20:03:28-04:00
OCC,1000230,Q,2022-04-30,,5033446,-21011,-227991,,,,41779063,21175184,,,2026-09-12T20:03:28-04:00
OCC,1000230,Q,2022-07-31,,4808205,-166384,-371871,,,,39008400,20883981,,,2026-09-12T20:03:28-04:00
OCC,1000230,Q,2022-10-31,,6623350,1413659,,,,,40557806,22159718,,,2026-09-12T20:03:28-04:00
OCC,1000230,Q,2023-01-31,,6521209,1045936,809984,0.1,-630124,104675,42501350,23004024,,,2026-09-12T20:03:28-04:00
OCC,1000230,Q,2023-04-30,,6782706,1100106,2423087,,,,45975886,25566618,,,2026-09-12T20:03:28-04:00
OCC,1000230,Q,2023-07-31,,5116030,138425,100803,,,,45554064,25840921,,,2026-09-12T20:03:28-04:00
OCC,1000230,Q,2023-10-31,,3874131,-1291388,-1267376,,,,43878901,24721844,,,2026-09-12T20:03:28-04:00
OCC,1000230,Q,2024-01-31,,3713522,-1399685,-1425274,-0.18,-261130,80331,40493885,23348060,,,2026-09-12T20:03:28-04:00
OCC,1000230,Q,2024-04-30,,4038636,-1301137,-1601346,,,,39884904,21838355,,,2026-09-12T20:03:28-04:00
OCC,1000230,Q,2024-07-31,,3920224,-1337553,-1557053,,,,37598638,20354091,,,2026-09-12T20:03:28-04:00
OCC,1000230,Q,2024-10-31,,6532390,662088,373462,,,,40358011,20841916,,,2026-09-12T20:03:28-04:00
OCC,1000230,Q,2025-01-31,,4626794,-852352,-1107431,,2674692,71867,37817135,19741536,,,2026-09-12T20:03:28-04:00
OCC,1000230,Q,2025-04-30,,5334341,-429202,-697922,,,,39073224,19115548,,,2026-09-12T20:03:28-04:00
OCC,1000230,Q,2025-07-31,,6319311,562474,301886,,,,40167958,18229727,,,2026-09-12T20:03:28-04:00
OCC,1000230,Q,2025-10-31,,6318490,268748,48613,,,,40059781,16506955,,,2026-09-12T20:03:28-04:00
OCC,1000230,Q,2026-01-31,,5369764,-208295,-397529,,1167069,137953,38774660,18128825,,,2026-09-12T20:03:28-04:00
OCC,1000230,Q,2026-04-30,,7594448,1303866,1054817,,,,42411082,15224302,,,2026-09-12T20:03:28-04:00
OCC,1000230,Q,2026-07-31,,9094708,2111632,1858117,,,,44854547,14727493,,,2026-09-12T20:03:28-04:00
RENT,1468327,FY,2020-01-31,21500000,,-130000000,-153900000,-14.04,-37600000,,,-364300000,10964634,RevenueFromContractWithCustomerExcludingAssessedTax,2026-09-12T20:03:28-04:00
RENT,1468327,FY,2021-01-31,21600000,,-130500000,-171100000,-15.36,-42800000,,320700000,-526700000,11138851,RevenueFromContractWithCustomerExcludingAssessedTax,2026-09-12T20:03:28-04:00
RENT,1468327,FY,2022-01-31,17500000,,-125900000,-211800000,-170.3,-42300000,,447500000,71100000,1243703,RevenueFromContractWithCustomerExcludingAssessedTax,2026-09-12T20:03:28-04:00
RENT,1468327,FY,2023-01-31,27800000,,-103600000,-138700000,-43.17,-47700000,,336200000,-35300000,3212746,RevenueFromContractWithCustomerExcludingAssessedTax,2026-09-12T20:03:28-04:00
RENT,1468327,FY,2024-01-31,33300000,,-80000000,-113200000,-31.52,-15700000,,278500000,-122300000,3591538,RevenueFromContractWithCustomerExcludingAssessedTax,2026-09-12T20:03:28-04:00
RENT,1468327,FY,2025-01-31,40700000,,-47500000,-69900000,-17.62,12900000,,240000000,-182500000,3967937,RevenueFromContractWithCustomerExcludingAssessedTax,2026-09-12T20:03:28-04:00
RENT,1468327,FY,2026-01-31,43800000,,-57500000,22600000,1.88,3500000,,221000000,-36100000,11997493,RevenueFromContractWithCustomerExcludingAssessedTax,2026-09-12T20:03:28-04:00
RENT,1468327,Q,2020-10-31,5000000,,-32000000,-44300000,-3.98,,,,-489900000,11115005,RevenueFromContractWithCustomerExcludingAssessedTax,2026-09-12T20:03:28-04:00
RENT,1468327,Q,2021-04-30,3700000,,-28300000,-42300000,-3.75,-9000000,,,-565800000,11287251,RevenueFromContractWithCustomerExcludingAssessedTax,2026-09-12T20:03:28-04:00
RENT,1468327,Q,2021-07-31,3800000,,-23500000,-42400000,-3.75,,,,-605200000,11300395,RevenueFromContractWithCustomerExcludingAssessedTax,2026-09-12T20:03:28-04:00
RENT,1468327,Q,2021-10-31,4700000,,-44200000,-87800000,-6.72,,,478400000,104900000,13063034,RevenueFromContractWithCustomerExcludingAssessedTax,2026-09-12T20:03:28-04:00
RENT,1468327,Q,2022-04-30,5700000,,-33200000,-42500000,-0.67,-17400000,,416000000,34100000,63431165,RevenueFromContractWithCustomerExcludingAssessedTax,2026-09-12T20:03:28-04:00
RENT,1468327,Q,2022-07-31,6500000,,-25600000,-33900000,-0.53,,,381900000,7100000,64074681,RevenueFromContractWithCustomerExcludingAssessedTax,2026-09-12T20:03:28-04:00
RENT,1468327,Q,2022-10-31,8600000,,-27000000,-36100000,-0.56,,,367200000,-22400000,64521433,RevenueFromContractWithCustomerExcludingAssessedTax,2026-09-12T20:03:28-04:00
RENT,1468327,Q,2023-04-30,7400000,,-21300000,-30100000,-9.14,-3300000,,327400000,-56600000,3293295,RevenueFromContractWithCustomerExcludingAssessedTax,2026-09-12T20:03:28-04:00
RENT,1468327,Q,2023-07-31,7700000,,-17500000,-26800000,-7.93,,,304400000,-76000000,3380413,RevenueFromContractWithCustomerExcludingAssessedTax,2026-09-12T20:03:28-04:00
RENT,1468327,Q,2023-10-31,7800000,,-21900000,-31500000,-9.09,,,310300000,-102600000,3464848,RevenueFromContractWithCustomerExcludingAssessedTax,2026-09-12T20:03:28-04:00
RENT,1468327,Q,2024-04-30,8900000,,-16500000,-22000000,-6.03,4600000,,278400000,-141300000,3646202,RevenueFromContractWithCustomerExcludingAssessedTax,2026-09-12T20:03:28-04:00
RENT,1468327,Q,2024-07-31,10400000,,-9600000,-15600000,-4.17,,,257400000,-154500000,3736953,RevenueFromContractWithCustomerExcludingAssessedTax,2026-09-12T20:03:28-04:00
RENT,1468327,Q,2024-10-31,9600000,,-13700000,-18900000,-4.7,,,251600000,-171200000,4017222,RevenueFromContractWithCustomerExcludingAssessedTax,2026-09-12T20:03:28-04:00
RENT,1468327,Q,2025-04-30,7600000,,-19700000,-26100000,-6.26,8300000,,245300000,-207100000,4168053,RevenueFromContractWithCustomerExcludingAssessedTax,2026-09-12T20:03:28-04:00
RENT,1468327,Q,2025-07-31,11700000,,-20100000,-26400000,-6.23,,,219000000,-232100000,4237890,RevenueFromContractWithCustomerExcludingAssessedTax,2026-09-12T20:03:28-04:00
RENT,1468327,Q,2025-10-31,10600000,,-16200000,76500000,13.65,,,231000000,-35100000,5602571,RevenueFromContractWithCustomerExcludingAssessedTax,2026-09-12T20:03:28-04:00
RENT,1468327,Q,2026-04-30,12200000,,-19700000,-18900000,-0.57,-3800000,,212700000,-53300000,33423930,RevenueFromContractWithCustomerExcludingAssessedTax,2026-09-12T20:03:28-04:00
RENT,1468327,Q,2026-07-31,13900000,,-7800000,-12900000,-0.38,,,192400000,-65500000,33576091,RevenueFromContractWithCustomerExcludingAssessedTax,2026-09-12T20:03:28-04:00
FLWS,1084869,FY,2015-06-28,1121506000,487195000,37617000,,0.3,125733000,32572000,497073000,208449000,67602000,SalesRevenueNet,2026-09-12T20:03:28-04:00
FLWS,1084869,FY,2016-07-03,1173024000,517458000,43282000,,0.55,57673000,33938000,502941000,242586000,67083000,Revenues,2026-09-12T20:03:28-04:00
FLWS,1084869,FY,2017-07-02,1193625000,520281000,46359000,44041000,0.65,61010000,33653000,552470000,282239000,67735000,RevenueFromContractWithCustomerExcludingAssessedTax,2026-09-12T20:03:28-04:00
FLWS,1084869,FY,2018-07-01,1151921000,489025000,41048000,40791000,0.61,58341000,33306000,570889000,314904000,66938000,RevenueFromContractWithCustomerExcludingAssessedTax,2026-09-12T20:03:28-04:00
FLWS,1084869,FY,2019-06-30,1248623000,526121000,45108000,34766000,0.52,78100000,32560000,606440000,342711000,66457000,RevenueFromContractWithCustomerExcludingAssessedTax,2026-09-12T20:03:28-04:00
FLWS,1084869,FY,2020-06-28,1489637000,622196000,80364000,58998000,0.89,139417000,34703000,774435000,399774000,66408000,RevenueFromContractWithCustomerExcludingAssessedTax,2026-09-12T20:03:28-04:00
FLWS,1084869,FY,2021-06-27,2122245000,896429000,149087000,118652000,1.78,173290000,55219000,1076679000,509070000,66546000,RevenueFromContractWithCustomerExcludingAssessedTax,2026-09-12T20:03:28-04:00
FLWS,1084869,FY,2022-07-03,2207885000,821738000,42101000,29610000,0.45,5189000,66408000,1094891000,509409000,65617000,RevenueFromContractWithCustomerExcludingAssessedTax,2026-09-12T20:03:28-04:00
FLWS,1084869,FY,2023-07-02,2017853000,757526000,-35011000,-44702000,-0.69,115351000,44646000,1051430000,471843000,64688000,RevenueFromContractWithCustomerExcludingAssessedTax,2026-09-12T20:03:28-04:00
FLWS,1084869,FY,2024-06-30,1831421000,734753000,-2072000,-6105000,-0.09,94999000,38632000,1032648000,466342000,64586000,RevenueFromContractWithCustomerExcludingAssessedTax,2026-09-12T20:03:28-04:00
FLWS,1084869,FY,2025-06-29,1685658000,652272000,-204813000,-199993000,-3.13,-26363000,41463000,772617000,268282000,63807000,RevenueFromContractWithCustomerExcludingAssessedTax,2026-09-12T20:03:28-04:00
FLWS,1084869,FY,2026-06-28,1503511000,571335000,-127117000,-134765000,-2.11,18308000,31280000,636992000,143651000,63912000,RevenueFromContractWithCustomerExcludingAssessedTax,2026-09-12T20:03:28-04:00
FLWS,1084869,Q,2019-12-29,605642000,269172000,99571000,74152000,1.12,,,826220000,400908000,66401000,RevenueFromContractWithCustomerExcludingAssessedTax,2026-09-12T20:03:28-04:00
FLWS,1084869,Q,2020-03-29,278776000,107452000,-10888000,-9657000,-0.15,,,748629000,388011000,64348000,RevenueFromContractWithCustomerExcludingAssessedTax,2026-09-12T20:03:28-04:00
FLWS,1084869,Q,2020-09-27,283772000,115480000,-13461000,-9762000,,-90708000,6958000,934659000,391538000,,RevenueFromContractWithCustomerExcludingAssessedTax,2026-09-12T20:03:28-04:00
FLWS,1084869,Q,2020-12-27,877256000,398246000,147602000,113677000,1.71,,,1222260000,497608000,66543000,RevenueFromContractWithCustomerExcludingAssessedTax,2026-09-12T20:03:28-04:00
FLWS,1084869,Q,2021-03-28,474234000,184699000,-309000,1427000,0.02,,,1107320000,500115000,66474000,RevenueFromContractWithCustomerExcludingAssessedTax,2026-09-12T20:03:28-04:00
FLWS,1084869,Q,2021-09-26,309373000,125514000,-20324000,-13199000,,-150164000,11122000,1089886000,490374000,,RevenueFromContractWithCustomerExcludingAssessedTax,2026-09-12T20:03:28-04:00
FLWS,1084869,Q,2021-12-26,943044000,378450000,115729000,88468000,1.34,,,1321338000,564960000,65969000,RevenueFromContractWithCustomerExcludingAssessedTax,2026-09-12T20:03:28-04:00
FLWS,1084869,Q,2022-03-27,469576000,154091000,-26256000,-23409000,-0.36,,,1128650000,533791000,65028000,RevenueFromContractWithCustomerExcludingAssessedTax,2026-09-12T20:03:28-04:00
FLWS,1084869,Q,2022-10-02,303604000,101458000,-41360000,-33692000,,-146323000,11033000,1216220000,477272000,,RevenueFromContractWithCustomerExcludingAssessedTax,2026-09-12T20:03:28-04:00
FLWS,1084869,Q,2023-01-01,897877000,367766000,115125000,82530000,1.27,,,1216999000,560526000,64835000,RevenueFromContractWithCustomerExcludingAssessedTax,2026-09-12T20:03:28-04:00
FLWS,1084869,Q,2023-04-02,417566000,140440000,-84644000,-70993000,-1.1,,,998787000,491998000,64767000,RevenueFromContractWithCustomerExcludingAssessedTax,2026-09-12T20:03:28-04:00
FLWS,1084869,Q,2023-10-01,269050000,101928000,-37577000,-31242000,,-143884000,6974000,1051348000,442891000,,RevenueFromContractWithCustomerExcludingAssessedTax,2026-09-12T20:03:28-04:00
FLWS,1084869,Q,2023-12-31,822054000,355697000,91250000,62907000,0.97,,,1191710000,503360000,65177000,RevenueFromContractWithCustomerExcludingAssessedTax,2026-09-12T20:03:28-04:00
FLWS,1084869,Q,2024-03-31,379405000,138717000,-27929000,-16903000,-0.26,,,1039982000,485326000,64489000,RevenueFromContractWithCustomerExcludingAssessedTax,2026-09-12T20:03:28-04:00
FLWS,1084869,Q,2024-09-29,242090000,92319000,-46981000,-34190000,-0.53,-177241000,12075000,1034624000,433417000,64198000,RevenueFromContractWithCustomerExcludingAssessedTax,2026-09-12T20:03:28-04:00
FLWS,1084869,Q,2024-12-29,775492000,335593000,91077000,64348000,1,,,1137770000,495107000,64306000,RevenueFromContractWithCustomerExcludingAssessedTax,2026-09-12T20:03:28-04:00
FLWS,1084869,Q,2025-03-30,331454000,104999000,-193430000,-178244000,-2.8,,,806217000,317730000,63598000,RevenueFromContractWithCustomerExcludingAssessedTax,2026-09-12T20:03:28-04:00
FLWS,1084869,Q,2025-09-28,215200000,76762000,-50513000,-52957000,-0.83,-138974000,6652000,840501000,217508000,63630000,RevenueFromContractWithCustomerExcludingAssessedTax,2026-09-12T20:03:28-04:00
FLWS,1084869,Q,2025-12-28,702179000,295466000,74325000,70553000,1.1,,,893060000,289701000,63965000,RevenueFromContractWithCustomerExcludingAssessedTax,2026-09-12T20:03:28-04:00
FLWS,1084869,Q,2026-03-29,293014000,97297000,-94557000,-100064000,-1.56,,,679888000,192481000,64068000,RevenueFromContractWithCustomerExcludingAssessedTax,2026-09-12T20:03:28-04:00
ADBE,796343,FY,2014-11-28,4147065000,3524985000,412685000,268395000,0.53,1287482000,148332000,10785829000,6775905000,508480000,Revenues,2026-09-12T20:03:28-04:00
ADBE,796343,FY,2015-11-27,4795511000,4051194000,903095000,629551000,1.24,1469502000,184936000,11726472000,7001580000,507164000,Revenues,2026-09-12T20:03:28-04:00
ADBE,796343,FY,2016-12-02,5854430000,5034522000,1493602000,1168782000,2.32,2199728000,203805000,12697246000,7424835000,504299000,Revenues,2026-09-12T20:03:28-04:00
ADBE,796343,FY,2017-12-01,7301505000,6291014000,2168095000,1693954000,3.38,2912853000,178122000,14535556000,8459000000,501123000,Revenues,2026-09-12T20:03:28-04:00
ADBE,796343,FY,2018-11-30,9030000000,7835000000,2840000000,2591000000,5.2,4029000000,267000000,18768682000,9362000000,497800000,Revenues,2026-09-12T20:03:28-04:00
ADBE,796343,FY,2019-11-29,11171000000,9498000000,3268000000,2951000000,6,4422000000,395000000,20762000000,10530000000,491600000,Revenues,2026-09-12T20:03:28-04:00
ADBE,796343,FY,2020-11-27,12868000000,11146000000,4237000000,5260000000,10.83,5727000000,419000000,24284000000,13264000000,485500000,Revenues,2026-09-12T20:03:28-04:00
ADBE,796343,FY,2021-12-03,15785000000,13920000000,5802000000,4822000000,10.02,7230000000,348000000,27241000000,14797000000,481000000,Revenues,2026-09-12T20:03:28-04:00
ADBE,796343,FY,2022-12-02,17606000000,15441000000,6098000000,4756000000,10.1,7838000000,442000000,27165000000,14051000000,470900000,Revenues,2026-09-12T20:03:28-04:00
ADBE,796343,FY,2023-12-01,19409000000,17055000000,6650000000,5428000000,11.82,7302000000,360000000,29779000000,16518000000,459100000,Revenues,2026-09-12T20:03:28-04:00
ADBE,796343,FY,2024-11-29,21505000000,19147000000,6741000000,5560000000,12.36,8056000000,183000000,30230000000,14105000000,449700000,Revenues,2026-09-12T20:03:28-04:00
ADBE,796343,FY,2025-11-28,23769000000,21218000000,8706000000,7130000000,16.7,10031000000,179000000,29496000000,11623000000,427000000,Revenues,2026-09-12T20:03:28-04:00
ADBE,796343,Q,2020-05-29,3128000000,2713000000,1016000000,1100000000,2.27,,,21603000000,10881000000,484800000,Revenues,2026-09-12T20:03:28-04:00
ADBE,796343,Q,2020-08-28,3225000000,2798000000,1069000000,955000000,1.97,,,22414000000,11713000000,484900000,Revenues,2026-09-12T20:03:28-04:00
ADBE,796343,Q,2020-11-27,3424000000,2996000000,,2250000000,4.64,,,24284000000,13264000000,,Revenues,2026-09-12T20:03:28-04:00
ADBE,796343,Q,2021-03-05,3905000000,3458000000,1454000000,1261000000,2.61,1772000000,59000000,24985000000,13546000000,482900000,Revenues,2026-09-12T20:03:28-04:00
ADBE,796343,Q,2021-06-04,3835000000,3391000000,1406000000,1116000000,2.32,,,25582000000,13852000000,480800000,Revenues,2026-09-12T20:03:28-04:00
ADBE,796343,Q,2021-09-03,3935000000,3468000000,1441000000,1212000000,2.52,,,26144000000,14414000000,480700000,Revenues,2026-09-12T20:03:28-04:00
ADBE,796343,Q,2022-03-04,4262000000,3750000000,1580000000,1266000000,2.66,1769000000,100000000,25976000000,13775000000,475400000,Revenues,2026-09-12T20:03:28-04:00
ADBE,796343,Q,2022-06-03,4386000000,3847000000,1529000000,1178000000,2.49,,,26326000000,13985000000,473300000,Revenues,2026-09-12T20:03:28-04:00
ADBE,796343,Q,2022-09-02,4433000000,3887000000,1484000000,1136000000,2.42,,,26744000000,14373000000,469400000,Revenues,2026-09-12T20:03:28-04:00
ADBE,796343,Q,2023-03-03,4655000000,4087000000,1586000000,1247000000,2.71,1693000000,101000000,26667000000,14206000000,459500000,Revenues,2026-09-12T20:03:28-04:00
ADBE,796343,Q,2023-06-02,4816000000,4244000000,1624000000,1295000000,2.82,,,27838000000,14838000000,458700000,Revenues,2026-09-12T20:03:28-04:00
ADBE,796343,Q,2023-09-01,4890000000,4310000000,1697000000,1403000000,3.05,,,29090000000,15776000000,459500000,Revenues,2026-09-12T20:03:28-04:00
ADBE,796343,Q,2024-03-01,5182000000,4592000000,907000000,620000000,1.36,1174000000,37000000,28751000000,15460000000,456300000,Revenues,2026-09-12T20:03:28-04:00
ADBE,796343,Q,2024-05-31,5309000000,4711000000,1885000000,1573000000,3.49,,,30007000000,14843000000,451400000,Revenues,2026-09-12T20:03:28-04:00
ADBE,796343,Q,2024-08-30,5408000000,4854000000,1992000000,1684000000,3.76,,,29830000000,14545000000,447600000,Revenues,2026-09-12T20:03:28-04:00
ADBE,796343,Q,2025-02-28,5714000000,5092000000,2163000000,1811000000,4.14,2482000000,26000000,29955000000,13095000000,437600000,Revenues,2026-09-12T20:03:28-04:00
ADBE,796343,Q,2025-05-30,5873000000,5235000000,2109000000,1691000000,3.94,,,28107000000,11448000000,428900000,Revenues,2026-09-12T20:03:28-04:00
ADBE,796343,Q,2025-08-29,5988000000,5346000000,2173000000,1772000000,4.18,,,28754000000,11770000000,424100000,Revenues,2026-09-12T20:03:28-04:00
ADBE,796343,Q,2026-02-27,6398000000,5734000000,2418000000,1889000000,4.6,2958000000,37000000,29704000000,11433000000,410800000,Revenues,2026-09-12T20:03:28-04:00
ADBE,796343,Q,2026-05-29,6618000000,5903000000,2238000000,1712000000,4.25,,,29933000000,11518000000,402500000,Revenues,2026-09-12T20:03:28-04:00
AENT,1823584,FY,2021-12-31,,,-976831,3244206,,-340634,,117083857,109829000,,,2026-09-12T20:03:28-04:00
AENT,1823584,FY,2022-06-30,1417377000,,42098000,28619000,0.6,-83554000,50000,473039000,108928000,47500000,RevenueFromContractWithCustomerExcludingAssessedTax,2026-09-12T20:03:28-04:00
AENT,1823584,FY,2022-12-31,,,-2608046,2943538,,-1208635,,117829906,92496000,,,2026-09-12T20:03:28-04:00
AENT,1823584,FY,2023-06-30,1158722000,,-32746000,-35404000,-0.74,3388000,825000,389530000,79534000,48138393,RevenueFromContractWithCustomerExcludingAssessedTax,2026-09-12T20:03:28-04:00
AENT,1823584,FY,2024-06-30,1100483000,,14141000,4581000,0.09,55773000,183000,340812000,87629000,50837148,RevenueFromContractWithCustomerExcludingAssessedTax,2026-09-12T20:03:28-04:00
AENT,1823584,FY,2025-06-30,1063457000,,30136000,15078000,0.3,26809000,54000,361228000,103222000,51016546,RevenueFromContractWithCustomerExcludingAssessedTax,2026-09-12T20:03:28-04:00
AENT,1823584,FY,2026-06-30,1148986000,,27219000,13058000,0.26,-1700000,1074000,397600000,116616000,51051740,RevenueFromContractWithCustomerExcludingAssessedTax,2026-09-12T20:03:28-04:00
AENT,1823584,Q,2021-03-31,,,-168003,3853881,,-44168,,117529967,-3757513,,,2026-09-12T20:03:28-04:00
AENT,1823584,Q,2021-06-30,,,-247167,-1805971,,,,117392096,80302000,,,2026-09-12T20:03:28-04:00
AENT,1823584,Q,2021-09-30,,,-217525,5672000,,,,117240010,85975000,,,2026-09-12T20:03:28-04:00
AENT,1823584,Q,2021-12-31,,,,23854000,,,,117083857,109829000,,,2026-09-12T20:03:28-04:00
AENT,1823584,Q,2022-03-31,320412000,,5890000,3714000,0.08,-491475,,116546904,116061000,47500000,RevenueFromContractWithCustomerExcludingAssessedTax,2026-09-12T20:03:28-04:00
AENT,1823584,Q,2022-06-30,,,-677791,858549,,,,473039000,108928000,,,2026-09-12T20:03:28-04:00
AENT,1823584,Q,2022-09-30,238701000,,-7793000,-7509000,-0.16,-48176000,,116913836,101419000,47500000,RevenueFromContractWithCustomerExcludingAssessedTax,2026-09-12T20:03:28-04:00
AENT,1823584,Q,2022-12-31,445162000,,-17849000,-15515000,-0.33,,,117829906,92496000,47500000,RevenueFromContractWithCustomerExcludingAssessedTax,2026-09-12T20:03:28-04:00
AENT,1823584,Q,2023-03-31,227728000,,-7407000,-7750000,-0.16,,,388225000,83959000,48426206,RevenueFromContractWithCustomerExcludingAssessedTax,2026-09-12T20:03:28-04:00
AENT,1823584,Q,2023-09-30,226755000,,-1587000,-3462000,-0.07,-2739000,,388590000,78732000,50502170,RevenueFromContractWithCustomerExcludingAssessedTax,2026-09-12T20:03:28-04:00
AENT,1823584,Q,2023-12-31,425586000,,15990000,8914000,0.18,,,428015000,88502000,51394570,RevenueFromContractWithCustomerExcludingAssessedTax,2026-09-12T20:03:28-04:00
AENT,1823584,Q,2024-03-31,211209000,,-676000,-3377000,-0.07,,,324021000,85125000,50933020,RevenueFromContractWithCustomerExcludingAssessedTax,2026-09-12T20:03:28-04:00
AENT,1823584,Q,2024-09-30,228990000,,2120000,397000,0.01,-11637000,10000,395660000,88026000,50965970,RevenueFromContractWithCustomerExcludingAssessedTax,2026-09-12T20:03:28-04:00
AENT,1823584,Q,2024-12-31,393672000,,14797000,7071000,0.14,,,401723000,95551000,50965970,RevenueFromContractWithCustomerExcludingAssessedTax,2026-09-12T20:03:28-04:00
AENT,1823584,Q,2025-03-31,213045000,,3529000,1851000,0.04,,,349396000,97402000,50965970,RevenueFromContractWithCustomerExcludingAssessedTax,2026-09-12T20:03:28-04:00
AENT,1823584,Q,2025-09-30,253974000,,10547000,4880000,0.1,2720000,345000,382991000,108127000,50996141,RevenueFromContractWithCustomerExcludingAssessedTax,2026-09-12T20:03:28-04:00
AENT,1823584,Q,2025-12-31,368712000,,17279000,9388000,0.18,,,434061000,117584000,51010519,RevenueFromContractWithCustomerExcludingAssessedTax,2026-09-12T20:03:28-04:00
AENT,1823584,Q,2026-03-31,258201000,,3318000,2311000,0.05,,,387103000,119950000,51028493,RevenueFromContractWithCustomerExcludingAssessedTax,2026-09-12T20:03:28-04:00
CSBR,771856,FY,2015-04-30,,,-13238000,-13139820,-2.2,-9630000,119000,12047000,8059000,6424411,,2026-09-12T20:03:28-04:00
CSBR,771856,FY,2016-04-30,,,-10316000,-10445537,-1.2,-6408000,322000,5777000,238000,8695199,,2026-09-12T20:03:28-04:00
CSBR,771856,FY,2017-04-30,,,-6809000,-6884000,,-2840000,766000,8011000,400000,,,2026-09-12T20:03:28-04:00
CSBR,771856,FY,2018-04-30,20241000,,-1354000,-1476000,-0.13,-1226000,1229000,8078000,3000,10991105,RevenueFromContractWithCustomerExcludingAssessedTax,2026-09-12T20:03:28-04:00
CSBR,771856,FY,2019-04-30,27067000,,270000,128000,0.01,1862000,834000,11265000,2137000,14096117,RevenueFromContractWithCustomerExcludingAssessedTax,2026-09-12T20:03:28-04:00
CSBR,771856,FY,2020-04-30,32123000,,-1921000,-2093000,-0.18,2905000,2220000,20751000,5099000,11843463,RevenueFromContractWithCustomerExcludingAssessedTax,2026-09-12T20:03:28-04:00
CSBR,771856,FY,2021-04-30,41040000,,366000,362000,0.02,-1681000,3281000,27591000,7428000,14573561,RevenueFromContractWithCustomerExcludingAssessedTax,2026-09-12T20:03:28-04:00
CSBR,771856,FY,2022-04-30,49109000,,607000,548000,0.04,6497000,2384000,35378000,9096000,14159799,RevenueFromContractWithCustomerExcludingAssessedTax,2026-09-12T20:03:28-04:00
CSBR,771856,FY,2023-04-30,53870000,,-5256000,-5335000,-0.39,3972000,2872000,34311000,4636000,13541559,RevenueFromContractWithCustomerExcludingAssessedTax,2026-09-12T20:03:28-04:00
CSBR,771856,FY,2024-04-30,50155000,,-7356000,-7276,-0.54,-6137000,836000,26132000,-1903000,13547604,RevenueFromContractWithCustomerExcludingAssessedTax,2026-09-12T20:03:28-04:00
CSBR,771856,FY,2025-04-30,56944000,,4553000,4701,0.33,7386000,389000,32344000,3772000,14266781,RevenueFromContractWithCustomerExcludingAssessedTax,2026-09-12T20:03:28-04:00
CSBR,771856,FY,2026-04-30,59425000,,-1140000,-1175,-0.08,-4472000,564000,26989000,3939000,13832385,RevenueFromContractWithCustomerExcludingAssessedTax,2026-09-12T20:03:28-04:00
CSBR,771856,Q,2020-01-31,9012000,,433000,75000,0.03,,,15075000,5513000,13673672,RevenueFromContractWithCustomerExcludingAssessedTax,2026-09-12T20:03:28-04:00
CSBR,771856,Q,2020-07-31,9547000,,24000,75000,0.01,-715000,718000,22820000,5513000,14231641,RevenueFromContractWithCustomerExcludingAssessedTax,2026-09-12T20:03:28-04:00
CSBR,771856,Q,2020-10-31,10117000,,7000,1000,0,,,25760000,6893000,15062103,RevenueFromContractWithCustomerExcludingAssessedTax,2026-09-12T20:03:28-04:00
CSBR,771856,Q,2021-01-31,10812000,,982000,959000,0.07,,,25260000,8086000,14507155,RevenueFromContractWithCustomerExcludingAssessedTax,2026-09-12T20:03:28-04:00
CSBR,771856,Q,2021-07-31,11253000,,-175000,-172000,-0.01,216000,907000,28108000,7538000,13401929,RevenueFromContractWithCustomerExcludingAssessedTax,2026-09-12T20:03:28-04:00
CSBR,771856,Q,2021-10-31,11786000,,263000,277000,0.02,,,29296000,8071000,14549136,RevenueFromContractWithCustomerExcludingAssessedTax,2026-09-12T20:03:28-04:00
CSBR,771856,Q,2022-01-31,13193000,,830000,787000,0.05,,,33584000,9236000,14387009,RevenueFromContractWithCustomerExcludingAssessedTax,2026-09-12T20:03:28-04:00
CSBR,771856,Q,2022-07-31,13745000,,-284000,-319000,-0.02,-195000,754000,34390000,8983000,13522433,RevenueFromContractWithCustomerExcludingAssessedTax,2026-09-12T20:03:28-04:00
CSBR,771856,Q,2022-10-31,14281000,,7000,-16000,0,,,36364000,9172000,13528643,RevenueFromContractWithCustomerExcludingAssessedTax,2026-09-12T20:03:28-04:00
CSBR,771856,Q,2023-01-31,12773000,,-2458000,-2439000,-0.18,,,36151000,7064000,13558642,RevenueFromContractWithCustomerExcludingAssessedTax,2026-09-12T20:03:28-04:00
CSBR,771856,Q,2023-07-31,12561000,,-2552000,-2566000,-0.19,-3991000,668000,29906000,1903000,13506782,RevenueFromContractWithCustomerExcludingAssessedTax,2026-09-12T20:03:28-04:00
CSBR,771856,Q,2023-10-31,11573000,,-1955000,-2071000,-0.15,,,28294000,93000,13497061,RevenueFromContractWithCustomerExcludingAssessedTax,2026-09-12T20:03:28-04:00
CSBR,771856,Q,2024-01-31,12019000,,-2577000,-2530000,-0.19,,,26787000,-2058000,13593758,RevenueFromContractWithCustomerExcludingAssessedTax,2026-09-12T20:03:28-04:00
CSBR,771856,Q,2024-07-31,14061000,,1329000,1313000,0.09,311000,0,24933000,-332000,14042379,RevenueFromContractWithCustomerExcludingAssessedTax,2026-09-12T20:03:28-04:00
CSBR,771856,Q,2024-10-31,13489000,,732000,728000,0.05,,,25240000,681000,14016953,RevenueFromContractWithCustomerExcludingAssessedTax,2026-09-12T20:03:28-04:00
CSBR,771856,Q,2025-01-31,17039000,,4499000,4495000,0.31,,,30627000,5469000,14364904,RevenueFromContractWithCustomerExcludingAssessedTax,2026-09-12T20:03:28-04:00
CSBR,771856,Q,2025-07-31,13995000,,-527000,-466000,-0.03,600000,46000,30546000,3508000,13788414,RevenueFromContractWithCustomerExcludingAssessedTax,2026-09-12T20:03:28-04:00
CSBR,771856,Q,2025-10-31,15035000,,185000,268000,0.02,,,30162000,4170000,14457837,RevenueFromContractWithCustomerExcludingAssessedTax,2026-09-12T20:03:28-04:00
CSBR,771856,Q,2026-01-31,16559000,,-276000,-279000,-0.02,,,28447000,4283000,13886797,RevenueFromContractWithCustomerExcludingAssessedTax,2026-09-12T20:03:28-04:00
CSBR,771856,Q,2026-07-31,15232000,,-409000,-426000,,-492000,55000,33290000,3893000,,RevenueFromContractWithCustomerExcludingAssessedTax,2026-09-12T20:03:28-04:00
CPRT,900075,FY,2014-07-31,1163489000,,274934000,178687000,1.36,262594000,81510000,1506121000,1003499000,131230000,Revenues,2026-09-12T20:03:28-04:00
CPRT,900075,FY,2015-07-31,1146079000,,344401000,219783000,0.84,265076000,79153000,1798660000,964464000,262851000,Revenues,2026-09-12T20:03:28-04:00
CPRT,900075,FY,2016-07-31,1268449000,,406470000,270360000,1.11,332498000,173917000,1649820000,774456000,244295000,Revenues,2026-09-12T20:03:28-04:00
CPRT,900075,FY,2017-07-31,1447981000,,461299000,394227000,1.66,492058000,172178000,1982501000,1098600000,237019000,Revenues,2026-09-12T20:03:28-04:00
CPRT,900075,FY,2018-07-31,1805695000,,584345000,417867000,1.73,535069000,287910000,2307698000,1581099000,241877000,Revenues,2026-09-12T20:03:28-04:00
CPRT,900075,FY,2019-07-31,,,716475000,591693000,2.46,646646000,373883000,2547617000,1778381000,240453000,,2026-09-12T20:03:28-04:00
CPRT,900075,FY,2020-07-31,,,816099000,699907000,2.93,917885000,591972000,3455261000,2489516000,238656000,,2026-09-12T20:03:28-04:00
CPRT,900075,FY,2021-07-31,,,1136426000,936495000,0.97,990891000,462996000,4562143000,3529201000,961160000,,2026-09-12T20:03:28-04:00
CPRT,900075,FY,2022-07-31,,,1374997000,1090130000,1.13,1176683000,337448000,5308864000,4625599000,964604000,,2026-09-12T20:03:28-04:00
CPRT,900075,FY,2023-07-31,,,1486569000,1237741000,1.28,1364210000,516636000,6737879000,5987440000,966647000,,2026-09-12T20:03:28-04:00
CPRT,900075,FY,2024-07-31,,,1572023000,1363020000,1.4,1472564000,510990000,8427764000,,974798000,,2026-09-12T20:03:28-04:00
CPRT,900075,FY,2025-07-31,,,1696714000,1552449000,1.59,1799750000,568990000,10090902000,,977563000,,2026-09-12T20:03:28-04:00
CPRT,900075,Q,2020-04-30,550360000,242613000,195101000,147487000,0.62,,,3161583000,2281011000,238591000,Revenues,2026-09-12T20:03:28-04:00
CPRT,900075,Q,2020-07-31,525659000,250431000,205715000,165533000,0.69,,,3455261000,2489516000,,Revenues,2026-09-12T20:03:28-04:00
CPRT,900075,Q,2020-10-31,,,248594000,200285000,0.83,258533000,147093000,3741188000,2710833000,239968000,,2026-09-12T20:03:28-04:00
CPRT,900075,Q,2021-01-31,,,258221000,193440000,0.81,,,3934438000,2942592000,240280000,,2026-09-12T20:03:28-04:00
CPRT,900075,Q,2021-04-30,,,328111000,286796000,1.19,,,4281946000,3249377000,240208000,,2026-09-12T20:03:28-04:00
CPRT,900075,Q,2021-10-31,,,330121000,260363000,0.54,312540000,64696000,4918852000,3793821000,482442000,,2026-09-12T20:03:28-04:00
CPRT,900075,Q,2022-01-31,,,347328000,287412000,0.6,,,5136956000,4089856000,482374000,,2026-09-12T20:03:28-04:00
CPRT,900075,Q,2022-04-30,,,372755000,278620000,0.58,,,5443874000,4353054000,481448000,,2026-09-12T20:03:28-04:00
CPRT,900075,Q,2022-10-31,,,311503000,245848000,0.25,311559000,152655000,5593677000,4852834000,964336000,,2026-09-12T20:03:28-04:00
CPRT,900075,Q,2023-01-31,,,365525000,293677000,0.3,,,5932408000,5213652000,965072000,,2026-09-12T20:03:28-04:00
CPRT,900075,Q,2023-04-30,,,418924000,350431000,0.36,,,6349805000,5592422000,967380000,,2026-09-12T20:03:28-04:00
CPRT,900075,Q,2023-10-31,,,395376000,332527000,0.34,375246000,162260000,7333786000,,971682000,,2026-09-12T20:03:28-04:00
CPRT,900075,Q,2024-01-31,,,379900000,325635000,0.33,,,7598520000,,974589000,,2026-09-12T20:03:28-04:00
CPRT,900075,Q,2024-04-30,,,437203000,382291000,0.39,,,8010632000,,976445000,,2026-09-12T20:03:28-04:00
CPRT,900075,Q,2024-10-31,,,406367000,362086000,0.37,482274000,236758000,8869487000,,976506000,,2026-09-12T20:03:28-04:00
CPRT,900075,Q,2025-01-31,,,426211000,387400000,0.4,,,9187347000,,977910000,,2026-09-12T20:03:28-04:00
CPRT,900075,Q,2025-04-30,,,451545000,406609000,0.42,,,9672222000,,978089000,,2026-09-12T20:03:28-04:00
CPRT,900075,Q,2025-10-31,,,430694000,403714000,0.41,535253000,108042000,10581014000,,977100000,,2026-09-12T20:03:28-04:00
CPRT,900075,Q,2026-01-31,,,388710000,350732000,0.36,,,10594962000,,975089000,,2026-09-12T20:03:28-04:00
CPRT,900075,Q,2026-04-30,,,464282000,402401000,0.43,,,9649036000,,942770000,,2026-09-12T20:03:28-04:00
DBI,1319947,FY,2015-01-31,,,242485000,,1.69,197038000,98126000,1438243000,,90612000,,2026-09-12T20:03:28-04:00
DBI,1319947,FY,2016-01-30,,,213551000,,1.54,245374000,103939000,1369109000,-20703000,88501000,,2026-09-12T20:03:28-04:00
DBI,1319947,FY,2017-01-28,2718299000,779898000,199977000,,1.51,212906000,87580000,1428476000,-13941000,82135000,Revenues,2026-09-12T20:03:28-04:00
DBI,1319947,FY,2018-02-03,2805555000,799132000,125058000,,0.84,191016000,56282000,1421517000,-10074000,80687000,Revenues,2026-09-12T20:03:28-04:00
DBI,1319947,FY,2019-02-02,3177918000,938689000,59005000,,-0.26,175334000,65355000,1620584000,-2706000,80026000,Revenues,2026-09-12T20:03:28-04:00
DBI,1319947,FY,2020-02-01,3492687000,999670000,127299000,,1.27,196707000,77820000,2465070000,-2495000,74605000,Revenues,2026-09-12T20:03:28-04:00
DBI,1319947,FY,2021-01-30,2234719000,311241000,-586314000,-488719000,-6.77,-153793000,31114000,1976595000,-3286000,72198000,Revenues,2026-09-12T20:03:28-04:00
DBI,1319947,FY,2022-01-29,3196583000,1068637000,205221000,154481000,2,171429000,33030000,2014634000,,77268000,Revenues,2026-09-12T20:03:28-04:00
DBI,1319947,FY,2023-01-28,3315428000,1454697000,187390000,162676000,2.26,201426000,54974000,2009618000,,72101000,Revenues,2026-09-12T20:03:28-04:00
DBI,1319947,FY,2024-02-03,3074976000,1323995000,72401000,29062000,0.46,162399000,54997000,2076232000,,63375000,Revenues,2026-09-12T20:03:28-04:00
DBI,1319947,FY,2025-02-01,3009262000,1285958000,34933000,-10549000,-0.2,82236000,50891000,2009224000,,53657000,Revenues,2026-09-12T20:03:28-04:00
DBI,1319947,FY,2026-01-31,2892671000,1260390000,47764000,-8374000,-0.17,109860000,31605000,1949905000,,49136000,Revenues,2026-09-12T20:03:28-04:00
DBI,1319947,Q,2020-10-31,652870000,165656000,-58590000,,-0.56,,,2226721000,-4758000,72344000,Revenues,2026-09-12T20:03:28-04:00
DBI,1319947,Q,2021-05-01,703155000,216111000,17005000,,0.22,-1356000,5641000,2032465000,-2743000,76976000,Revenues,2026-09-12T20:03:28-04:00
DBI,1319947,Q,2021-07-31,817335000,284681000,61412000,,0.55,,,1946049000,,77619000,Revenues,2026-09-12T20:03:28-04:00
DBI,1319947,Q,2021-10-30,853467000,313617000,104308000,,1.04,,,2093944000,,77135000,Revenues,2026-09-12T20:03:28-04:00
DBI,1319947,Q,2022-04-30,830543000,275745000,53192000,26182000,0.34,-40672000,12248000,2087744000,,76924000,Revenues,2026-09-12T20:03:28-04:00
DBI,1319947,Q,2022-07-30,859319000,295670000,67599000,46213000,0.62,,,2102439000,,73942000,Revenues,2026-09-12T20:03:28-04:00
DBI,1319947,Q,2022-10-29,865020000,285819000,64528000,45171000,0.65,,,2171378000,,69140000,Revenues,2026-09-12T20:03:28-04:00
DBI,1319947,Q,2023-04-29,742082000,323908000,19610000,11415000,170,22546000,14382000,2134495000,,67042000,Revenues,2026-09-12T20:03:28-04:00
DBI,1319947,Q,2023-07-29,792217000,361763000,60687000,37204000,560,,,2147338000,,66997000,Revenues,2026-09-12T20:03:28-04:00
DBI,1319947,Q,2023-10-28,786329000,345733000,28121000,10141000,170,,,2132578000,,61405000,Revenues,2026-09-12T20:03:28-04:00
DBI,1319947,Q,2024-02-03,754348000,292591000,-36017000,-29698000,-520,,,2076232000,,,Revenues,2026-09-12T20:03:28-04:00
DBI,1319947,Q,2024-05-04,746596000,330011000,9382000,783000,0.01,-19680000,15891000,2163603000,,59470000,Revenues,2026-09-12T20:03:28-04:00
DBI,1319947,Q,2024-08-03,771900000,339549000,28589000,13824000,0.24,,,2107134000,,58576000,Revenues,2026-09-12T20:03:28-04:00
DBI,1319947,Q,2024-11-02,777194000,333815000,22816000,13012000,0.24,,,2080764000,,53486000,Revenues,2026-09-12T20:03:28-04:00
DBI,1319947,Q,2025-02-01,713572000,282583000,-25854000,-38168000,-800,,,2009224000,,,Revenues,2026-09-12T20:03:28-04:00
DBI,1319947,Q,2025-05-03,686909000,294481000,-7907000,-17816000,-0.37,-20366000,7229000,2093318000,,48243000,Revenues,2026-09-12T20:03:28-04:00
DBI,1319947,Q,2025-08-02,739762000,322493000,26143000,10535000,0.21,,,2063663000,,49734000,Revenues,2026-09-12T20:03:28-04:00
DBI,1319947,Q,2025-11-01,752411000,339619000,42663000,18215000,0.35,,,2052989000,,51532000,Revenues,2026-09-12T20:03:28-04:00
DBI,1319947,Q,2026-05-02,696350000,315318000,18870000,1159000,0.02,-22033000,9869000,1998196000,,55920000,Revenues,2026-09-12T20:03:28-04:00
DBI,1319947,Q,2026-08-01,730631000,365355000,54723000,17557000,0.31,,,2008142000,,55974000,Revenues,2026-09-12T20:03:28-04:00
FEIM,39020,FY,2015-04-30,76564000,23548000,3675000,2826000,0.32,1882000,4157000,117825000,91810000,8909758,Revenues,2026-09-12T20:03:28-04:00
FEIM,39020,FY,2016-04-30,55416000,19275000,2468000,1005000,0.11,2923000,3263000,122177000,93352000,8936909,Revenues,2026-09-12T20:03:28-04:00
FEIM,39020,FY,2017-04-30,50351000,11249000,-7525000,-4821000,-0.55,3888000,5233000,113319000,89332000,8787082,Revenues,2026-09-12T20:03:28-04:00
FEIM,39020,FY,2018-04-30,39407000,5163000,-12395000,-23777000,,4533000,1418000,83584000,63262000,8841166,Revenues,2026-09-12T20:03:28-04:00
FEIM,39020,FY,2019-04-30,49509000,15789000,-2817000,-2529000,,-97000,2767000,86771000,63089000,9159124,Revenues,2026-09-12T20:03:28-04:00
FEIM,39020,FY,2020-04-30,41507000,5748000,-10922000,-10026000,,-1407000,1483000,91276000,54236000,9325487,Revenues,2026-09-12T20:03:28-04:00
FEIM,39020,FY,2021-04-30,54254000,16921000,-958000,680000,,12157000,1239000,98528000,55409000,9248425,Revenues,2026-09-12T20:03:28-04:00
FEIM,39020,FY,2022-04-30,48296000,8599000,-8038000,-8663000,,4036000,1860000,84760000,46688000,9265934,Revenues,2026-09-12T20:03:28-04:00
FEIM,39020,FY,2023-04-30,40777000,7849000,-4672000,-5501000,,1175000,918000,74496000,32886000,9337444,Revenues,2026-09-12T20:03:28-04:00
FEIM,39020,FY,2024-04-30,55274000,18583000,5019000,5594,0.59,8708000,1492000,83253000,39816000,9431264,Revenues,2026-09-12T20:03:28-04:00
FEIM,39020,FY,2025-04-30,69811000,30097000,11732000,23686000,2.46,-1428000,1808000,93737000,55620000,9614536,Revenues,2026-09-12T20:03:28-04:00
FEIM,39020,FY,2026-04-30,63227000,18396000,-3001000,-903,-0.09,1282000,2859000,90706000,56403000,9783358,Revenues,2026-09-12T20:03:28-04:00
FEIM,39020,Q,2019-10-31,9087000,-1182000,-4922000,-4909000,-0.54,,,91949000,58168000,9072141,Revenues,2026-09-12T20:03:28-04:00
FEIM,39020,Q,2020-01-31,9628000,3140000,-1561000,-1546000,-0.17,,,90168000,56825000,9104228,Revenues,2026-09-12T20:03:28-04:00
FEIM,39020,Q,2020-07-31,12951000,4088000,-337000,-262000,-0.03,62000,211000,88944000,54335000,9139130,Revenues,2026-09-12T20:03:28-04:00
FEIM,39020,Q,2020-10-31,13990000,5322000,219000,329000,0.04,,,89619000,54656000,9235777,Revenues,2026-09-12T20:03:28-04:00
FEIM,39020,Q,2021-01-31,11672000,2804000,-939000,-800000,-0.09,,,84535000,53961000,9185235,Revenues,2026-09-12T20:03:28-04:00
FEIM,39020,Q,2021-07-31,12955000,4062000,-1687000,-1575000,-0.17,-828000,504000,86564000,54112000,9192571,Revenues,2026-09-12T20:03:28-04:00
FEIM,39020,Q,2021-10-31,12936000,4091000,303000,497000,0.05,,,81378000,54629000,9301528,Revenues,2026-09-12T20:03:28-04:00
FEIM,39020,Q,2022-01-31,12245000,3240000,-721000,-735000,-0.08,,,81216000,53847000,9278840,Revenues,2026-09-12T20:03:28-04:00
FEIM,39020,Q,2022-07-31,8204000,-5000,-3107000,-3117000,-0.33,-3574000,465000,81092000,43682000,9307939,Revenues,2026-09-12T20:03:28-04:00
FEIM,39020,Q,2022-10-31,8949000,350000,-2283000,-2314000,-0.25,,,83076000,40939000,9326347,Revenues,2026-09-12T20:03:28-04:00
FEIM,39020,Q,2023-01-31,10620000,3465000,325000,-316000,,,,75243000,32374000,9349198,Revenues,2026-09-12T20:03:28-04:00
FEIM,39020,Q,2023-07-31,12408000,4868000,2060000,2042000,0.22,-2801000,187000,75971000,35169000,9384375,Revenues,2026-09-12T20:03:28-04:00
FEIM,39020,Q,2023-10-31,13575000,4330000,938000,797000,0.08,,,74729000,36256000,9399052,Revenues,2026-09-12T20:03:28-04:00
FEIM,39020,Q,2024-01-31,13714000,3104000,-473000,130000,0.01,,,77744000,36673000,9439939,Revenues,2026-09-12T20:03:28-04:00
FEIM,39020,Q,2024-07-31,15077000,6698000,2365000,2430000,0.25,-1458000,327000,84264000,33202000,9538339,Revenues,2026-09-12T20:03:28-04:00
FEIM,39020,Q,2024-10-31,15820000,7619000,2618000,2654000,0.28,,,77775000,36192000,9585357,Revenues,2026-09-12T20:03:28-04:00
FEIM,39020,Q,2025-01-31,18927000,8285000,3469000,15405000,1.6,,,86427000,51835000,9632309,Revenues,2026-09-12T20:03:28-04:00
FEIM,39020,Q,2025-07-31,13812000,5082000,364000,634000,0.07,1161000,776000,93203000,56319000,9723165,Revenues,2026-09-12T20:03:28-04:00
FEIM,39020,Q,2025-10-31,17127000,6536000,1714000,1801000,0.18,,,92255000,58455000,9759646,Revenues,2026-09-12T20:03:28-04:00
FEIM,39020,Q,2026-01-31,16890000,6626000,1270000,1567000,0.16,,,94192000,60243000,9797064,Revenues,2026-09-12T20:03:28-04:00
IBEX,1720420,FY,2021-06-30,443388000,,17045000,13089000,0.71,16077000,20823000,,94749000,18359000,RevenueFromContractWithCustomerExcludingAssessedTax,2026-09-12T20:03:28-04:00
IBEX,1720420,FY,2022-06-30,492851000,,20625000,21456000,1.15,40006000,25919000,294180000,113459000,18724000,RevenueFromContractWithCustomerExcludingAssessedTax,2026-09-12T20:03:28-04:00
IBEX,1720420,FY,2023-06-30,523118000,,40478000,31582000,1.67,41859000,18952000,293324000,149964000,18893000,RevenueFromContractWithCustomerExcludingAssessedTax,2026-09-12T20:03:28-04:00
IBEX,1720420,FY,2024-06-30,508569000,,39429000,33655000,1.84,35900000,8855000,293904000,165799000,18255000,RevenueFromContractWithCustomerExcludingAssessedTax,2026-09-12T20:03:28-04:00
IBEX,1720420,FY,2025-06-30,558273000,,46611000,36864000,2.36,45668000,18375000,273215000,134309000,15725000,RevenueFromContractWithCustomerExcludingAssessedTax,2026-09-12T20:03:28-04:00
IBEX,1720420,FY,2026-06-30,644076000,,54964000,46331000,3.13,59001000,27807000,309135000,170230000,14808000,RevenueFromContractWithCustomerExcludingAssessedTax,2026-09-12T20:03:28-04:00
IBEX,1720420,Q,2022-09-30,127805000,,7670000,6523000,0.35,5562000,3558000,,118881000,18641000,RevenueFromContractWithCustomerExcludingAssessedTax,2026-09-12T20:03:28-04:00
IBEX,1720420,Q,2022-12-31,139325000,,11451000,9270000,0.49,,,,131723000,18860000,RevenueFromContractWithCustomerExcludingAssessedTax,2026-09-12T20:03:28-04:00
IBEX,1720420,Q,2023-03-31,131557000,,13051000,11279000,0.59,,,,144368000,19065000,RevenueFromContractWithCustomerExcludingAssessedTax,2026-09-12T20:03:28-04:00
IBEX,1720420,Q,2023-06-30,124431000,,8306000,4510000,0.24,,,293324000,149964000,,RevenueFromContractWithCustomerExcludingAssessedTax,2026-09-12T20:03:28-04:00
IBEX,1720420,Q,2023-09-30,124609000,,8331000,7425000,0.39,8684000,2052000,295480000,156039000,18898000,RevenueFromContractWithCustomerExcludingAssessedTax,2026-09-12T20:03:28-04:00
IBEX,1720420,Q,2023-12-31,132634000,,6947000,6075000,0.33,,,298174000,156113000,18440000,RevenueFromContractWithCustomerExcludingAssessedTax,2026-09-12T20:03:28-04:00
IBEX,1720420,Q,2024-03-31,126795000,,11282000,10310000,0.57,,,289585000,159311000,18036000,RevenueFromContractWithCustomerExcludingAssessedTax,2026-09-12T20:03:28-04:00
IBEX,1720420,Q,2024-09-30,129717000,,9092000,7531000,0.43,7762000,3630000,306275000,171091000,17490000,RevenueFromContractWithCustomerExcludingAssessedTax,2026-09-12T20:03:28-04:00
IBEX,1720420,Q,2024-12-31,140682000,,11928000,9268000,0.57,,,272498000,108937000,16456000,RevenueFromContractWithCustomerExcludingAssessedTax,2026-09-12T20:03:28-04:00
IBEX,1720420,Q,2025-03-31,140736000,,13329000,10469000,0.73,,,274731000,124181000,14404000,RevenueFromContractWithCustomerExcludingAssessedTax,2026-09-12T20:03:28-04:00
IBEX,1720420,Q,2025-09-30,151179000,,13699000,12042000,0.82,15670000,7639000,283857000,143625000,14609000,RevenueFromContractWithCustomerExcludingAssessedTax,2026-09-12T20:03:28-04:00
IBEX,1720420,Q,2025-12-31,164221000,,15287000,12217000,0.83,,,295797000,154515000,14737000,RevenueFromContractWithCustomerExcludingAssessedTax,2026-09-12T20:03:28-04:00
IBEX,1720420,Q,2026-03-31,164407000,,16156000,13325000,0.89,,,297247000,160783000,14994000,RevenueFromContractWithCustomerExcludingAssessedTax,2026-09-12T20:03:28-04:00
LPTH,889971,FY,2015-06-30,,5979375,-258652,-715280,-0.05,82182,688798,12714522,7999644,14711586,,2026-09-12T20:03:28-04:00
LPTH,889971,FY,2016-06-30,,9304510,2009415,1414615,0.08,1525713,1131098,15589193,10931912,16875383,,2026-09-12T20:03:28-04:00
LPTH,889971,FY,2017-06-30,28367489,14719459,4137111,7703086,0.36,4999044,2223126,46672214,29721169,21666392,Revenues,2026-09-12T20:03:28-04:00
LPTH,889971,FY,2018-06-30,32525471,12527731,373567,1060104,0.04,2618988,2517685,47117114,35357444,26811468,Revenues,2026-09-12T20:03:28-04:00
LPTH,889971,FY,2019-06-30,33749088,12518920,-1139963,-2680323,-0.1,411185,1931835,45973180,33459126,25794669,Revenues,2026-09-12T20:03:28-04:00
LPTH,889971,FY,2020-06-30,34967963,13842499,2145211,866929,0.03,3732813,2442779,47574918,34566941,27469845,Revenues,2026-09-12T20:03:28-04:00
LPTH,889971,FY,2021-06-30,38464821,13447770,-1841812,-3185251,-0.12,4732024,3158784,54610990,33577485,26314025,Revenues,2026-09-12T20:03:28-04:00
LPTH,889971,FY,2022-06-30,35559160,11814636,-2627234,-3542181,-0.13,1464128,1626614,50713921,29731238,27019534,Revenues,2026-09-12T20:03:28-04:00
LPTH,889971,FY,2023-06-30,32933949,11074823,-3554541,-4046871,-0.13,-2809523,3077154,53536184,35952525,31637445,Revenues,2026-09-12T20:03:28-04:00
LPTH,889971,FY,2024-06-30,31726192,8631246,-7826664,-8007346,-0.21,521037,2182805,48086964,30199665,37944935,Revenues,2026-09-12T20:03:28-04:00
LPTH,889971,FY,2025-06-30,37202630,10130114,-11822881,-14873182,-0.36,-8331390,1262302,81505766,15644768,40874068,Revenues,2026-09-12T20:03:28-04:00
LPTH,889971,FY,2026-06-30,,25804791,-19654305,-20545563,-0.38,-10225188,6268334,194007621,149472797,53374275,,2026-09-12T20:03:28-04:00
LPTH,889971,Q,2019-12-31,9599912,3929280,1057446,769117,0.03,,,46833487,33255975,27361273,Revenues,2026-09-12T20:03:28-04:00
LPTH,889971,Q,2020-03-31,8708981,4012176,1062812,816017,0.03,,,46057607,33914197,27569844,Revenues,2026-09-12T20:03:28-04:00
LPTH,889971,Q,2020-09-30,9508972,3850192,677992,97068,0,662438,1216817,48700683,35667275,28432275,Revenues,2026-09-12T20:03:28-04:00
LPTH,889971,Q,2020-12-31,9922171,3630336,56462,-146545,-0.01,,,49896607,36353027,26117239,Revenues,2026-09-12T20:03:28-04:00
LPTH,889971,Q,2021-03-31,10701362,3903757,166657,-222564,-0.01,,,48708471,35990236,26366651,Revenues,2026-09-12T20:03:28-04:00
LPTH,889971,Q,2021-09-30,9103343,3171935,-405393,-632097,-0.02,-1617682,1199005,54074635,32939531,26993971,Revenues,2026-09-12T20:03:28-04:00
LPTH,889971,Q,2021-12-31,9243174,2799846,-980383,-1055291,-0.04,,,51856713,32069062,27008748,Revenues,2026-09-12T20:03:28-04:00
LPTH,889971,Q,2022-03-31,8305412,3034251,-457030,-495003,-0.02,,,52301859,31825649,27033578,Revenues,2026-09-12T20:03:28-04:00
LPTH,889971,Q,2022-09-30,7366901,2233912,-1235413,-1380700,-0.05,-415355,243393,47490241,27737177,27070949,Revenues,2026-09-12T20:03:28-04:00
LPTH,889971,Q,2022-12-31,8472679,3224345,-556484,-694061,-0.03,,,46974052,28201788,27172226,Revenues,2026-09-12T20:03:28-04:00
LPTH,889971,Q,2023-03-31,7409648,2535404,-960214,-1163270,-0.03,,,55322547,36851183,35124095,Revenues,2026-09-12T20:03:28-04:00
LPTH,889971,Q,2023-09-30,8077248,2331706,-1250622,-1342376,-0.04,1139989,955002,55312749,34894735,37431748,Revenues,2026-09-12T20:03:28-04:00
LPTH,889971,Q,2023-12-31,7315637,2168321,-1783329,-1713663,0.05,,,54064589,33699736,37501683,Revenues,2026-09-12T20:03:28-04:00
LPTH,889971,Q,2024-03-31,7699175,1606187,-2583196,-2597534,-0.07,,,49705472,31708558,37988770,Revenues,2026-09-12T20:03:28-04:00
LPTH,889971,Q,2024-09-30,8400381,2844429,-1376808,-1622745,-0.04,-1700201,79732,48444390,29444719,39561480,Revenues,2026-09-12T20:03:28-04:00
LPTH,889971,Q,2024-12-31,7424829,1930831,-2484339,-2611997,-0.07,,,45828191,26702938,39728933,Revenues,2026-09-12T20:03:28-04:00
LPTH,889971,Q,2025-03-31,9167627,2664101,-3453734,-3582460,-0.09,,,81420816,15724400,41363643,Revenues,2026-09-12T20:03:28-04:00
LPTH,889971,Q,2025-09-30,15058281,4482572,-2505778,-2893002,-0.07,-1142842,77014,87260250,21437818,43287933,Revenues,2026-09-12T20:03:28-04:00
LPTH,889971,Q,2025-12-31,,6020330,-8597503,-9405409,-0.2,,,148558508,77935088,46998804,,2026-09-12T20:03:28-04:00
LPTH,889971,Q,2026-03-31,,6956283,-4252042,-4106287,-0.07,,,144265179,89089677,58628741,,2026-09-12T20:03:28-04:00
LOVE,1701758,FY,2018-02-04,101810413,57217152,-5037833,-5501798,,-2740337,6636489,41440935,23638453,,Revenues,2026-09-12T20:03:28-04:00
LOVE,1701758,FY,2019-02-03,165881297,90880821,-7043313,-6704356,,-7007669,10747712,105014305,78770134,,Revenues,2026-09-12T20:03:28-04:00
LOVE,1701758,FY,2020-02-02,233377000,116690000,-15809000,-15205000,-1.07,-11194000,10277000,125663767,90155000,14260395,RevenueFromContractWithCustomerExcludingAssessedTax,2026-09-12T20:03:28-04:00
LOVE,1701758,FY,2021-01-31,320738000,174772000,14880000,14727000,0.96,40521000,8374000,171019000,107946000,15332998,RevenueFromContractWithCustomerExcludingAssessedTax,2026-09-12T20:03:28-04:00
LOVE,1701758,FY,2022-01-30,498239000,273532000,40578000,45900000,2.96,32648000,14615000,369084000,157814000,16058111,RevenueFromContractWithCustomerExcludingAssessedTax,2026-09-12T20:03:28-04:00
LOVE,1701758,FY,2023-01-29,651179000,343651000,36966000,28200000,1.66,-21375000,25242000,408626000,193094000,15955668,RevenueFromContractWithCustomerExcludingAssessedTax,2026-09-12T20:03:28-04:00
LOVE,1701758,FY,2024-02-04,700265000,401043000,30076000,23900000,1.45,76441000,28736000,482180000,217496000,16460383,RevenueFromContractWithCustomerExcludingAssessedTax,2026-09-12T20:03:28-04:00
LOVE,1701758,FY,2025-02-02,680628000,397835000,13648000,11600000,0.69,38977000,21026000,532250000,216355000,16791471,RevenueFromContractWithCustomerExcludingAssessedTax,2026-09-12T20:03:28-04:00
LOVE,1701758,FY,2026-02-01,697115000,393215000,5363000,4100000,0.28,49328000,23135000,534682000,218707000,14695579,RevenueFromContractWithCustomerExcludingAssessedTax,2026-09-12T20:03:28-04:00
LOVE,1701758,Q,2020-08-02,61945410,31055540,-1038424,-1106924,-0.08,,,135332392,81819000,14518929,RevenueFromContractWithCustomerExcludingAssessedTax,2026-09-12T20:03:28-04:00
LOVE,1701758,Q,2020-11-01,74742000,41308000,2534000,2479000,0.16,,,151128350,85252000,15581487,RevenueFromContractWithCustomerExcludingAssessedTax,2026-09-12T20:03:28-04:00
LOVE,1701758,Q,2021-05-02,82915000,46076000,2258000,2061000,0.13,-9604000,2919000,259182282,110681000,16073021,RevenueFromContractWithCustomerExcludingAssessedTax,2026-09-12T20:03:28-04:00
LOVE,1701758,Q,2021-08-01,102448000,59032000,9009000,8448000,0.52,,,281254328,116928000,16100927,RevenueFromContractWithCustomerExcludingAssessedTax,2026-09-12T20:03:28-04:00
LOVE,1701758,Q,2021-10-31,116678000,58616000,2971000,2752000,0.17,,,292833000,120597000,16069729,RevenueFromContractWithCustomerExcludingAssessedTax,2026-09-12T20:03:28-04:00
LOVE,1701758,Q,2022-05-01,129380000,65974000,2494000,1786000,0.11,-23327000,4450000,363595000,160716000,16173339,RevenueFromContractWithCustomerExcludingAssessedTax,2026-09-12T20:03:28-04:00
LOVE,1701758,Q,2022-07-31,148534000,79099000,8120000,5849000,0.37,,,368913000,166197000,16004061,RevenueFromContractWithCustomerExcludingAssessedTax,2026-09-12T20:03:28-04:00
LOVE,1701758,Q,2022-10-30,134784000,64904000,-10125000,-7362000,-0.48,,,401051000,159433000,15220593,RevenueFromContractWithCustomerExcludingAssessedTax,2026-09-12T20:03:28-04:00
LOVE,1701758,Q,2023-01-29,238481000,133674000,36477000,26215000,,,,408626000,193094000,,Revenues,2026-09-12T20:03:28-04:00
LOVE,1701758,Q,2023-04-30,141193000,70575000,-5706000,-4115000,-0.27,6291000,4177000,421209000,189256000,15230763,RevenueFromContractWithCustomerExcludingAssessedTax,2026-09-12T20:03:28-04:00
LOVE,1701758,Q,2023-07-30,154529000,92390000,-993000,-635000,-0.04,,,433566000,186793000,15422640,RevenueFromContractWithCustomerExcludingAssessedTax,2026-09-12T20:03:28-04:00
LOVE,1701758,Q,2023-10-29,154036000,88442000,-3609000,-2341000,-0.15,,,436265000,185504000,15522510,RevenueFromContractWithCustomerExcludingAssessedTax,2026-09-12T20:03:28-04:00
LOVE,1701758,Q,2024-05-05,132643000,72045000,-17856000,-12960000,-0.83,-7014000,7296000,477189000,205332000,15537823,RevenueFromContractWithCustomerExcludingAssessedTax,2026-09-12T20:03:28-04:00
LOVE,1701758,Q,2024-08-04,156590000,92369000,-8371000,-5861000,-0.38,,,481075000,202142000,15590207,RevenueFromContractWithCustomerExcludingAssessedTax,2026-09-12T20:03:28-04:00
LOVE,1701758,Q,2024-11-03,149905000,87639000,-7723000,-4930000,-0.32,,,499714000,196496000,15574293,RevenueFromContractWithCustomerExcludingAssessedTax,2026-09-12T20:03:28-04:00
LOVE,1701758,Q,2025-05-04,138373000,74370000,-14954000,-10840000,-0.73,-41377000,8577000,483740000,201214000,14792080,RevenueFromContractWithCustomerExcludingAssessedTax,2026-09-12T20:03:28-04:00
LOVE,1701758,Q,2025-08-03,160530000,90608000,-8823000,-6650000,-0.45,,,493709000,197461000,14623823,RevenueFromContractWithCustomerExcludingAssessedTax,2026-09-12T20:03:28-04:00
LOVE,1701758,Q,2025-11-02,150166000,84237000,-15804000,-10551000,-0.72,,,495514000,189307000,14655495,RevenueFromContractWithCustomerExcludingAssessedTax,2026-09-12T20:03:28-04:00
LOVE,1701758,Q,2026-05-03,138196000,71974000,-17374000,-11093000,-0.76,-35356000,5030000,500973000,205534000,14668023,RevenueFromContractWithCustomerExcludingAssessedTax,2026-09-12T20:03:28-04:00
LOVE,1701758,Q,2026-08-02,161245000,110270000,10942000,7429000,0.51,,,538961000,209954000,14652167,RevenueFromContractWithCustomerExcludingAssessedTax,2026-09-12T20:03:28-04:00
M,794367,FY,2015-01-31,28105000000,11242000000,2800000000,1526000000,4.22,2709000000,770000000,21330000000,5378000000,361700000,SalesRevenueNet,2026-09-12T20:03:28-04:00
M,794367,FY,2016-01-30,27079000000,10583000000,2039000000,1072000000,3.22,1984000000,777000000,20576000000,4250000000,333000000,SalesRevenueNet,2026-09-12T20:03:28-04:00
M,794367,FY,2017-01-28,25908000000,10157000000,1371000000,627000000,2.02,1801000000,596000000,19851000000,4323000000,310800000,RevenueFromContractWithCustomerExcludingAssessedTax,2026-09-12T20:03:28-04:00
M,794367,FY,2018-02-03,24939000000,9685000000,1864000000,1566000000,5.1,1976000000,487000000,19583000000,5745000000,306800000,RevenueFromContractWithCustomerExcludingAssessedTax,2026-09-12T20:03:28-04:00
M,794367,FY,2019-02-02,24971000000,,1738000000,1108000000,3.56,1735000000,657000000,19194000000,6436000000,311400000,RevenueFromContractWithCustomerExcludingAssessedTax,2026-09-12T20:03:28-04:00
M,794367,FY,2020-02-01,24560000000,,970000000,564000000,1.81,1608000000,902000000,21172000000,6377000000,311400000,RevenueFromContractWithCustomerExcludingAssessedTax,2026-09-12T20:03:28-04:00
M,794367,FY,2021-01-30,17346000000,,-4475000000,-3944000000,-12.68,649000000,338000000,17706000000,2553000000,311100000,RevenueFromContractWithCustomerExcludingAssessedTax,2026-09-12T20:03:28-04:00
M,794367,FY,2022-01-29,24460000000,,2335000000,1419000000,4.52,2712000000,354000000,17590000000,3621000000,314000000,RevenueFromContractWithCustomerExcludingAssessedTax,2026-09-12T20:03:28-04:00
M,794367,FY,2023-01-28,24442000000,,1689000000,1146000000,4.08,1615000000,888000000,16866000000,4040000000,281100000,RevenueFromContractWithCustomerExcludingAssessedTax,2026-09-12T20:03:28-04:00
M,794367,FY,2024-02-03,23092000000,,301000000,45000000,0.16,1305000000,631000000,16246000000,4035000000,278200000,RevenueFromContractWithCustomerExcludingAssessedTax,2026-09-12T20:03:28-04:00
M,794367,FY,2025-02-01,22293000000,,909000000,582000000,2.07,1278000000,518000000,16402000000,4552000000,281600000,RevenueFromContractWithCustomerExcludingAssessedTax,2026-09-12T20:03:28-04:00
M,794367,FY,2026-01-31,21764000000,,1030000000,642000000,2.32,1430000000,373000000,16238000000,4860000000,276500000,RevenueFromContractWithCustomerExcludingAssessedTax,2026-09-12T20:03:28-04:00
M,794367,Q,2020-10-31,3990000000,,-127000000,-91000000,-0.29,,,19214000000,2243000000,311200000,RevenueFromContractWithCustomerExcludingAssessedTax,2026-09-12T20:03:28-04:00
M,794367,Q,2021-01-30,6780000000,,,160000000,0.5,,,17706000000,2553000000,,RevenueFromContractWithCustomerExcludingAssessedTax,2026-09-12T20:03:28-04:00
M,794367,Q,2021-05-01,4706000000,,215000000,103000000,0.32,494000000,61000000,18082000000,2675000000,318600000,RevenueFromContractWithCustomerExcludingAssessedTax,2026-09-12T20:03:28-04:00
M,794367,Q,2021-07-31,5647000000,,597000000,345000000,1.08,,,18417000000,3146000000,318600000,RevenueFromContractWithCustomerExcludingAssessedTax,2026-09-12T20:03:28-04:00
M,794367,Q,2021-10-30,5440000000,,523000000,239000000,0.76,,,18279000000,3008000000,313800000,RevenueFromContractWithCustomerExcludingAssessedTax,2026-09-12T20:03:28-04:00
M,794367,Q,2022-04-30,5348000000,,463000000,286000000,0.98,248000000,171000000,16972000000,3278000000,290900000,RevenueFromContractWithCustomerExcludingAssessedTax,2026-09-12T20:03:28-04:00
M,794367,Q,2022-07-30,5600000000,,399000000,275000000,0.99,,,16342000000,3531000000,277400000,RevenueFromContractWithCustomerExcludingAssessedTax,2026-09-12T20:03:28-04:00
M,794367,Q,2022-10-29,5230000000,,192000000,108000000,0.39,,,18230000000,3475000000,277700000,RevenueFromContractWithCustomerExcludingAssessedTax,2026-09-12T20:03:28-04:00
M,794367,Q,2023-04-29,4982000000,,240000000,151000000,0.55,105000000,215000000,16868000000,4124000000,277800000,RevenueFromContractWithCustomerExcludingAssessedTax,2026-09-12T20:03:28-04:00
M,794367,Q,2023-07-29,5130000000,,128000000,-19000000,-0.07,,,16304000000,4167000000,273800000,RevenueFromContractWithCustomerExcludingAssessedTax,2026-09-12T20:03:28-04:00
M,794367,Q,2023-10-28,4860000000,,83000000,41000000,0.15,,,18126000000,4099000000,277600000,RevenueFromContractWithCustomerExcludingAssessedTax,2026-09-12T20:03:28-04:00
M,794367,Q,2024-02-03,,,-149000000,-128000000,-0.46,,,16246000000,4035000000,,,2026-09-12T20:03:28-04:00
M,794367,Q,2024-05-04,4846000000,,125000000,62000000,0.22,129000000,154000000,16449000000,4084000000,281000000,RevenueFromContractWithCustomerExcludingAssessedTax,2026-09-12T20:03:28-04:00
M,794367,Q,2024-08-03,4937000000,,222000000,150000000,0.53,,,15868000000,4201000000,281600000,RevenueFromContractWithCustomerExcludingAssessedTax,2026-09-12T20:03:28-04:00
M,794367,Q,2024-11-02,4742000000,,64000000,28000000,0.1,,,17293000000,4147000000,281500000,RevenueFromContractWithCustomerExcludingAssessedTax,2026-09-12T20:03:28-04:00
M,794367,Q,2025-05-03,4599000000,,94000000,38000000,0.13,-64000000,100000000,16089000000,4451000000,280700000,RevenueFromContractWithCustomerExcludingAssessedTax,2026-09-12T20:03:28-04:00
M,794367,Q,2025-08-02,4812000000,,149000000,87000000,0.31,,,15551000000,4451000000,275900000,RevenueFromContractWithCustomerExcludingAssessedTax,2026-09-12T20:03:28-04:00
M,794367,Q,2025-11-01,4713000000,,42000000,11000000,0.04,,,17064000000,4328000000,274600000,RevenueFromContractWithCustomerExcludingAssessedTax,2026-09-12T20:03:28-04:00
M,794367,Q,2026-05-02,4682000000,,112000000,63000000,0.23,292000000,88000000,16306000000,4837000000,272700000,RevenueFromContractWithCustomerExcludingAssessedTax,2026-09-12T20:03:28-04:00
M,794367,Q,2026-08-01,4866000000,,244000000,169000000,0.62,,,15726000000,4928000000,271900000,RevenueFromContractWithCustomerExcludingAssessedTax,2026-09-12T20:03:28-04:00
MCFT,1638290,FY,2015-06-30,214386000,51166000,23920000,5534000,0.47,25254000,3467000,89676000,-42253000,11862699,SalesRevenueNet,2026-09-12T20:03:28-04:00
MCFT,1638290,FY,2016-06-30,221600000,61079000,22011000,10210000,0.56,30747000,3817000,82533000,-8379000,18257007,SalesRevenueNet,2026-09-12T20:03:28-04:00
MCFT,1638290,FY,2017-06-30,228634000,63476000,33515000,19570000,1.05,26232000,4135000,83321000,11761000,18620708,RevenueFromContractWithCustomerExcludingAssessedTax,2026-09-12T20:03:28-04:00
MCFT,1638290,FY,2018-06-30,332725000,90364000,55983000,39653000,2.12,49397000,5305000,176924000,52522000,18714531,RevenueFromContractWithCustomerExcludingAssessedTax,2026-09-12T20:03:28-04:00
MCFT,1638290,FY,2019-06-30,466381000,113127000,33259000,21354000,1.14,55886000,14064000,248773000,72316000,18768207,RevenueFromContractWithCustomerExcludingAssessedTax,2026-09-12T20:03:28-04:00
MCFT,1638290,FY,2020-06-30,363073000,75356000,-26567000,-24047000,-1.28,30198000,14241000,207923000,48870000,18734482,RevenueFromContractWithCustomerExcludingAssessedTax,2026-09-12T20:03:28-04:00
MCFT,1638290,FY,2021-06-30,465962000,125131000,78643000,56170000,2.96,68538000,25219000,276460000,107788000,18951521,RevenueFromContractWithCustomerExcludingAssessedTax,2026-09-12T20:03:28-04:00
MCFT,1638290,FY,2022-06-30,641609000,168190000,116195000,58214000,3.12,73311000,12296000,297052000,143648000,18636512,RevenueFromContractWithCustomerExcludingAssessedTax,2026-09-12T20:03:28-04:00
MCFT,1638290,FY,2023-06-30,609903000,168739000,121429000,68937000,3.88,134196000,24563000,353976000,191969000,17765117,RevenueFromContractWithCustomerExcludingAssessedTax,2026-09-12T20:03:28-04:00
MCFT,1638290,FY,2024-06-30,322351000,71610000,27476000,7800000,0.46,12497000,10525000,259948000,183679000,17038305,RevenueFromContractWithCustomerExcludingAssessedTax,2026-09-12T20:03:28-04:00
MCFT,1638290,FY,2025-06-30,284203000,56865000,11232000,7043000,0.43,35593000,9198000,259948000,183386000,16525773,RevenueFromContractWithCustomerExcludingAssessedTax,2026-09-12T20:03:28-04:00
MCFT,1638290,FY,2026-06-30,348903000,79779000,-1114000,-1662000,-0.1,30505000,8124000,500432000,381088000,17162850,RevenueFromContractWithCustomerExcludingAssessedTax,2026-09-12T20:03:28-04:00
MCFT,1638290,Q,2021-06-30,155532000,37241000,23041000,16534000,0.87,,,276460000,107788000,19021220,RevenueFromContractWithCustomerExcludingAssessedTax,2026-09-12T20:03:28-04:00
MCFT,1638290,Q,2021-10-03,130650000,30582000,16380000,10386000,0.55,-13555000,2550000,278864000,117393000,19004119,RevenueFromContractWithCustomerExcludingAssessedTax,2026-09-12T20:03:28-04:00
MCFT,1638290,Q,2022-01-02,144400000,36361000,23619000,15402000,0.81,,2395000,270890000,124066000,18899136,RevenueFromContractWithCustomerExcludingAssessedTax,2026-09-12T20:03:28-04:00
MCFT,1638290,Q,2022-04-03,169343000,44074000,31604000,20935000,1.13,,3076000,292214000,135688000,18487346,RevenueFromContractWithCustomerExcludingAssessedTax,2026-09-12T20:03:28-04:00
MCFT,1638290,Q,2022-06-30,197216000,57173000,44592000,11491000,0.63,,,297052000,143648000,18155449,RevenueFromContractWithCustomerExcludingAssessedTax,2026-09-12T20:03:28-04:00
MCFT,1638290,Q,2022-10-02,169516000,45973000,32222000,4068000,0.23,18488000,5968000,281737000,144188000,18031725,RevenueFromContractWithCustomerExcludingAssessedTax,2026-09-12T20:03:28-04:00
MCFT,1638290,Q,2023-01-01,159188000,38227000,26461000,19683000,1.11,,5947000,299757000,159822000,17774329,RevenueFromContractWithCustomerExcludingAssessedTax,2026-09-12T20:03:28-04:00
MCFT,1638290,Q,2023-04-02,166776000,42598000,29026000,22510000,1.27,,6956000,338274000,176147000,17748910,RevenueFromContractWithCustomerExcludingAssessedTax,2026-09-12T20:03:28-04:00
MCFT,1638290,Q,2023-06-30,166566000,42915000,29206000,22676000,1.3,,,353976000,191969000,17505504,RevenueFromContractWithCustomerExcludingAssessedTax,2026-09-12T20:03:28-04:00
MCFT,1638290,Q,2023-10-01,94305000,22475000,10553000,6195000,0.36,-9122000,3068000,334228000,191696000,17224608,RevenueFromContractWithCustomerExcludingAssessedTax,2026-09-12T20:03:28-04:00
MCFT,1638290,Q,2023-12-31,89750000,20938000,10763000,5886000,0.34,,,331786000,193131000,17091633,RevenueFromContractWithCustomerExcludingAssessedTax,2026-09-12T20:03:28-04:00
MCFT,1638290,Q,2024-03-31,83977000,19592000,6752000,3755000,0.22,,,340882000,196898000,16965624,RevenueFromContractWithCustomerExcludingAssessedTax,2026-09-12T20:03:28-04:00
MCFT,1638290,Q,2024-06-30,54318000,8605000,-592000,-8036000,-0.48,,,259948000,183679000,16710544,RevenueFromContractWithCustomerExcludingAssessedTax,2026-09-12T20:03:28-04:00
MCFT,1638290,Q,2024-09-29,65359000,11798000,1004000,-5145000,-0.31,2404000,2205000,309147000,175447000,16544941,RevenueFromContractWithCustomerExcludingAssessedTax,2026-09-12T20:03:28-04:00
MCFT,1638290,Q,2024-12-29,63368000,10892000,186000,2748000,0.17,,,250115000,178306000,16543502,RevenueFromContractWithCustomerExcludingAssessedTax,2026-09-12T20:03:28-04:00
MCFT,1638290,Q,2025-03-30,75960000,15765000,4114000,3743000,0.23,,,261886000,182067000,16540345,RevenueFromContractWithCustomerExcludingAssessedTax,2026-09-12T20:03:28-04:00
MCFT,1638290,Q,2025-06-30,79516000,18410000,5928000,5697000,0.35,,,259948000,183386000,16440388,RevenueFromContractWithCustomerExcludingAssessedTax,2026-09-12T20:03:28-04:00
MCFT,1638290,Q,2025-09-28,69002000,15396000,3778000,3636000,0.22,-6837000,3080000,259307000,185528000,16255397,RevenueFromContractWithCustomerExcludingAssessedTax,2026-09-12T20:03:28-04:00
MCFT,1638290,Q,2025-12-28,71759000,15527000,2719000,2527000,0.16,,,259678000,189060000,16238917,RevenueFromContractWithCustomerExcludingAssessedTax,2026-09-12T20:03:28-04:00
MCFT,1638290,Q,2026-03-29,78206000,19542000,-1298000,-742000,-0.05,,,277852000,189052000,16136132,RevenueFromContractWithCustomerExcludingAssessedTax,2026-09-12T20:03:28-04:00
ORCL,1341439,FY,2015-05-31,38226000000,23709000000,13871000000,9938000000,2.21,14580000000,1391000000,110903000000,48663000000,4503000000,Revenues,2026-09-12T20:03:28-04:00
ORCL,1341439,FY,2016-05-31,37047000000,22410000000,12604000000,8901000000,2.07,13685000000,1189000000,112180000000,47289000000,4305000000,Revenues,2026-09-12T20:03:28-04:00
ORCL,1341439,FY,2017-05-31,37792000000,23017000000,12913000000,9452000000,2.24,14126000000,2021000000,134991000000,53860000000,4217000000,RevenueFromContractWithCustomerExcludingAssessedTax,2026-09-12T20:03:28-04:00
ORCL,1341439,FY,2018-05-31,39383000000,24287000000,13264000000,3587000000,0.85,15386000000,1736000000,137851000000,46372000000,4238000000,RevenueFromContractWithCustomerExcludingAssessedTax,2026-09-12T20:03:28-04:00
ORCL,1341439,FY,2019-05-31,39506000000,,13535000000,11083000000,2.97,14551000000,1660000000,108709000000,21785000000,3732000000,RevenueFromContractWithCustomerExcludingAssessedTax,2026-09-12T20:03:28-04:00
ORCL,1341439,FY,2020-05-31,39068000000,,13896000000,10135000000,3.08,13139000000,1564000000,115438000000,12074000000,3294000000,RevenueFromContractWithCustomerExcludingAssessedTax,2026-09-12T20:03:28-04:00
ORCL,1341439,FY,2021-05-31,40479000000,,15213000000,13746000000,4.55,15887000000,2135000000,131107000000,5238000000,3022000000,RevenueFromContractWithCustomerExcludingAssessedTax,2026-09-12T20:03:28-04:00
ORCL,1341439,FY,2022-05-31,42440000000,,10926000000,6717000000,2.41,9539000000,4511000000,109297000000,-6220000000,2786000000,RevenueFromContractWithCustomerExcludingAssessedTax,2026-09-12T20:03:28-04:00
ORCL,1341439,FY,2023-05-31,49954000000,,13093000000,8503000000,3.07,17165000000,8695000000,134384000000,1073000000,2766000000,RevenueFromContractWithCustomerExcludingAssessedTax,2026-09-12T20:03:28-04:00
ORCL,1341439,FY,2024-05-31,52961000000,,15353000000,10467000000,3.71,18673000000,6866000000,140976000000,8704000000,2823000000,RevenueFromContractWithCustomerExcludingAssessedTax,2026-09-12T20:03:28-04:00
ORCL,1341439,FY,2025-05-31,57399000000,,17678000000,12443000000,4.34,20821000000,21215000000,168361000000,20451000000,2866000000,RevenueFromContractWithCustomerExcludingAssessedTax,2026-09-12T20:03:28-04:00
ORCL,1341439,FY,2026-05-31,67357000000,,20606000000,17087000000,5.83,31977000000,55663000000,261759000000,42508000000,2914000000,RevenueFromContractWithCustomerExcludingAssessedTax,2026-09-12T20:03:28-04:00
ORCL,1341439,Q,2020-11-30,9800000000,,3583000000,2442000000,0.8,,,110014000000,7917000000,3046000000,RevenueFromContractWithCustomerExcludingAssessedTax,2026-09-12T20:03:28-04:00
ORCL,1341439,Q,2021-02-28,10085000000,,3878000000,5021000000,1.68,,,118109000000,8900000000,2994000000,RevenueFromContractWithCustomerExcludingAssessedTax,2026-09-12T20:03:28-04:00
ORCL,1341439,Q,2021-05-31,40479000000,,,,,,,131107000000,5238000000,,Revenues,2026-09-12T20:03:28-04:00
ORCL,1341439,Q,2021-08-31,9728000000,,3427000000,2457000000,0.86,5391000000,1062000000,122924000000,-1541000000,2861000000,RevenueFromContractWithCustomerExcludingAssessedTax,2026-09-12T20:03:28-04:00
ORCL,1341439,Q,2021-11-30,10360000000,,-824000000,-1247000000,-0.46,,,106897000000,-10101000000,2694000000,RevenueFromContractWithCustomerExcludingAssessedTax,2026-09-12T20:03:28-04:00
ORCL,1341439,Q,2022-02-28,10513000000,,3822000000,2319000000,0.84,,,108644000000,-8696000000,2754000000,RevenueFromContractWithCustomerExcludingAssessedTax,2026-09-12T20:03:28-04:00
ORCL,1341439,Q,2022-05-31,42440000000,,,,,,,109297000000,-6220000000,,Revenues,2026-09-12T20:03:28-04:00
ORCL,1341439,Q,2022-08-31,11445000000,,2623000000,1548000000,0.56,6394000000,1719000000,130309000000,-5875000000,2747000000,RevenueFromContractWithCustomerExcludingAssessedTax,2026-09-12T20:03:28-04:00
ORCL,1341439,Q,2022-11-30,12275000000,,3071000000,1741000000,0.63,,,128469000000,-4246000000,2746000000,RevenueFromContractWithCustomerExcludingAssessedTax,2026-09-12T20:03:28-04:00
ORCL,1341439,Q,2023-02-28,12398000000,,3260000000,1896000000,0.68,,,131620000000,-2421000000,2776000000,RevenueFromContractWithCustomerExcludingAssessedTax,2026-09-12T20:03:28-04:00
ORCL,1341439,Q,2023-08-31,12453000000,,3296000000,2420000000,0.86,6974000000,1314000000,136662000000,2370000000,2823000000,RevenueFromContractWithCustomerExcludingAssessedTax,2026-09-12T20:03:28-04:00
ORCL,1341439,Q,2023-11-30,12941000000,,3622000000,2503000000,0.89,,,134324000000,3866000000,2817000000,RevenueFromContractWithCustomerExcludingAssessedTax,2026-09-12T20:03:28-04:00
ORCL,1341439,Q,2024-02-29,13280000000,,3750000000,2401000000,0.85,,,137082000000,5623000000,2819000000,RevenueFromContractWithCustomerExcludingAssessedTax,2026-09-12T20:03:28-04:00
ORCL,1341439,Q,2024-08-31,13307000000,,3991000000,2929000000,1.03,7427000000,2303000000,144214000000,10816000000,2851000000,RevenueFromContractWithCustomerExcludingAssessedTax,2026-09-12T20:03:28-04:00
ORCL,1341439,Q,2024-11-30,14059000000,,4220000000,3151000000,1.1,,,148483000000,13746000000,2869000000,RevenueFromContractWithCustomerExcludingAssessedTax,2026-09-12T20:03:28-04:00
ORCL,1341439,Q,2025-02-28,14130000000,,4358000000,2936000000,1.02,,,161378000000,16730000000,2874000000,RevenueFromContractWithCustomerExcludingAssessedTax,2026-09-12T20:03:28-04:00
ORCL,1341439,Q,2025-08-31,14926000000,,4277000000,2927000000,1.01,8140000000,8502000000,180449000000,24154000000,2909000000,RevenueFromContractWithCustomerExcludingAssessedTax,2026-09-12T20:03:28-04:00
ORCL,1341439,Q,2025-11-30,16058000000,,4731000000,6135000000,2.1,,,204984000000,29951000000,2922000000,RevenueFromContractWithCustomerExcludingAssessedTax,2026-09-12T20:03:28-04:00
ORCL,1341439,Q,2026-02-28,17190000000,,5464000000,3721000000,1.27,,,245240000000,38495000000,2912000000,RevenueFromContractWithCustomerExcludingAssessedTax,2026-09-12T20:03:28-04:00
ORCL,1341439,Q,2026-08-31,19345000000,,6728000000,4760000000,1.56,23103000000,28499000000,303259000000,66772000000,3000000000,RevenueFromContractWithCustomerExcludingAssessedTax,2026-09-12T20:03:28-04:00
RH,1528849,FY,2015-01-31,1867422000,690774000,165726000,91002000,2.2,79243000,110359000,1525999000,702916000,41378210,SalesRevenueNet,2026-09-12T20:03:28-04:00
RH,1528849,FY,2016-01-30,2109006000,752692000,185561000,91103000,2.16,126704000,119461000,2067944000,886160000,42256559,SalesRevenueNet,2026-09-12T20:03:28-04:00
RH,1528849,FY,2017-01-28,2134871000,679787000,53036000,5401000,0.13,80512000,170031000,2192520000,923829000,40926840,RevenueFromContractWithCustomerExcludingAssessedTax,2026-09-12T20:03:28-04:00
RH,1528849,FY,2018-02-03,2440174000,839298000,117115000,-2599000,-0.1,474505000,68393000,1732866000,-8155000,27053616,RevenueFromContractWithCustomerExcludingAssessedTax,2026-09-12T20:03:28-04:00
RH,1528849,FY,2019-02-02,2505653000,985577000,261736000,135731000,5.12,249603000,79992000,2423018000,-38690000,26533225,RevenueFromContractWithCustomerExcludingAssessedTax,2026-09-12T20:03:28-04:00
RH,1528849,FY,2020-02-01,2647437000,1095011000,362831000,220375000,9.07,339188000,93623000,2445694000,18651000,24299034,RevenueFromContractWithCustomerExcludingAssessedTax,2026-09-12T20:03:28-04:00
RH,1528849,FY,2021-01-30,,1325531000,466858000,271815000,9.96,500770000,111126000,2898313000,447026000,27302268,,2026-09-12T20:03:28-04:00
RH,1528849,FY,2022-01-29,,1855411000,927181000,688500000,22.13,662114000,185383000,5540470000,1170277000,31113395,,2026-09-12T20:03:28-04:00
RH,1528849,FY,2023-01-28,,1811985000,722157000,528600000,19.9,403687000,173642000,5309289000,784661000,26561988,,2026-09-12T20:03:28-04:00
RH,1528849,FY,2024-02-03,,1389019000,366071000,127600000,5.91,202214000,269356000,4143897000,-297394000,21600478,,2026-09-12T20:03:28-04:00
RH,1528849,FY,2025-02-01,,1414932000,322587000,72400000,3.62,17095000,230788000,4554689000,-163589000,19991599,,2026-09-12T20:03:28-04:00
RH,1528849,FY,2026-01-31,,1515757000,387268000,124800000,6.31,452241000,199843000,4835710000,60600000,19791251,,2026-09-12T20:03:28-04:00
RH,1528849,Q,2020-08-01,709282000,332419000,136568000,98423000,3.71,,,2506409000,128491000,26564705,RevenueFromContractWithCustomerExcludingAssessedTax,2026-09-12T20:03:28-04:00
RH,1528849,Q,2020-10-31,844013000,408330000,111221000,46411000,1.64,,,2679250000,296869000,28286124,RevenueFromContractWithCustomerExcludingAssessedTax,2026-09-12T20:03:28-04:00
RH,1528849,Q,2021-01-30,812436000,385128000,,130193000,4.31,,,2898313000,447026000,30179506,RevenueFromContractWithCustomerExcludingAssessedTax,2026-09-12T20:03:28-04:00
RH,1528849,Q,2021-05-01,,406977000,187888000,130656000,4.19,190875000,50251000,3237317000,594462000,31210011,,2026-09-12T20:03:28-04:00
RH,1528849,Q,2021-07-31,,487676000,248988000,226746000,7.09,,,3467152000,806343000,31979098,,2026-09-12T20:03:28-04:00
RH,1528849,Q,2021-10-30,,505254000,272539000,184099000,5.88,,,5420025000,1007804000,31291079,,2026-09-12T20:03:28-04:00
RH,1528849,Q,2022-04-30,,498583000,205288000,200711000,7.22,135949000,29364000,5887937000,1341790000,27808082,,2026-09-12T20:03:28-04:00
RH,1528849,Q,2022-07-30,,523218000,234414000,122275000,4.54,,,5831447000,1220244000,26934914,,2026-09-12T20:03:28-04:00
RH,1528849,Q,2022-10-29,,420778000,170250000,98760000,3.78,,,5883715000,1293947000,26098265,,2026-09-12T20:03:28-04:00
RH,1528849,Q,2023-04-29,,347545000,99240000,41890000,1.76,86738000,34190000,5319830000,839386000,23758788,,2026-09-12T20:03:28-04:00
RH,1528849,Q,2023-07-29,,380073000,151340000,76477000,3.36,,,4212831000,-284582000,22727560,,2026-09-12T20:03:28-04:00
RH,1528849,Q,2023-10-28,,340450000,51236000,-2187000,-0.12,,,4240619000,-333214000,18371545,,2026-09-12T20:03:28-04:00
RH,1528849,Q,2024-05-04,,316038000,54663000,-3625000,-0.2,56130000,66261000,4186539000,-289921000,18324454,,2026-09-12T20:03:28-04:00
RH,1528849,Q,2024-08-03,,374757000,96127000,28952000,1.45,,,4376396000,-234717000,19961610,,2026-09-12T20:03:28-04:00
RH,1528849,Q,2024-11-02,,361340000,101468000,33168000,1.66,,,4464222000,-183009000,19981011,,2026-09-12T20:03:28-04:00
RH,1528849,Q,2025-05-03,,355333000,55911000,8039000,0.4,86641000,52565000,4650256000,-110768000,19913234,,2026-09-12T20:03:28-04:00
RH,1528849,Q,2025-08-02,,409259000,128876000,51708000,2.62,,,4697021000,-40900000,19737331,,2026-09-12T20:03:28-04:00
RH,1528849,Q,2025-11-01,,389736000,105930000,36265000,1.83,,,4793741000,3346000,19807541,,2026-09-12T20:03:28-04:00
RH,1528849,Q,2026-05-02,,331259000,34243000,-13697000,-0.73,52501000,39220000,4947677000,56927000,18845313,,2026-09-12T20:03:28-04:00
RH,1528849,Q,2026-08-01,,444853000,107573000,60167000,3.06,,,5131100000,120347000,19669307,,2026-09-12T20:03:28-04:00
REF,1787117,Q,2025-06-28,125073000,80566000,12588000,6915000,0.13,,,,429240000,51273182,RevenueFromContractWithCustomerExcludingAssessedTax,2026-09-12T20:03:28-04:00
REF,1787117,Q,2026-06-27,155233000,103472000,19024000,12408000,0.23,,,1005156000,376729000,52948297,RevenueFromContractWithCustomerExcludingAssessedTax,2026-09-12T20:03:28-04:00
SHOE,895447,FY,2015-01-31,,273679000,41853000,25527000,1.27,57654000,33543000,465016000,331198000,19791000,,2026-09-12T20:03:28-04:00
SHOE,895447,FY,2016-01-30,,290516000,46633000,28767000,1.45,58555000,27901000,481093000,339802000,19427000,,2026-09-12T20:03:28-04:00
SHOE,895447,FY,2017-01-28,1001102000,289235000,37912000,23517000,1.28,63789000,21832000,458478000,318882000,18022000,Revenues,2026-09-12T20:03:28-04:00
SHOE,895447,FY,2018-02-03,1019154000,296269000,37701000,18933000,1.15,40348000,19653000,415580000,307302000,16227000,Revenues,2026-09-12T20:03:28-04:00
SHOE,895447,FY,2019-02-02,1029650000,308992000,49760000,38135000,2.45,74141000,7413000,417999000,304433000,15499000,Revenues,2026-09-12T20:03:28-04:00
SHOE,895447,FY,2020-02-01,1036551000,311869000,54209000,42914000,1.46,66946000,18501000,628374000,297363000,29372000,Revenues,2026-09-12T20:03:28-04:00
SHOE,895447,FY,2021-01-30,976765000,279982000,21865000,15991000,0.56,63395000,12396000,642747000,310176000,28496000,Revenues,2026-09-12T20:03:28-04:00
SHOE,895447,FY,2022-01-29,1330394000,526787000,207654000,154900000,5.42,147893000,31387000,812264000,452533000,28596000,Revenues,2026-09-12T20:03:28-04:00
SHOE,895447,FY,2023-01-28,1262235000,468164000,146444000,110100000,3.96,50438000,77293000,989781000,525568000,27812000,RevenueFromContractWithCustomerExcludingAssessedTax,2026-09-12T20:03:28-04:00
SHOE,895447,FY,2024-02-03,1175882000,421390000,93505000,73300000,2.68,122756000,56281000,1042025000,583389000,27407000,RevenueFromContractWithCustomerExcludingAssessedTax,2026-09-12T20:03:28-04:00
SHOE,895447,FY,2025-02-01,1202885000,428794000,91152000,73800000,2.68,102638000,33161000,1124133000,648996000,27524000,RevenueFromContractWithCustomerExcludingAssessedTax,2026-09-12T20:03:28-04:00
SHOE,895447,FY,2026-01-31,1135324000,415150000,66758000,52300000,1.9,71300000,44716000,1201743000,689666000,27535000,RevenueFromContractWithCustomerExcludingAssessedTax,2026-09-12T20:03:28-04:00
SHOE,895447,Q,2020-05-02,147495000,31464000,-23261000,-16190000,-1.16,-42863000,3189000,629550000,279458000,13992000,Revenues,2026-09-12T20:03:28-04:00
SHOE,895447,Q,2020-08-01,300794000,82605000,14398000,10060000,0.35,,,689518000,288987000,28429000,Revenues,2026-09-12T20:03:28-04:00
SHOE,895447,Q,2020-10-31,274579000,87761000,20163000,14678000,0.51,,,623343000,303217000,28533000,Revenues,2026-09-12T20:03:28-04:00
SHOE,895447,Q,2021-05-01,328457000,130158000,57603000,43242000,1.51,76520000,4083000,750089000,350275000,28647000,Revenues,2026-09-12T20:03:28-04:00
SHOE,895447,Q,2021-07-31,332230000,135752000,59714000,44212000,1.54,,,784056000,389912000,28652000,Revenues,2026-09-12T20:03:28-04:00
SHOE,895447,Q,2021-10-30,356336000,144056000,62424000,46836000,1.64,,,786509000,432546000,28547000,Revenues,2026-09-12T20:03:28-04:00
SHOE,895447,Q,2022-04-30,317527000,112863000,35384000,26897000,0.95,17703000,26907000,861734000,455714000,28331000,Revenues,2026-09-12T20:03:28-04:00
SHOE,895447,Q,2022-07-30,312268000,113130000,38789000,28909000,1.04,,,914515000,483632000,27812000,Revenues,2026-09-12T20:03:28-04:00
SHOE,895447,Q,2022-10-29,341661000,130849000,43577000,32652000,1.18,,,966336000,505585000,27700000,Revenues,2026-09-12T20:03:28-04:00
SHOE,895447,Q,2023-04-29,281184000,98517000,20939000,16526000,0.6,2052000,15005000,976629000,537680000,27505000,Revenues,2026-09-12T20:03:28-04:00
SHOE,895447,Q,2023-07-29,294615000,105465000,24662000,19441000,0.71,,,1043204000,555519000,27410000,Revenues,2026-09-12T20:03:28-04:00
SHOE,895447,Q,2023-10-28,319914000,117701000,27935000,21861000,0.8,,,1023472000,569906000,27400000,Revenues,2026-09-12T20:03:28-04:00
SHOE,895447,Q,2024-05-04,300365000,106800000,22507000,17286000,0.63,17059000,10192000,1092582000,597804000,27408000,RevenueFromContractWithCustomerExcludingAssessedTax,2026-09-12T20:03:28-04:00
SHOE,895447,Q,2024-08-03,332696000,119943000,30079000,22573000,0.82,,,1115027000,618495000,27500000,RevenueFromContractWithCustomerExcludingAssessedTax,2026-09-12T20:03:28-04:00
SHOE,895447,Q,2024-11-02,306885000,110382000,24529000,19242000,0.7,,,1124429000,635658000,27565000,RevenueFromContractWithCustomerExcludingAssessedTax,2026-09-12T20:03:28-04:00
SHOE,895447,Q,2025-05-03,277715000,95777000,11965000,9343000,0.34,-9637000,13346000,1140158000,653581000,27476000,RevenueFromContractWithCustomerExcludingAssessedTax,2026-09-12T20:03:28-04:00
SHOE,895447,Q,2025-08-02,306388000,118808000,25228000,19225000,0.7,,,1165253000,670690000,27455000,RevenueFromContractWithCustomerExcludingAssessedTax,2026-09-12T20:03:28-04:00
SHOE,895447,Q,2025-11-01,297155000,111837000,18623000,14646000,0.53,,,1172541000,683177000,27597000,RevenueFromContractWithCustomerExcludingAssessedTax,2026-09-12T20:03:28-04:00
SHOE,895447,Q,2026-05-02,270730000,90101000,-6037000,-5628000,-0.21,23079000,10435000,1159075000,673400000,27387000,RevenueFromContractWithCustomerExcludingAssessedTax,2026-09-12T20:03:28-04:00
SHOE,895447,Q,2026-08-01,284309000,90611000,7615000,6259000,0.23,,,1167621000,676793000,27315000,RevenueFromContractWithCustomerExcludingAssessedTax,2026-09-12T20:03:28-04:00
VNCE,1579157,FY,2015-01-31,,166829000,70250000,35723000,0.93,80266000,,378648000,71969000,38244906,,2026-09-12T20:03:28-04:00
VNCE,1579157,FY,2016-01-30,,132516000,15726000,5099000,1.36,51628000,,363568000,78502000,3752922,,2026-09-12T20:03:28-04:00
VNCE,1579157,FY,2017-01-28,268199000,122819000,-64672000,-162659000,-35.04,-29714000,,239480000,-13981000,4642053,RevenueFromContractWithCustomerExcludingAssessedTax,2026-09-12T20:03:28-04:00
VNCE,1579157,FY,2018-02-03,272582000,121789000,-18317000,58597000,7.7,-40372000,,234534000,99869000,7608427,RevenueFromContractWithCustomerExcludingAssessedTax,2026-09-12T20:03:28-04:00
VNCE,1579157,FY,2019-02-02,361679000,169406000,5357000,-1958000,-0.17,2616000,,297032000,99246000,11619828,RevenueFromContractWithCustomerExcludingAssessedTax,2026-09-12T20:03:28-04:00
VNCE,1579157,FY,2020-02-01,375187000,178430000,-20390000,30396000,2.55,16819000,,362302000,130780000,11769689,RevenueFromContractWithCustomerExcludingAssessedTax,2026-09-12T20:03:28-04:00
VNCE,1579157,FY,2021-01-30,219870000,88597000,-61080000,-65649000,-5.58,-25071000,,332944000,66207000,11769689,RevenueFromContractWithCustomerExcludingAssessedTax,2026-09-12T20:03:28-04:00
VNCE,1579157,FY,2022-01-29,322683000,146570000,483000,-12704000,-1.07,-221000,,337227000,55780000,11902307,RevenueFromContractWithCustomerExcludingAssessedTax,2026-09-12T20:03:28-04:00
VNCE,1579157,FY,2023-01-28,357442000,137970000,-25422000,-38346000,-3.14,-19261000,,303345000,20257000,12223004,RevenueFromContractWithCustomerExcludingAssessedTax,2026-09-12T20:03:28-04:00
VNCE,1579157,FY,2024-02-03,292890000,133292000,31624000,25427000000,2.04,1640000,,225149000,47153000,12478215,RevenueFromContractWithCustomerExcludingAssessedTax,2026-09-12T20:03:28-04:00
VNCE,1579157,FY,2025-02-01,293452000,145179000,-17176000,-19047000000,-1.51,22059000,,222735000,41759000,12579588,RevenueFromContractWithCustomerExcludingAssessedTax,2026-09-12T20:03:28-04:00
VNCE,1579157,FY,2026-01-31,300007000,149143000,9238000,6378000000,0.49,2987000,,225041000,50100000,13075787,RevenueFromContractWithCustomerExcludingAssessedTax,2026-09-12T20:03:28-04:00
VNCE,1579157,Q,2020-05-02,39018000,16000000,-49418000,-48178000,-4.12,-8780000,,330808000,82898000,11693959,RevenueFromContractWithCustomerExcludingAssessedTax,2026-09-12T20:03:28-04:00
VNCE,1579157,Q,2020-08-01,37022000,13340000,-14008000,-15062000,-1.28,,,336707000,68366000,11784007,RevenueFromContractWithCustomerExcludingAssessedTax,2026-09-12T20:03:28-04:00
VNCE,1579157,Q,2020-10-31,69022000,31654000,6264000,4963000,0.42,,,354454000,73146000,11807498,RevenueFromContractWithCustomerExcludingAssessedTax,2026-09-12T20:03:28-04:00
VNCE,1579157,Q,2021-05-01,57533000,25483000,-7101000,-11622000,-0.98,-2794000,,325815000,54964000,11812710,RevenueFromContractWithCustomerExcludingAssessedTax,2026-09-12T20:03:28-04:00
VNCE,1579157,Q,2021-07-31,78673000,35378000,2635000,-590000,-0.05,,,331192000,54903000,11898360,RevenueFromContractWithCustomerExcludingAssessedTax,2026-09-12T20:03:28-04:00
VNCE,1579157,Q,2021-10-30,87450000,42133000,3134000,2215000,0.18,,,348902000,57706000,12019429,RevenueFromContractWithCustomerExcludingAssessedTax,2026-09-12T20:03:28-04:00
VNCE,1579157,Q,2022-04-30,78376000,35635000,-5285000,-7169000,-0.6,-4408000,,329318000,49394000,12030826,RevenueFromContractWithCustomerExcludingAssessedTax,2026-09-12T20:03:28-04:00
VNCE,1579157,Q,2022-07-30,89194000,36372000,-5204000,-14989000,-1.23,,,369218000,35447000,12220693,RevenueFromContractWithCustomerExcludingAssessedTax,2026-09-12T20:03:28-04:00
VNCE,1579157,Q,2022-10-29,98564000,29803000,-9395000,-5236000,-0.43,,,349281000,30716000,12307952,RevenueFromContractWithCustomerExcludingAssessedTax,2026-09-12T20:03:28-04:00
VNCE,1579157,Q,2023-04-29,64056000,29592000,-2376000,-381000,-0.03,5278000,,284094000,20301000,12342355,RevenueFromContractWithCustomerExcludingAssessedTax,2026-09-12T20:03:28-04:00
VNCE,1579157,Q,2023-07-29,69447000,32348000,32850000,29512000,2.36,,,262386000,50099000,12479667,RevenueFromContractWithCustomerExcludingAssessedTax,2026-09-12T20:03:28-04:00
VNCE,1579157,Q,2023-10-28,84076000,37185000,2829000,983000,0.08,,,245292000,51412000,12497328,RevenueFromContractWithCustomerExcludingAssessedTax,2026-09-12T20:03:28-04:00
VNCE,1579157,Q,2024-05-04,59171000,29913000,5604000,4380000,0.35,-3878000,,223079000,51656000,12611901,RevenueFromContractWithCustomerExcludingAssessedTax,2026-09-12T20:03:28-04:00
VNCE,1579157,Q,2024-08-03,74169000,35131000,1130000,569000,0.05,,,253623000,52441000,12617085,RevenueFromContractWithCustomerExcludingAssessedTax,2026-09-12T20:03:28-04:00
VNCE,1579157,Q,2024-11-02,80162000,40058000,5761000,4349000,0.34,,,254704000,57104000,12698188,RevenueFromContractWithCustomerExcludingAssessedTax,2026-09-12T20:03:28-04:00
VNCE,1579157,Q,2025-05-03,57933000,29163000,-4438000,-4803000,-0.37,-11817000,,217957000,37167000,12820338,RevenueFromContractWithCustomerExcludingAssessedTax,2026-09-12T20:03:28-04:00
VNCE,1579157,Q,2025-08-02,73241000,36938000,11151000,12060000,0.93,,,238972000,49295000,12958739,RevenueFromContractWithCustomerExcludingAssessedTax,2026-09-12T20:03:28-04:00
VNCE,1579157,Q,2025-11-01,85126000,41907000,5435000,2726000,0.21,,,246003000,53392000,13217008,RevenueFromContractWithCustomerExcludingAssessedTax,2026-09-12T20:03:28-04:00
VNCE,1579157,Q,2026-05-02,64035000,32392000,-2647000,-2101000,-0.16,-8911000,,219792000,48157000,12846848,RevenueFromContractWithCustomerExcludingAssessedTax,2026-09-12T20:03:28-04:00
VNCE,1579157,Q,2026-08-01,81788000,49834000,13553000,10597000,0.8,,,228912000,58790000,13189644,RevenueFromContractWithCustomerExcludingAssessedTax,2026-09-12T20:03:28-04:00
ZUMZ,1318008,FY,2015-01-31,811551000,287083000,71571000,43192000,1.47,89937000,35758000,493705000,359524000,29288000,SalesRevenueNet,2026-09-12T20:03:28-04:00
ZUMZ,1318008,FY,2016-01-30,804183000,268624000,46165000,28785000,1.04,49321000,34834000,414695000,296957000,27673000,SalesRevenueNet,2026-09-12T20:03:28-04:00
ZUMZ,1318008,FY,2017-01-28,836268000,275002000,39743000,25904000,1.04,48458000,20400000,426683000,307051000,24908000,RevenueFromContractWithCustomerExcludingAssessedTax,2026-09-12T20:03:28-04:00
ZUMZ,1318008,FY,2018-02-03,927401000,309874000,48760000,26802000,1.08,65524000,24062000,499510000,355915000,24878000,RevenueFromContractWithCustomerExcludingAssessedTax,2026-09-12T20:03:28-04:00
ZUMZ,1318008,FY,2019-02-02,978617000,335936000,61078000,45205000,1.79,65406000,21028000,534190000,400456000,25212000,RevenueFromContractWithCustomerExcludingAssessedTax,2026-09-12T20:03:28-04:00
ZUMZ,1318008,FY,2020-02-01,1034129000,366563000,85807000,66881000,2.62,106070000,18818000,914258000,466086000,25535000,RevenueFromContractWithCustomerExcludingAssessedTax,2026-09-12T20:03:28-04:00
ZUMZ,1318008,FY,2021-01-30,990652000,350015000,96938000,76227000,3,138412000,9057000,998364000,552596000,25398000,RevenueFromContractWithCustomerExcludingAssessedTax,2026-09-12T20:03:28-04:00
ZUMZ,1318008,FY,2022-01-29,1183867000,456730000,157810000,119300000,4.85,134950000,15749000,862012000,468318000,24593000,RevenueFromContractWithCustomerExcludingAssessedTax,2026-09-12T20:03:28-04:00
ZUMZ,1318008,FY,2023-01-28,958380000,324678000,31100000,21000000,1.08,-379000,25627000,747903000,407328000,19428000,RevenueFromContractWithCustomerExcludingAssessedTax,2026-09-12T20:03:28-04:00
ZUMZ,1318008,FY,2024-02-03,875486000,280890000,-64789000,-62600000,-3.25,14755000,20350000,664226000,353210000,19290000,RevenueFromContractWithCustomerExcludingAssessedTax,2026-09-12T20:03:28-04:00
ZUMZ,1318008,FY,2025-02-01,889202000,303040000,1950000,-1700000,-0.09,20701000,15004000,634881000,328977000,18918000,RevenueFromContractWithCustomerExcludingAssessedTax,2026-09-12T20:03:28-04:00
ZUMZ,1318008,FY,2026-01-31,929057000,332535000,17041000,13400000,0.78,53474000,11061000,644171000,324285000,17248000,RevenueFromContractWithCustomerExcludingAssessedTax,2026-09-12T20:03:28-04:00
ZUMZ,1318008,Q,2020-05-02,137772000,23736000,-27848000,-21101000,-0.84,-17542000,2504000,861433000,431154000,25040000,RevenueFromContractWithCustomerExcludingAssessedTax,2026-09-12T20:03:28-04:00
ZUMZ,1318008,Q,2020-08-01,250392000,90850000,33112000,25392000,1.01,,,936896000,470026000,25128000,RevenueFromContractWithCustomerExcludingAssessedTax,2026-09-12T20:03:28-04:00
ZUMZ,1318008,Q,2020-10-31,270952000,105806000,37865000,29139000,1.16,,,974154000,499186000,25219000,RevenueFromContractWithCustomerExcludingAssessedTax,2026-09-12T20:03:28-04:00
ZUMZ,1318008,Q,2021-05-01,279069000,103169000,34280000,26385000,1.03,26925000,2825000,1017804000,581781000,25676000,RevenueFromContractWithCustomerExcludingAssessedTax,2026-09-12T20:03:28-04:00
ZUMZ,1318008,Q,2021-07-31,268666000,104965000,31954000,23998000,0.94,,,1030742000,594296000,25651000,RevenueFromContractWithCustomerExcludingAssessedTax,2026-09-12T20:03:28-04:00
ZUMZ,1318008,Q,2021-10-30,289455000,114664000,39842000,30702000,1.25,,,978189000,531742000,24629000,RevenueFromContractWithCustomerExcludingAssessedTax,2026-09-12T20:03:28-04:00
ZUMZ,1318008,Q,2022-04-30,220686000,72374000,497000,-397000,-0.02,-24477000,3562000,768114000,376897000,19533000,RevenueFromContractWithCustomerExcludingAssessedTax,2026-09-12T20:03:28-04:00
ZUMZ,1318008,Q,2022-07-30,219993000,75064000,4955000,3067000,0.16,,,760611000,378296000,19262000,RevenueFromContractWithCustomerExcludingAssessedTax,2026-09-12T20:03:28-04:00
ZUMZ,1318008,Q,2022-10-29,237591000,81983000,10439000,6932000,0.36,,,749807000,380670000,19248000,RevenueFromContractWithCustomerExcludingAssessedTax,2026-09-12T20:03:28-04:00
ZUMZ,1318008,Q,2023-04-29,182887000,49358000,-21354000,-18382000,-0.96,-12879000,5438000,741498000,391843000,19197000,RevenueFromContractWithCustomerExcludingAssessedTax,2026-09-12T20:03:28-04:00
ZUMZ,1318008,Q,2023-07-29,194438000,61678000,-10493000,-8509000,-0.44,,,745834000,385424000,19311000,RevenueFromContractWithCustomerExcludingAssessedTax,2026-09-12T20:03:28-04:00
ZUMZ,1318008,Q,2023-10-28,216339000,73204000,-157000,-2231000,-0.12,,,743026000,379464000,19327000,RevenueFromContractWithCustomerExcludingAssessedTax,2026-09-12T20:03:28-04:00
ZUMZ,1318008,Q,2024-05-04,177388000,51899000,-20155000,-16780000,-0.86,-18577000,2546000,656621000,337335000,19465000,RevenueFromContractWithCustomerExcludingAssessedTax,2026-09-12T20:03:28-04:00
ZUMZ,1318008,Q,2024-08-03,210179000,71794000,-393000,-847000,-0.04,,,669527000,319804000,19284000,RevenueFromContractWithCustomerExcludingAssessedTax,2026-09-12T20:03:28-04:00
ZUMZ,1318008,Q,2024-11-02,222475000,78314000,2368000,1159000,0.06,,,645974000,317088000,18881000,RevenueFromContractWithCustomerExcludingAssessedTax,2026-09-12T20:03:28-04:00
ZUMZ,1318008,Q,2025-05-03,184343000,55315000,-19872000,-14330000,-0.79,-22084000,2219000,599100000,298478000,18116000,RevenueFromContractWithCustomerExcludingAssessedTax,2026-09-12T20:03:28-04:00
ZUMZ,1318008,Q,2025-08-02,214275000,76018000,107000,-1002000,-0.06,,,623388000,292437000,16698000,RevenueFromContractWithCustomerExcludingAssessedTax,2026-09-12T20:03:28-04:00
ZUMZ,1318008,Q,2025-11-01,239132000,89803000,11773000,9160000,0.55,,,633110000,298542000,16653000,RevenueFromContractWithCustomerExcludingAssessedTax,2026-09-12T20:03:28-04:00
ZUMZ,1318008,Q,2026-05-02,193348000,61343000,-15192000,-13266000,-0.82,-28095000,1707000,618739000,305865000,16205000,RevenueFromContractWithCustomerExcludingAssessedTax,2026-09-12T20:03:28-04:00
ZUMZ,1318008,Q,2026-08-01,208964000,73851000,-1324000,-2743000,-0.17,,,627390000,279013000,15708000,RevenueFromContractWithCustomerExcludingAssessedTax,2026-09-12T20:03:28-04:00
