ticker,name,sector,sub_industry,index,first_seen,last_seen_in_index,status,dropped_on
A,Agilent Technologies,Health Care,Life Sciences Tools & Services,S&P 500,2026-09-04,2026-09-15,active,
AA,Alcoa,Materials,Aluminum,S&P 400,2026-09-04,2026-09-15,active,
AAC,Ares Acquisition Corporation III Class A Ordinary Shares,,,NYSE,2026-09-04,2026-09-15,active,
AACI,Armada Acquisition Corp. III - Class A Ordinary Share,,,Nasdaq,2026-09-04,2026-09-15,active,
AACO,Abony Acquisition Corp. I - Class A Ordinary Share,,,Nasdaq,2026-09-04,2026-09-15,active,
AACP,Apogee Acquisition Corp - Class A Ordinary Shares,,,Nasdaq,2026-09-04,2026-09-15,active,
AADX,"Applied Aerospace & Defense, Inc. Common Stock",,,NYSE,2026-09-04,2026-09-15,active,
AAL,American Airlines Group,Industrials,Passenger Airlines,S&P 400,2026-09-04,2026-09-15,active,
AAMI,Acadian Asset Management Inc.,Financials,Asset Management & Custody Banks,S&P 600,2026-09-04,2026-09-15,active,
AAOI,"Applied Optoelectronics, Inc. - Common Stock",,,Nasdaq,2026-09-04,2026-09-15,active,
AAON,AAON,Industrials,Building Products,S&P 400,2026-09-04,2026-09-15,active,
AAP,"Advance Auto Parts, Inc.",Consumer Discretionary,Automotive Retail,S&P 600,2026-09-04,2026-09-15,active,
AAPG,Ascentage Pharma Group International - American Depository Shares,,,Nasdaq,2026-09-04,2026-09-15,active,
AAPL,Apple Inc.,Information Technology,"Technology Hardware, Storage & Peripherals",S&P 500,2026-09-04,2026-09-15,active,
AARD,"Aardvark Therapeutics, Inc. - Common Stock",,,Nasdaq,2026-09-04,2026-09-15,active,
AAT,American Assets Trust,Real Estate,Diversified REITs,S&P 600,2026-09-04,2026-09-15,active,
AAUC,Allied Gold Corporation Common Shares,,,NYSE,2026-09-04,2026-09-15,active,
AB,AllianceBernstein Holding L.P.  Units,,,NYSE,2026-09-04,2026-09-15,active,
ABAT,American Battery Technology Company - Common Stock,,,Nasdaq,2026-09-04,2026-09-15,active,
ABBV,AbbVie,Health Care,Biotechnology,S&P 500,2026-09-04,2026-09-15,active,
ABCB,Ameris Bancorp,Financials,Regional Banks,S&P 600,2026-09-04,2026-09-15,active,
ABCL,AbCellera Biologics Inc. - Common Shares,,,Nasdaq,2026-09-04,2026-09-15,active,
ABEO,Abeona Therapeutics Inc. - Common Stock,,,Nasdaq,2026-09-04,2026-09-15,active,
ABG,Asbury Automotive Group,Consumer Discretionary,Automotive Retail,S&P 600,2026-09-04,2026-09-15,active,
ABLV,Able View Global Inc. - Class B Ordinary Shares,,,Nasdaq,2026-09-04,2026-09-15,active,
ABM,"ABM Industries, Inc.",Industrials,Environmental & Facilities Services,S&P 600,2026-09-04,2026-09-15,active,
ABNB,Airbnb,Consumer Discretionary,"Hotels, Resorts & Cruise Lines",S&P 500,2026-09-04,2026-09-15,active,
ABOS,"Acumen Pharmaceuticals, Inc. - Common Stock",,,Nasdaq,2026-09-04,2026-09-15,active,
ABR,Arbor Realty Trust,Financials,Mortgage REITs,S&P 600,2026-09-04,2026-09-15,active,
ABSI,Absci Corporation - Common Stock,,,Nasdaq,2026-09-04,2026-09-15,active,
ABT,Abbott Laboratories,Health Care,Health Care Equipment,S&P 500,2026-09-04,2026-09-15,active,
ABTC,American Bitcoin Corp. - Class A Common Stock,,,Nasdaq,2026-09-04,2026-09-15,active,
ABTS,Abits Group Inc - Ordinary Shares,,,Nasdaq,2026-09-04,2026-09-15,active,
ABUS,Arbutus Biopharma Corporation - Common Stock,,,Nasdaq,2026-09-04,2026-09-15,active,
ABVC,"ABVC BioPharma, Inc. - Common Stock",,,Nasdaq,2026-09-04,2026-09-15,active,
ABX,"Abacus Global Management, Inc. Class A Common Stock",,,NYSE,2026-09-04,2026-09-15,active,
ABXL,"Abacus Global Management, Inc. 9.875% Fixed Rate Senior Notes due 2028",,,NYSE,2026-09-04,2026-09-15,active,
ACA,"Arcosa, Inc.",Industrials,Construction & Engineering,S&P 600,2026-09-04,2026-09-15,active,
ACAA,Averin Capital Acquisition Corp. - Class A Ordinary Shares,,,Nasdaq,2026-09-04,2026-09-15,active,
ACAD,Acadia Pharmaceuticals,Health Care,Pharmaceuticals,S&P 600,2026-09-04,2026-09-15,active,
ACB,Aurora Cannabis Inc. - Common Shares,,,Nasdaq,2026-09-04,2026-09-15,active,
ACCL,Acco Group Holdings Limited - Class A Ordinary Shares,,,Nasdaq,2026-09-04,2026-09-15,active,
ACCO,Acco Brands Corporation Common Stock,,,NYSE,2026-09-04,2026-09-15,active,
ACCS,ACCESS Newswire Inc. Common Stock,,,NYSE American,2026-09-04,2026-09-15,active,
ACDC,ProFrac Holding Corp. - Class A Common Stock,,,Nasdaq,2026-09-04,2026-09-15,active,
ACEL,"Accel Entertainment, Inc.",,,NYSE,2026-09-04,2026-09-15,active,
ACET,"Adicet Bio, Inc. - Common Stock",,,Nasdaq,2026-09-04,2026-09-15,active,
ACFN,"Acorn Energy, Inc. - Common Stock",,,Nasdaq,2026-09-04,2026-09-15,active,
ACGC,ACP Holdings Acquisition Corp. - Class A Ordinary Shares,,,Nasdaq,2026-09-04,2026-09-15,active,
ACGL,Arch Capital Group,Financials,Property & Casualty Insurance,S&P 500,2026-09-04,2026-09-15,active,
ACH,"Accendra Health, Inc. Common Stock",,,NYSE,2026-09-04,2026-09-15,active,
ACHC,Acadia Healthcare,Health Care,Health Care Facilities,S&P 600,2026-09-04,2026-09-15,active,
ACHR,Archer Aviation Inc. Class A Common Stock,,,NYSE,2026-09-04,2026-09-15,active,
ACHV,"Achieve Life Sciences, Inc.  - Common Shares",,,Nasdaq,2026-09-04,2026-09-15,active,
ACI,Albertsons,Consumer Staples,Food Retail,S&P 400,2026-09-04,2026-09-15,active,
ACIC,American Coastal Insurance Corporation - Common Stock,,,Nasdaq,2026-09-04,2026-09-15,active,
ACIU,AC Immune SA - Common Stock,,,Nasdaq,2026-09-04,2026-09-15,active,
ACIW,ACI Worldwide,Information Technology,Application Software,S&P 600,2026-09-04,2026-09-15,active,
ACLS,"Axcelis Technologies, Inc.",Information Technology,Semiconductor Materials & Equipment,S&P 600,2026-09-04,2026-09-15,active,
ACM,AECOM,Industrials,Construction & Engineering,S&P 400,2026-09-04,2026-09-15,active,
ACMR,"ACM Research, Inc.",Information Technology,Semiconductor Materials & Equipment,S&P 600,2026-09-04,2026-09-15,active,
ACN,Accenture,Information Technology,IT Consulting & Other Services,S&P 500,2026-09-04,2026-09-15,active,
ACNB,ACNB Corporation - Common Stock,,,Nasdaq,2026-09-04,2026-09-15,active,
ACNT,Ascent Industries Co. - Common Stock,,,Nasdaq,2026-09-04,2026-09-15,active,
ACOG,Alpha Cognition Inc. - Common Stock,,,Nasdaq,2026-09-04,2026-09-15,active,
ACON,"Aclarion, Inc. - Common Stock",,,Nasdaq,2026-09-04,2026-09-15,active,
ACP,abrdn Income Credit Strategies Fund Common Shares,,,NYSE,2026-09-04,2026-09-15,active,
ACR,ACRES Commercial Realty Corp. Common Stock,,,NYSE,2026-09-04,2026-09-15,active,
ACRE,Ares Commercial Real Estate Corporation Common Stock,,,NYSE,2026-09-04,2026-09-15,active,
ACRS,"Aclaris Therapeutics, Inc. - Common Stock",,,Nasdaq,2026-09-04,2026-09-15,active,
ACRV,"Acrivon Therapeutics, Inc. - Common Stock",,,Nasdaq,2026-09-04,2026-09-15,active,
ACT,"Enact Holdings, Inc.",Financials,Commercial & Residential Mortgage Finance,S&P 600,2026-09-04,2026-09-15,active,
ACTG,Acacia Research Corporation - Common Stock,,,Nasdaq,2026-09-04,2026-09-15,active,
ACU,Acme United Corporation. Common Stock,,,NYSE American,2026-09-04,2026-09-15,active,
ACVA,ACV Auctions Inc. Class A Common Stock,,,NYSE,2026-09-04,2026-09-15,active,
ACXP,"Acurx Pharmaceuticals, Inc. - Common Stock",,,Nasdaq,2026-09-04,2026-09-15,active,
AD,"Array Digital Infrastructure, Inc. Common Shares",,,NYSE,2026-09-04,2026-09-15,active,
ADAC,American Drive Acquisition Company - Class A Ordinary Shares,,,Nasdaq,2026-09-04,2026-09-15,active,
ADAG,"Adagene Inc. - ADS, each representing 1.25 ordinary shares",,,Nasdaq,2026-09-04,2026-09-15,active,
ADAM,"Adamas Trust, Inc.",Real Estate,Mortgage REITs,S&P 600,2026-09-04,2026-09-15,active,
ADAMG,"Adamas Trust, Inc. - 9.125% Senior Notes Due 2030",,,Nasdaq,2026-09-04,2026-09-15,active,
ADAMH,"Adamas Trust, Inc. - 9.875% Senior Notes Due 2030",,,Nasdaq,2026-09-04,2026-09-15,active,
ADAMI,"Adamas Trust, Inc. - 9.125% Senior Notes Due 2029",,,Nasdaq,2026-09-04,2026-09-15,active,
ADAMK,"Adamas Trust, Inc. - 9.600% Senior Notes Due 2031",,,Nasdaq,2026-09-04,2026-09-15,active,
ADAMO,"Adamas Trust, Inc. - 9.250% Senior Notes Due 2031",,,Nasdaq,2026-09-04,2026-09-15,active,
ADBE,Adobe Inc.,Information Technology,Application Software,S&P 500,2026-09-04,2026-09-15,active,
ADBT,"Advasa Holdings, Inc. - Common stock",,,Nasdaq,2026-09-04,2026-09-15,active,
ADC,Agree Realty,Real Estate,Retail REITs,S&P 400,2026-09-04,2026-09-15,active,
ADCT,ADC Therapeutics SA Common Shares,,,NYSE,2026-09-04,2026-09-15,active,
ADEA,"Adeia, Inc.",Information Technology,IT Consulting & Other Services,S&P 600,2026-09-04,2026-09-15,active,
ADI,Analog Devices,Information Technology,Semiconductors,S&P 500,2026-09-04,2026-09-15,active,
ADIG,ADI Global Distribution,Information Technology,Electronic Equipment & Instruments,S&P 600,2026-09-04,2026-09-15,active,
ADM,Archer Daniels Midland,Consumer Staples,Agricultural Products & Services,S&P 500,2026-09-04,2026-09-15,active,
ADMA,"ADMA Biologics, Inc.",Health Care,Biotechnology,S&P 600,2026-09-04,2026-09-15,active,
ADNT,Adient,Consumer Discretionary,Automotive Parts & Equipment,S&P 600,2026-09-04,2026-09-15,active,
ADP,Automatic Data Processing,Industrials,Human Resource & Employment Services,S&P 500,2026-09-04,2026-09-15,active,
ADPT,Adaptive Biotechnologies Corporation - Common Stock,,,Nasdaq,2026-09-04,2026-09-15,active,
ADSE,ADS-TEC ENERGY PLC - Ordinary Shares,,,Nasdaq,2026-09-04,2026-09-15,active,
ADSK,Autodesk,Information Technology,Application Software,S&P 500,2026-09-04,2026-09-15,active,
ADT,ADT Inc.,Consumer Discretionary,Specialized Consumer Services,S&P 600,2026-09-04,2026-09-15,active,
ADTN,"ADTRAN Holdings, Inc. - Common Stock",,,Nasdaq,2026-09-04,2026-09-15,active,
ADUR,Aduro Clean Technologies Inc. - Common Stock,,,Nasdaq,2026-09-04,2026-09-15,active,
ADUS,Addus HomeCare Corp.,Health Care,Health Care Services,S&P 600,2026-09-04,2026-09-15,active,
ADV,Advantage Solutions Inc.  - Class A Common Stock,,,Nasdaq,2026-09-04,2026-09-15,active,
ADVB,Advanced Biomed Inc. - Common Stock,,,Nasdaq,2026-09-04,2026-09-15,active,
ADX,Adams Diversified Equity Fund Inc.,,,NYSE,2026-09-04,2026-09-15,active,
AEAQ,Activate Energy Acquisition Corp. - Class A Ordinary Share,,,Nasdaq,2026-09-04,2026-09-15,active,
AEBI,Aebi Schmidt Holding AG - Common Stock,,,Nasdaq,2026-09-04,2026-09-15,active,
AEC,Anfield Energy Inc. - Common Shares,,,Nasdaq,2026-09-04,2026-09-15,active,
AEE,Ameren,Utilities,Multi-Utilities,S&P 500,2026-09-04,2026-09-15,active,
AEF,"abrdn Emerging Markets ex-China Fund, Inc. Common Stock",,,NYSE American,2026-09-04,2026-09-15,active,
AEFC,Aegon Funding Company LLC 5.10% Subordinated Notes due 2049,,,NYSE,2026-09-04,2026-09-15,active,
AEG,Aegon Ltd. New York Registry Shares,,,NYSE,2026-09-04,2026-09-15,active,
AEHL,Antelope Enterprise Holdings Limited - Class A Ordinary Shares,,,Nasdaq,2026-09-04,2026-09-15,active,
AEHR,Aehr Test Systems - Common Stock,,,Nasdaq,2026-09-04,2026-09-15,active,
AEI,Alset Inc. - Common Stock,,,Nasdaq,2026-09-04,2026-09-15,active,
AEIS,Advanced Energy,Information Technology,Semiconductor Materials & Equipment,S&P 400,2026-09-04,2026-09-15,active,
AEM,Agnico Eagle Mines Limited Common Stock,,,NYSE,2026-09-04,2026-09-15,active,
AEMD,"Aethlon Medical, Inc. - Common Stock",,,Nasdaq,2026-09-04,2026-09-15,active,
AENT,Alliance Entertainment Holding Corporation - common stock,,,Nasdaq,2026-09-04,2026-09-15,active,
AEO,American Eagle Outfitters,Consumer Discretionary,Apparel Retail,S&P 600,2026-09-04,2026-09-15,active,
AEON,"AEON Biopharma, Inc. Class A Common Stock",,,NYSE American,2026-09-04,2026-09-15,active,
AEP,American Electric Power,Utilities,Electric Utilities,S&P 500,2026-09-04,2026-09-15,active,
AER,AerCap Holdings N.V. Ordinary Shares,,,NYSE,2026-09-04,2026-09-15,active,
AERT,"Aeries Technology, Inc. - Class A Ordinary Share",,,Nasdaq,2026-09-04,2026-09-15,active,
AES,AES Corporation,Utilities,Independent Power Producers & Energy Traders,S&P 500,2026-09-04,2026-09-15,active,
AESI,"Atlas Energy Solutions, Inc.",Energy,Oil & Gas Equipment & Services,S&P 600,2026-09-04,2026-09-15,active,
AESP,Aeon Acquisition I Corp. - Class A Ordinary Shares,,,Nasdaq,2026-09-04,2026-09-15,active,
AEVA,"Aeva Technologies, Inc. - Common Stock",,,Nasdaq,2026-09-04,2026-09-15,active,
AEXA,American Exceptionalism Acquisition Corp. A Class A Ordinary Shares,,,NYSE,2026-09-04,2026-09-15,active,
AEYE,"AudioEye, Inc. - Common Stock",,,Nasdaq,2026-09-04,2026-09-15,active,
AFB,AllianceBernstein National Municipal Income Fund Inc,,,NYSE,2026-09-04,2026-09-15,active,
AFCG,Advanced Flower Capital Inc. - Common Stock,,,Nasdaq,2026-09-04,2026-09-15,active,
AFG,American Financial Group,Financials,Multi-line Insurance,S&P 400,2026-09-04,2026-09-15,active,
AFGB,"American Financial Group, Inc. 5.875% Subordinated Debentures due 2059",,,NYSE,2026-09-04,2026-09-15,active,
AFGC,"American Financial Group, Inc. 5.125% Subordinated Debentures due 2059",,,NYSE,2026-09-04,2026-09-15,active,
AFGD,"American Financial Group, Inc. 5.625% Subordinated Debentures due 2060",,,NYSE,2026-09-04,2026-09-15,active,
AFGE,"American Financial Group, Inc. 4.500% Subordinated Debentures due 2060",,,NYSE,2026-09-04,2026-09-15,active,
AFL,Aflac,Financials,Life & Health Insurance,S&P 500,2026-09-04,2026-09-15,active,
AFRI,Forafric Global PLC - Ordinary Shares,,,Nasdaq,2026-09-04,2026-09-15,active,
AFRM,"Affirm Holdings, Inc. - Class A Common Stock",,,Nasdaq,2026-09-04,2026-09-15,active,
AFYA,Afya Limited - Class A Common Shares,,,Nasdaq,2026-09-04,2026-09-15,active,
AG,First Majestic Silver Corp. Ordinary Shares (Canada),,,NYSE,2026-09-04,2026-09-15,active,
AGBK,AGI Inc Class A Common Shares,,,NYSE,2026-09-04,2026-09-15,active,
AGCC,Agencia Comercial Spirits Ltd - Class A Ordinary Share,,,Nasdaq,2026-09-04,2026-09-15,active,
AGCO,AGCO,Industrials,Agricultural & Farm Machinery,S&P 400,2026-09-04,2026-09-15,active,
AGEN,Agenus Inc. - Common Stock,,,Nasdaq,2026-09-04,2026-09-15,active,
AGI,Alamos Gold Inc. Class A Common Shares,,,NYSE,2026-09-04,2026-09-15,active,
AGIG,Abundia Global Impact Group Inc. Common stock,,,NYSE American,2026-09-04,2026-09-15,active,
AGIO,"Agios Pharmaceuticals, Inc. - Common Stock",,,Nasdaq,2026-09-04,2026-09-15,active,
AGL,"agilon health, inc. Common Stock",,,NYSE,2026-09-04,2026-09-15,active,
AGM,Federal Agricultural Mortgage Corporation Common Stock,,,NYSE,2026-09-04,2026-09-15,active,
AGMB,AgomAb Therapeutics NV - ADRs representing one common share.,,,Nasdaq,2026-09-04,2026-09-15,active,
AGMH,AGM Group Holdings Inc. - Class A Ordinary Shares,,,Nasdaq,2026-09-04,2026-09-15,active,
AGNC,AGNC Investment Corp. - Common Stock,,,Nasdaq,2026-09-04,2026-09-15,active,
AGNT,"eXp World Holdings, Inc.",Real Estate,Real Estate Services,S&P 600,2026-09-04,2026-09-15,active,
AGO,Assured Guaranty Ltd.,Financials,Property & Casualty Insurance,S&P 600,2026-09-04,2026-09-15,active,
AGPU,Axe Compute Inc. - Common Stock,,,Nasdaq,2026-09-04,2026-09-15,active,
AGRO,Adecoagro S.A. Common Shares,,,NYSE,2026-09-04,2026-09-15,active,
AGX,"Argan, Inc.",Industrials,Construction & Engineering,S&P 600,2026-09-04,2026-09-15,active,
AGYS,"Agilysys, Inc.",Information Technology,Application Software,S&P 600,2026-09-04,2026-09-15,active,
AHCO,AdaptHealth Corp.,Health Care,Health Care Equipment,S&P 600,2026-09-04,2026-09-15,active,
AHMA,Ambitions Enterprise Management Co. L.L.C - Class A Ordinary Shares,,,Nasdaq,2026-09-04,2026-09-15,active,
AHR,American Healthcare REIT,Real Estate,Health Care REITs,S&P 400,2026-09-04,2026-09-15,active,
AHRT,"AH Realty Trust, Inc. Common Stock",,,NYSE,2026-09-04,2026-09-15,active,
AHT,Ashford Hospitality Trust Inc Common Stock,,,NYSE,2026-09-04,2026-09-15,active,
AI,"C3.ai, Inc. Class A Common Stock",,,NYSE,2026-09-04,2026-09-15,active,
AIAI,AIAI Holdings Corporation - Class A common stock,,,Nasdaq,2026-09-04,2026-09-15,active,
AIB,AIB Data Centers Inc. Common Stock,,,NYSE American,2026-09-04,2026-09-15,active,
AIBZ,Bitzero Holdings Inc. - Common Shares,,,Nasdaq,2026-09-04,2026-09-15,active,
AIFA,"All In FutureTech Alliance, Inc. - Common Stock",,,Nasdaq,2026-09-04,2026-09-15,active,
AIFF,"Firefly Neuroscience, Inc.  - Common Stock",,,Nasdaq,2026-09-04,2026-09-15,active,
AIFU,AIFU Inc. - Class A Ordinary Share,,,Nasdaq,2026-09-04,2026-09-15,active,
AIG,American International Group,Financials,Multi-line Insurance,S&P 500,2026-09-04,2026-09-15,active,
AII,"American Integrity Insurance Group, Inc. Common Stock",,,NYSE,2026-09-04,2026-09-15,active,
AIIA,AI Infrastructure Acquisition Corp. Class A Ordinary Shares,,,NYSE,2026-09-04,2026-09-15,active,
AIIO,Robo.ai Inc. - Class B Ordinary Shares,,,Nasdaq,2026-09-04,2026-09-15,active,
AIIR,Air Global PLC - Ordinary shares,,,Nasdaq,2026-09-04,2026-09-15,active,
AIM,AIM ImmunoTech Inc. Common Stock,,,NYSE American,2026-09-04,2026-09-15,active,
AIMD,"Ainos, Inc. - Common Stock",,,Nasdaq,2026-09-04,2026-09-15,active,
AIN,Albany International Corp.,Industrials,Industrial Machinery & Supplies & Components,S&P 600,2026-09-04,2026-09-15,active,
AIOS,AIOS Tech Inc. - Class A Common Shares,,,Nasdaq,2026-09-04,2026-09-15,active,
AIOT,"PowerFleet, Inc. - Common Stock",,,Nasdaq,2026-09-04,2026-09-15,active,
AIP,"Arteris, Inc.  - Common Stock",,,Nasdaq,2026-09-04,2026-09-15,active,
AIR,AAR Corp.,Industrials,Aerospace & Defense,S&P 600,2026-09-04,2026-09-15,active,
AIRE,reAlpha Tech Corp. - Common Stock,,,Nasdaq,2026-09-04,2026-09-15,active,
AIRG,"Airgain, Inc. - Common Stock",,,Nasdaq,2026-09-04,2026-09-15,active,
AIRI,Air Industries Group Common Stock,,,NYSE American,2026-09-04,2026-09-15,active,
AIRJ,AirJoule Technologies Corporation - Class A Common Stock,,,Nasdaq,2026-09-04,2026-09-15,active,
AIRO,"AIRO Group Holdings, Inc. - Common Stock",,,Nasdaq,2026-09-04,2026-09-15,active,
AIRS,"AirSculpt Technologies, Inc. - Common Stock",,,Nasdaq,2026-09-04,2026-09-15,active,
AIRT,"Air T, Inc. - Common Stock",,,Nasdaq,2026-09-04,2026-09-15,active,
AISP,"Airship AI Holdings, Inc - Class A Common Stock",,,Nasdaq,2026-09-04,2026-09-15,active,
AIT,Applied Industrial Technologies,Industrials,Trading Companies & Distributors,S&P 400,2026-09-04,2026-09-15,active,
AIV,Apartment Investment and Management Company Common Stock,,,NYSE,2026-09-04,2026-09-15,active,
AIXC,"AIxCrypto Holdings, Inc. - Common Stock",,,Nasdaq,2026-09-04,2026-09-15,active,
AIZ,Assurant,Financials,Multi-line Insurance,S&P 500,2026-09-04,2026-09-15,active,
AIZN,"Assurant, Inc. 5.25% Subordinated Notes due 2061",,,NYSE,2026-09-04,2026-09-15,active,
AJG,Arthur J. Gallagher & Co.,Financials,Insurance Brokers,S&P 500,2026-09-04,2026-09-15,active,
AKA,a.k.a. Brands Holding Corp. Common Stock,,,NYSE,2026-09-04,2026-09-15,active,
AKAM,Akamai Technologies,Information Technology,Internet Services & Infrastructure,S&P 500,2026-09-04,2026-09-15,active,
AKBA,"Akebia Therapeutics, Inc. - Common Stock",,,Nasdaq,2026-09-04,2026-09-15,active,
AKR,Acadia Realty Trust,Real Estate,Retail REITs,S&P 600,2026-09-04,2026-09-15,active,
AKTS,"Aktis Oncology, Inc. - Common stock",,,Nasdaq,2026-09-04,2026-09-15,active,
ALAB,"Astera Labs, Inc. - Common Stock",,,Nasdaq,2026-09-04,2026-09-15,active,
ALB,Albemarle Corporation,Materials,Specialty Chemicals,S&P 500,2026-09-04,2026-09-15,active,
ALC,Alcon Inc. Ordinary Shares,,,NYSE,2026-09-04,2026-09-15,active,
ALCO,"Alico, Inc. - Common Stock",,,Nasdaq,2026-09-04,2026-09-15,active,
ALDF,Aldel Financial II Inc. - Class A Ordinary Shares,,,Nasdaq,2026-09-04,2026-09-15,active,
ALDX,"Aldeyra Therapeutics, Inc. - Common Stock",,,Nasdaq,2026-09-04,2026-09-15,active,
ALEC,"Alector, Inc. - Common Stock",,,Nasdaq,2026-09-04,2026-09-15,active,
ALF,Centurion Acquisition Corp. - Class A Ordinary Shares,,,Nasdaq,2026-09-04,2026-09-15,active,
ALG,Alamo Group,Industrials,Construction Machinery & Heavy Transportation Equipment,S&P 600,2026-09-04,2026-09-15,active,
ALGM,Allegro MicroSystems,Information Technology,Semiconductors,S&P 400,2026-09-04,2026-09-15,active,
ALGN,Align Technology,Health Care,Health Care Supplies,S&P 500,2026-09-04,2026-09-15,active,
ALGS,"Aligos Therapeutics, Inc. - Common stock",,,Nasdaq,2026-09-04,2026-09-15,active,
ALGT,Allegiant Travel Company,Industrials,Passenger Airlines,S&P 600,2026-09-04,2026-09-15,active,
ALH,Alliance Laundry Holdings Inc. Common Stock,,,NYSE,2026-09-04,2026-09-15,active,
ALHC,"Alignment Healthcare, Inc.",Health Care,Health Care Services,S&P 600,2026-09-04,2026-09-15,active,
ALIT,"Alight, Inc. Class A Common Stock",,,NYSE,2026-09-04,2026-09-15,active,
ALK,Alaska Air Group,Industrials,Passenger Airlines,S&P 400,2026-09-04,2026-09-15,active,
ALKS,Alkermes plc,Health Care,Pharmaceuticals,S&P 600,2026-09-04,2026-09-15,active,
ALKT,"Alkami Technology, Inc. - Common Stock",,,Nasdaq,2026-09-04,2026-09-15,active,
ALL,Allstate,Financials,Property & Casualty Insurance,S&P 500,2026-09-04,2026-09-15,active,
ALLE,Allegion,Industrials,Building Products,S&P 500,2026-09-04,2026-09-15,active,
ALLO,"Allogene Therapeutics, Inc. - Common Stock",,,Nasdaq,2026-09-04,2026-09-15,active,
ALLR,"Allarity Therapeutics, Inc. - Common stock",,,Nasdaq,2026-09-04,2026-09-15,active,
ALLT,Allot Ltd. - Ordinary Shares,,,Nasdaq,2026-09-04,2026-09-15,active,
ALLY,Ally Financial,Financials,Consumer Finance,S&P 400,2026-09-04,2026-09-15,active,
ALM,Almonty Industries Inc. - Common Shares,,,Nasdaq,2026-09-04,2026-09-15,active,
ALMR,"Alamar Biosciences, Inc. - Class A common stock",,,Nasdaq,2026-09-04,2026-09-15,active,
ALMS,Alumis Inc. - Common Stock,,,Nasdaq,2026-09-04,2026-09-15,active,
ALMU,"Aeluma, Inc. - Common Stock",,,Nasdaq,2026-09-04,2026-09-15,active,
ALNT,Allient Inc. - Common Stock,,,Nasdaq,2026-09-04,2026-09-15,active,
ALNY,"Alnylam Pharmaceuticals, Inc. - Common Stock",,,Nasdaq,2026-09-04,2026-09-15,active,
ALOV,"Aldabra 4 Liquidity Opportunity Vehicle, Inc. - Class A Ordinary Shares",,,Nasdaq,2026-09-04,2026-09-15,active,
ALOY,REalloys Inc. - Common Stock,,,Nasdaq,2026-09-04,2026-09-15,active,
ALPX,Alpex Acquisition Corporation - Class A Ordinary Shares,,,Nasdaq,2026-09-04,2026-09-15,active,
ALRM,"Alarm.Com, Inc.",Financials,Application Software,S&P 600,2026-09-04,2026-09-15,active,
ALRS,Alerus Financial Corporation - Common Stock,,,Nasdaq,2026-09-04,2026-09-15,active,
ALSN,Allison Transmission,Industrials,Construction Machinery & Heavy Transportation Equipment,S&P 400,2026-09-04,2026-09-15,active,
ALT,"Altimmune, Inc. - Common Stock",,,Nasdaq,2026-09-04,2026-09-15,active,
ALTG,Alta Equipment Group Inc. Class A Common Stock,,,NYSE,2026-09-04,2026-09-15,active,
ALTI,"AlTi Global, Inc. - Class A Common Stock",,,Nasdaq,2026-09-04,2026-09-15,active,
ALTO,"Alto Ingredients, Inc. - Common Stock",,,Nasdaq,2026-09-04,2026-09-15,active,
ALUB,Alussa Energy Acquisition Corp. II Class A Ordinary Shares,,,NYSE,2026-09-04,2026-09-15,active,
ALV,Autoliv,Consumer Discretionary,Automotive Parts & Equipment,S&P 400,2026-09-04,2026-09-15,active,
ALVO,Alvotech - Ordinary Shares,,,Nasdaq,2026-09-04,2026-09-15,active,
ALX,"Alexander's, Inc. Common Stock",,,NYSE,2026-09-04,2026-09-15,active,
ALXO,ALX Oncology Holdings Inc. - Common Stock,,,Nasdaq,2026-09-04,2026-09-15,active,
AM,Antero Midstream,Energy,Oil & Gas Storage & Transportation,S&P 400,2026-09-04,2026-09-15,active,
AMAC,AMR Resources Acquisition Corp - Class A Ordinary Shares,,,Nasdaq,2026-09-08,2026-09-15,active,
AMAL,Amalgamated Financial Corp. - Common Stock,,,Nasdaq,2026-09-04,2026-09-15,active,
AMAN,Amanat Acquisition Corp - Class A Ordinary Shares,,,Nasdaq,2026-09-04,2026-09-15,active,
AMAT,Applied Materials,Information Technology,Semiconductor Materials & Equipment,S&P 500,2026-09-04,2026-09-15,active,
AMBA,"Ambarella, Inc. - Ordinary Shares",,,Nasdaq,2026-09-04,2026-09-15,active,
AMBO,Ambow Education Holding Ltd. American Depository Shares (each representing twenty (20) Class A Ordinary Shares),,,NYSE American,2026-09-04,2026-09-15,active,
AMBP,Ardagh Metal Packaging S.A. Ordinary Shares,,,NYSE,2026-09-04,2026-09-15,active,
AMBQ,"Ambiq Micro, Inc. Common Stock",,,NYSE,2026-09-04,2026-09-15,active,
AMC,"AMC Entertainment Holdings, Inc. Class A Common Stock",,,NYSE,2026-09-04,2026-09-15,active,
AMCI,AMC Robotics Corporation - Common Stock,,,Nasdaq,2026-09-04,2026-09-15,active,
AMCR,Amcor,Materials,Paper & Plastic Packaging Products & Materials,S&P 500,2026-09-04,2026-09-15,active,
AMCX,AMC Global Media Inc. - Class A Common Stock,,,Nasdaq,2026-09-04,2026-09-15,active,
AMD,Advanced Micro Devices,Information Technology,Semiconductors,S&P 500,2026-09-04,2026-09-15,active,
AME,Ametek,Industrials,Electrical Components & Equipment,S&P 500,2026-09-04,2026-09-15,active,
AMG,Affiliated Managers Group,Financials,Asset Management & Custody Banks,S&P 400,2026-09-04,2026-09-15,active,
AMGN,Amgen,Health Care,Biotechnology,S&P 500,2026-09-04,2026-09-15,active,
AMH,American Homes 4 Rent,Real Estate,Single-Family Residential REITs,S&P 400,2026-09-04,2026-09-15,active,
AMIX,"Autonomix Medical, Inc. - Common Stock",,,Nasdaq,2026-09-04,2026-09-15,active,
AMKR,Amkor Technology,Information Technology,Semiconductors,S&P 400,2026-09-04,2026-09-15,active,
AMLX,"Amylyx Pharmaceuticals, Inc. - Common Stock",,,Nasdaq,2026-09-04,2026-09-15,active,
AMN,"Amn Healthcare Services, Inc.",Health Care,Health Care Services,S&P 600,2026-09-04,2026-09-15,active,
AMP,Ameriprise Financial,Financials,Asset Management & Custody Banks,S&P 500,2026-09-04,2026-09-15,active,
AMPG,"Amplitech Group, Inc. - Common Stock",,,Nasdaq,2026-09-04,2026-09-15,active,
AMPH,"Amphstar Pharmaceuticals, Inc.",Health Care,Pharmaceuticals,S&P 600,2026-09-04,2026-09-15,active,
AMPL,"Amplitude, Inc. - Class A Common Stock",,,Nasdaq,2026-09-04,2026-09-15,active,
AMPX,"Amprius Technologies, Inc. Common Stock",,,NYSE,2026-09-04,2026-09-15,active,
AMPY,Amplify Energy Corp. Common Stock,,,NYSE,2026-09-04,2026-09-15,active,
AMR,"Alpha Metallurgical Resources, Inc.",Materials,Steel,S&P 600,2026-09-04,2026-09-15,active,
AMRC,"Ameresco, Inc. Class A Common Stock",,,NYSE,2026-09-04,2026-09-15,active,
AMRX,Amneal Pharmaceuticals,Health Care,Pharmaceuticals,S&P 600,2026-09-04,2026-09-15,active,
AMRZ,Amrize Ltd Ordinary Shares,,,NYSE,2026-09-04,2026-09-15,active,
AMS,American Shared Hospital Services Common Stock,,,NYSE American,2026-09-04,2026-09-15,active,
AMSC,American Superconductor Corporation - Common Stock,,,Nasdaq,2026-09-04,2026-09-15,active,
AMSF,"Amerisafe, Inc.",Financials,Property & Casualty Insurance,S&P 600,2026-09-04,2026-09-15,active,
AMST,Amesite Inc. - Common Stock,,,Nasdaq,2026-09-04,2026-09-15,active,
AMT,American Tower,Real Estate,Telecom Tower REITs,S&P 500,2026-09-04,2026-09-15,active,
AMTB,Amerant Bancorp Inc. Class A Common Stock,,,NYSE,2026-09-04,2026-09-15,active,
AMTM,Amentum,Industrials,Diversified Support Services,S&P 600,2026-09-04,2026-09-15,active,
AMTX,"Aemetis, Inc - Common Stock",,,Nasdaq,2026-09-04,2026-09-15,active,
AMWL,American Well Corporation Class A Common Stock,,,NYSE,2026-09-04,2026-09-15,active,
AMZE,"Amaze Holdings, Inc. Common Stock",,,NYSE American,2026-09-04,2026-09-15,active,
AMZN,Amazon,Consumer Discretionary,Broadline Retail,S&P 500,2026-09-04,2026-09-15,active,
AN,AutoNation,Consumer Discretionary,Automotive Retail,S&P 400,2026-09-04,2026-09-15,active,
ANAB,"AnaptysBio, Inc. - Common Stock",,,Nasdaq,2026-09-04,2026-09-15,active,
ANDE,"The Andersons, Inc.",Consumer Staples,Food Distributors,S&P 600,2026-09-04,2026-09-15,active,
ANDG,Andersen Group Inc. Class A Common Stock,,,NYSE,2026-09-04,2026-09-15,active,
ANET,Arista Networks,Information Technology,Communications Equipment,S&P 500,2026-09-04,2026-09-15,active,
ANF,Abercrombie & Fitch,Consumer Discretionary,Apparel Retail,S&P 400,2026-09-04,2026-09-15,active,
ANGH,Anghami Inc. - Ordinary Shares,,,Nasdaq,2026-09-04,2026-09-15,active,
ANGI,Angi Inc. - Class A Common Stock,,,Nasdaq,2026-09-04,2026-09-15,active,
ANGO,"AngioDynamics, Inc. - Common Stock",,,Nasdaq,2026-09-04,2026-09-15,active,
ANGX,"Angel Studios, Inc. Class A Common Stock",,,NYSE,2026-09-04,2026-09-15,active,
ANIK,Anika Therapeutics Inc. - Common Stock,,,Nasdaq,2026-09-04,2026-09-15,active,
ANIP,"ANI Pharmaceuticals, Inc.",Health Care,Pharmaceuticals,S&P 600,2026-09-04,2026-09-15,active,
ANIX,"Anixa Biosciences, Inc. - Common Stock",,,Nasdaq,2026-09-04,2026-09-15,active,
ANNA,"AleAnna, Inc. - Class A Common Stock",,,Nasdaq,2026-09-04,2026-09-15,active,
ANNX,"Annexon, Inc. - common stock",,,Nasdaq,2026-09-04,2026-09-15,active,
ANPA,Rich Sparkle Holdings Limited - Ordinary Shares,,,Nasdaq,2026-09-04,2026-09-15,active,
ANRO,"Alto Neuroscience, Inc. Common Stock",,,NYSE,2026-09-04,2026-09-15,active,
ANTA,Antalpha Platform Holding Company - Class A Ordinary Shares,,,Nasdaq,2026-09-04,2026-09-15,active,
ANTX,"AN2 Therapeutics, Inc. - Common Stock",,,Nasdaq,2026-09-04,2026-09-15,active,
ANVS,"Annovis Bio, Inc. Common Stock",,,NYSE,2026-09-04,2026-09-15,active,
ANY,Sphere 3D Corp. - Common Shares,,,Nasdaq,2026-09-04,2026-09-15,active,
AOMD,"Angel Oak Mortgage REIT, Inc. 9.750% Senior Notes due 2030",,,NYSE,2026-09-04,2026-09-15,active,
AOMN,"Angel Oak Mortgage REIT, Inc. 9.500% Senior Notes due 2029",,,NYSE,2026-09-04,2026-09-15,active,
AOMR,"Angel Oak Mortgage REIT, Inc. Common Stock",,,NYSE,2026-09-04,2026-09-15,active,
AON,Aon plc,Financials,Insurance Brokers,S&P 500,2026-09-04,2026-09-15,active,
AORT,Artivion,Health Care,Health Care Equipment,S&P 600,2026-09-04,2026-09-15,active,
AOS,A. O. Smith,Industrials,Building Products,S&P 500,2026-09-04,2026-09-15,active,
AOSL,"Alpha and Omega Semiconductor, Ltd.",Information Technology,Semiconductors,S&P 600,2026-09-04,2026-09-15,active,
AOUT,"American Outdoor Brands, Inc. - Common Stock",,,Nasdaq,2026-09-04,2026-09-15,active,
AP,Ampco-Pittsburgh Corporation Common Stock,,,NYSE,2026-09-04,2026-09-15,active,
APA,APA Corporation,Energy,Oil & Gas Exploration & Production,S&P 500,2026-09-04,2026-09-15,active,
APAC,StoneBridge Acquisition II Corporation - Class A Ordinary Shares,,,Nasdaq,2026-09-04,2026-09-15,active,
APAM,"Artisan Partners Asset Management, Inc.",Financials,Asset Management & Custody Banks,S&P 600,2026-09-04,2026-09-15,active,
APC,ARKO Petroleum Corp. - Class A Common Stock,,,Nasdaq,2026-09-04,2026-09-15,active,
APD,Air Products,Materials,Industrial Gases,S&P 500,2026-09-04,2026-09-15,active,
APEI,"American Public Education, Inc. - Common Stock",,,Nasdaq,2026-09-04,2026-09-15,active,
APG,APi Group,Industrials,Construction & Engineering,S&P 400,2026-09-04,2026-09-15,active,
APH,Amphenol,Information Technology,Electronic Components,S&P 500,2026-09-04,2026-09-15,active,
API,"Agora, Inc. - ADS",,,Nasdaq,2026-09-04,2026-09-15,active,
APLD,Applied Digital Corporation - Common Stock,,,Nasdaq,2026-09-04,2026-09-15,active,
APLE,"Apple Hospitality REIT, Inc.",Real Estate,Hotel & Resort REITs,S&P 600,2026-09-04,2026-09-15,active,
APLM,Apollomics Inc. - Class A Ordinary Shares,,,Nasdaq,2026-09-04,2026-09-15,active,
APMC,AmperCap Acquisition Company - Ordinary Shares,,,Nasdaq,2026-09-04,2026-09-15,active,
APMD,"Apnimed, Inc. - Common Stock",,,Nasdaq,2026-09-04,2026-09-15,active,
APO,Apollo Global Management,Financials,Asset Management & Custody Banks,S&P 500,2026-09-04,2026-09-15,active,
APOG,"Apogee Enterprises, Inc.",Industrials,Building Products,S&P 600,2026-09-04,2026-09-15,active,
APOS,"Apollo Global Management, Inc. 7.625% Fixed-Rate Resettable Junior Subordinated Notes due 2053",,,NYSE,2026-09-04,2026-09-15,active,
APP,AppLovin,Communication Services,Advertising,S&P 500,2026-09-04,2026-09-15,active,
APPF,AppFolio,Information Technology,Application Software,S&P 400,2026-09-04,2026-09-15,active,
APPN,Appian Corporation - Class A Common Stock,,,Nasdaq,2026-09-04,2026-09-15,active,
APPS,"Digital Turbine, Inc. - Common Stock",,,Nasdaq,2026-09-04,2026-09-15,active,
APT,"Alpha Pro Tech, Ltd. Common Stock",,,NYSE American,2026-09-04,2026-09-15,active,
APTV,Aptiv,Consumer Discretionary,Automotive Parts & Equipment,S&P 500,2026-09-04,2026-09-15,active,
APUR,Aperture AC - Class A Ordinary Shares,,,Nasdaq,2026-09-04,2026-09-15,active,
APUS,"Apimeds Pharmaceuticals US, Inc. Common Stock",,,NYSE American,2026-09-04,2026-09-15,active,
APVO,Aptevo Therapeutics Inc. - Common Stock,,,Nasdaq,2026-09-04,2026-09-15,active,
APWC,"Asia Pacific Wire & Cable Corporation Limited  - Common shares, Par value .01 per share",,,Nasdaq,2026-09-04,2026-09-15,active,
APXT,Apex Treasury Corporation - Class A Ordinary Share,,,Nasdaq,2026-09-04,2026-09-15,active,
APYX,Apyx Medical Corporation - Common Stock,,,Nasdaq,2026-09-04,2026-09-15,active,
AQB,"AquaBounty Technologies, Inc. - Common Stock",,,Nasdaq,2026-09-04,2026-09-15,active,
AQMS,"Aqua Metals, Inc. - Common Stock",,,Nasdaq,2026-09-04,2026-09-15,active,
AQN,Algonquin Power & Utilities Corp. Common Shares,,,NYSE,2026-09-04,2026-09-15,active,
AQNB,"Algonquin Power & Utilities Corp. 6.20% Fixed-to-Floating Subordinated Notes Series 2019-A due July 1, 2079",,,NYSE,2026-09-04,2026-09-15,active,
AQST,"Aquestive Therapeutics, Inc. - Common Stock",,,Nasdaq,2026-09-04,2026-09-15,active,
AR,Antero Resources,Energy,Oil & Gas Exploration & Production,S&P 400,2026-09-04,2026-09-15,active,
ARBB,ARB IOT Group Limited - Ordinary Shares,,,Nasdaq,2026-09-04,2026-09-15,active,
ARCB,ArcBest Corp.,Industrials,Cargo Ground Transportation,S&P 600,2026-09-04,2026-09-15,active,
ARCC,Ares Capital Corporation - Closed End Fund,,,Nasdaq,2026-09-04,2026-09-15,active,
ARCI,Archimedes Tech SPAC Partners III Co. - Ordinary Share,,,Nasdaq,2026-09-04,2026-09-15,active,
ARCL,ARC Group Acquisition I Corp - Class A Ordinary Shares,,,Nasdaq,2026-09-04,2026-09-15,active,
ARCO,Arcos Dorados Holdings Inc. Class A Shares,,,NYSE,2026-09-04,2026-09-15,active,
ARCT,Arcturus Therapeutics Holdings Inc. - Common Stock,,,Nasdaq,2026-09-04,2026-09-15,active,
ARDC,"Ares Dynamic Credit Allocation Fund, Inc. Common Shares",,,NYSE,2026-09-04,2026-09-15,active,
ARDT,"Ardent Health, Inc. Common Stock",,,NYSE,2026-09-04,2026-09-15,active,
ARDX,"Ardelyx, Inc. - Common Stock",,,Nasdaq,2026-09-04,2026-09-15,active,
ARE,Alexandria Real Estate Equities,Real Estate,Office REITs,S&P 500,2026-09-04,2026-09-15,active,
ARES,Ares Management,Financials,Asset Management & Custody Banks,S&P 500,2026-09-04,2026-09-15,active,
ARHS,"Arhaus, Inc. - Class A Common Stock",,,Nasdaq,2026-09-04,2026-09-15,active,
ARI,"Apollo Commercial Real Estate Finance, Inc",,,NYSE,2026-09-04,2026-09-15,active,
ARIS,Aris Mining Corporation Common Shares,,,NYSE,2026-09-04,2026-09-15,active,
ARKO,ARKO Corp. - Common Stock,,,Nasdaq,2026-09-04,2026-09-15,active,
ARKR,Ark Restaurants Corp. - Common Stock,,,Nasdaq,2026-09-04,2026-09-15,active,
ARL,"American Realty Investors, Inc. Common Stock",,,NYSE,2026-09-04,2026-09-15,active,
ARLO,Arlo Technologies,Information Technology,Communications Equipment,S&P 600,2026-09-04,2026-09-15,active,
ARLP,"Alliance Resource Partners, L.P. - Common Units Representing Limited Partnership Interests",,,Nasdaq,2026-09-04,2026-09-15,active,
ARMK,Aramark,Consumer Discretionary,Distributors,S&P 400,2026-09-04,2026-09-15,active,
ARMP,"Armata Pharmaceuticals, Inc. Common Stock",,,NYSE American,2026-09-04,2026-09-15,active,
AROC,"Archrock, Inc.",Energy,Oil & Gas Equipment & Services,S&P 600,2026-09-04,2026-09-15,active,
AROW,Arrow Financial Corporation - Common Stock,,,Nasdaq,2026-09-04,2026-09-15,active,
ARQ,"Arq, Inc. - Common Stock",,,Nasdaq,2026-09-04,2026-09-15,active,
ARQQ,Arqit Quantum Inc. - Ordinary Shares,,,Nasdaq,2026-09-04,2026-09-15,active,
ARQT,"Arcutis Biotherapeutics, Inc. - Common stock",,,Nasdaq,2026-09-04,2026-09-15,active,
ARR,Armour Residential REIT,Real Estate,Mortgage REITs,S&P 600,2026-09-04,2026-09-15,active,
ARRY,"Array Technologies, Inc. - Common Stock",,,Nasdaq,2026-09-04,2026-09-15,active,
ARTC,Art Technology Acquisition Corp. - Class A Ordinary Shares,,,Nasdaq,2026-09-04,2026-09-15,active,
ARTL,"Artelo Biosciences, Inc. - Common Stock",,,Nasdaq,2026-09-04,2026-09-15,active,
ARTNA,Artesian Resources Corporation - Class A Non-Voting Common Stock,,,Nasdaq,2026-09-04,2026-09-15,active,
ARTV,"Artiva Biotherapeutics, Inc. - Common Stock",,,Nasdaq,2026-09-04,2026-09-15,active,
ARTW,"Art's-Way Manufacturing Co., Inc. - Common Stock",,,Nasdaq,2026-09-04,2026-09-15,active,
ARVN,"Arvinas, Inc. - Common Stock",,,Nasdaq,2026-09-04,2026-09-15,active,
ARW,Arrow Electronics,Information Technology,Technology Distributors,S&P 400,2026-09-04,2026-09-15,active,
ARWR,Arrowhead Pharmaceuticals,Health Care,Biotechnology,S&P 400,2026-09-04,2026-09-15,active,
ARX,Accelerant Holdings Class A Common Shares,,,NYSE,2026-09-04,2026-09-15,active,
ARXS,"Arxis, Inc. - Class A Common Stock",,,Nasdaq,2026-09-04,2026-09-15,active,
AS,"Amer Sports, Inc. Ordinary Shares",,,NYSE,2026-09-04,2026-09-15,active,
ASA,ASA  Gold and Precious Metals Limited,,,NYSE,2026-09-04,2026-09-15,active,
ASAN,"Asana, Inc. Class A Common Stock",,,NYSE,2026-09-04,2026-09-15,active,
ASB,Associated Bank,Financials,Regional Banks,S&P 400,2026-09-04,2026-09-15,active,
ASBA,Associated Banc-Corp 6.625% Fixed-Rate Reset Subordinated Notes due 2033,,,NYSE,2026-09-04,2026-09-15,active,
ASBP,"Aspire-Lakewood Holdings, Inc. - Common Stock",,,Nasdaq,2026-09-04,2026-09-15,active,
ASC,Ardmore Shipping Corporation Common Stock,,,NYSE,2026-09-04,2026-09-15,active,
ASG,"Liberty All-Star Growth Fund, Inc.",,,NYSE,2026-09-04,2026-09-15,active,
ASH,Ashland Global,Materials,Diversified Chemicals,S&P 400,2026-09-04,2026-09-15,active,
ASIC,Ategrity Specialty Insurance Company Holdings Common Stock,,,NYSE,2026-09-04,2026-09-15,active,
ASIX,AdvanSix Inc. Common Stock,,,NYSE,2026-09-04,2026-09-15,active,
ASLE,AerSale Corporation - Common Stock,,,Nasdaq,2026-09-04,2026-09-15,active,
ASM,Avino Silver & Gold Mines Ltd. Common Shares (Canada),,,NYSE American,2026-09-04,2026-09-15,active,
ASMB,"Assembly Biosciences, Inc. - Common Stock",,,Nasdaq,2026-09-04,2026-09-15,active,
ASML,ASML Holding N.V. - New York Registry Shares,,,Nasdaq,2026-09-04,2026-09-15,active,
ASND,Ascendis Pharma A/S - Ordinary Share,,,Nasdaq,2026-09-04,2026-09-15,active,
ASO,Academy Sports + Outdoors,Consumer Discretionary,Specialty Stores,S&P 600,2026-09-04,2026-09-15,active,
ASPI,ASP Isotopes Inc. - Common Stock,,,Nasdaq,2026-09-04,2026-09-15,active,
ASPN,"Aspen Aerogels, Inc. Common Stock",,,NYSE,2026-09-04,2026-09-15,active,
ASPS,Altisource Portfolio Solutions S.A. - Common Stock,,,Nasdaq,2026-09-04,2026-09-15,active,
ASR,"Grupo Aeroportuario del Sureste, S.A. de C.V. Common Stock",,,NYSE,2026-09-04,2026-09-15,active,
ASRV,AmeriServ Financial Inc. - Common Stock,,,Nasdaq,2026-09-04,2026-09-15,active,
ASST,"Strive, Inc. - Class A Common Stock",,,Nasdaq,2026-09-04,2026-09-15,active,
ASTC,Astrotech Corporation - Common Stock,,,Nasdaq,2026-09-04,2026-09-15,active,
ASTE,"Astec Industries, Inc.",Industrials,Construction Machinery & Heavy Transportation Equipment,S&P 600,2026-09-04,2026-09-15,active,
ASTH,"Astrana Health, Inc.",Health Care,Health Care Facilities,S&P 600,2026-09-04,2026-09-15,active,
ASTI,"Ascent Solar Technologies, Inc - Common Stock",,,Nasdaq,2026-09-04,2026-09-15,active,
ASTL,Algoma Steel Group Inc. - Common Shares,,,Nasdaq,2026-09-04,2026-09-15,active,
ASTS,"AST SpaceMobile, Inc. - Class A Common Stock",,,Nasdaq,2026-09-04,2026-09-15,active,
ASUR,Asure Software Inc - Common Stock,,,Nasdaq,2026-09-04,2026-09-15,active,
ASYS,"Amtech Systems, Inc. - Common Stock",,,Nasdaq,2026-09-04,2026-09-15,active,
ATAI,AtaiBeckley Inc. - Common Stock,,,Nasdaq,2026-09-04,2026-09-13,dropped,2026-09-13
ATCH,"AtlasClear Holdings, Inc. Common Stock",,,NYSE American,2026-09-04,2026-09-15,active,
ATCX,Atlas Critical Minerals Corporation - Common Stock,,,Nasdaq,2026-09-04,2026-09-15,active,
ATEC,"Alphatec Holdings, Inc. - Common Stock",,,Nasdaq,2026-09-04,2026-09-15,active,
ATEN,"A10 Networks, Inc.",Information Technology,Systems Software,S&P 600,2026-09-04,2026-09-15,active,
ATER,"Aterian, Inc. - Common Stock",,,Nasdaq,2026-09-04,2026-09-10,dropped,2026-09-10
ATEX,Anterix Inc. - Common Stock,,,Nasdaq,2026-09-04,2026-09-15,active,
ATGL,Alpha Technology Group Limited - Class A Ordinary Shares,,,Nasdaq,2026-09-04,2026-09-15,active,
ATHR,"Aether Holdings, Inc. - Common Stock",,,Nasdaq,2026-09-04,2026-09-15,active,
ATHS,Athene Holding Ltd. 7.250% Fixed-Rate Reset Junior Subordinated Debentures due 2064,,,NYSE,2026-09-04,2026-09-15,active,
ATI,ATI Inc.,Industrials,Aerospace & Defense,S&P 400,2026-09-04,2026-09-15,active,
ATII,Archimedes Tech SPAC Partners II Co. - Ordinary Shares,,,Nasdaq,2026-09-04,2026-09-15,active,
ATKR,Atkore Inc. Common Stock,,,NYSE,2026-09-04,2026-09-15,active,
ATLC,Atlanticus Holdings Corporation - Common Stock,,,Nasdaq,2026-09-04,2026-09-15,active,
ATLO,Ames National Corporation - Common Stock,,,Nasdaq,2026-09-04,2026-09-15,active,
ATLQ,JAB Acquisition Corp I - Class A Ordinary Shares,,,Nasdaq,2026-09-04,2026-09-15,active,
ATLX,Atlas Lithium Corporation - Common Stock,,,Nasdaq,2026-09-04,2026-09-15,active,
ATMU,Atmus Filtration Technologies Inc.,Industrials,Industrial Machinery & Supplies & Components,S&P 600,2026-09-04,2026-09-15,active,
ATNI,"ATN International, Inc. - Common Stock",,,Nasdaq,2026-09-04,2026-09-15,active,
ATNM,"Actinium Pharmaceuticals, Inc. (Delaware) Common Stock",,,NYSE American,2026-09-04,2026-09-15,active,
ATO,Atmos Energy,Utilities,Gas Utilities,S&P 500,2026-09-04,2026-09-15,active,
ATOM,Atomera Incorporated - Common Stock,,,Nasdaq,2026-09-04,2026-09-15,active,
ATOS,"Atossa Therapeutics, Inc. - Common Stock",,,Nasdaq,2026-09-04,2026-09-15,active,
ATPC,Agape ATP Corporation - Common Stock,,,Nasdaq,2026-09-04,2026-09-15,active,
ATR,AptarGroup,Materials,"Metal, Glass & Plastic Containers",S&P 400,2026-09-04,2026-09-15,active,
ATRA,"Atara Biotherapeutics, Inc. - Common Stock",,,Nasdaq,2026-09-04,2026-09-15,active,
ATRC,"AtriCure, Inc. - Common Stock",,,Nasdaq,2026-09-04,2026-09-15,active,
ATRO,Astronics Corporation - Common Stock,,,Nasdaq,2026-09-04,2026-09-15,active,
ATS,ATS Corporation Common Shares,,,NYSE,2026-09-04,2026-09-15,active,
ATTO,"Attovia Therapeutics, Inc. - Common Stock",,,Nasdaq,2026-09-04,2026-09-15,active,
ATTT,Atlas Trinity Tech Limited - Ordinary Shares,,,Nasdaq,2026-09-10,2026-09-15,active,
ATXG,Addentax Group Corp. - Common Stock,,,Nasdaq,2026-09-04,2026-09-15,active,
AU,AngloGold Ashanti PLC Ordinary Shares,,,NYSE,2026-09-04,2026-09-15,active,
AUB,"Atlantic Union Bankshares, Corp.",Financials,Regional Banks,S&P 600,2026-09-04,2026-09-15,active,
AUBN,"Auburn National Bancorporation, Inc. - Common Stock",,,Nasdaq,2026-09-04,2026-09-15,active,
AUC,ATIF Holdings Limited - Ordinary Shares,,,Nasdaq,2026-09-04,2026-09-15,active,
AUDC,AudioCodes Ltd. - Ordinary Shares,,,Nasdaq,2026-09-04,2026-09-15,active,
AUGO,Aura Minerals Inc. - Common Shares,,,Nasdaq,2026-09-04,2026-09-15,active,
AUNA,Auna SA Class A Ordinary Shares,,,NYSE,2026-09-04,2026-09-15,active,
AUPH,Aurinia Pharmaceuticals Inc - Common Shares,,,Nasdaq,2026-09-04,2026-09-15,active,
AUR,"Aurora Innovation, Inc.  - Class A Common Stock",,,Nasdaq,2026-09-04,2026-09-15,active,
AURA,"Aura Biosciences, Inc. - Common Stock",,,Nasdaq,2026-09-04,2026-09-15,active,
AURE,Aurelion Inc.  - Class A Ordinary Shares,,,Nasdaq,2026-09-04,2026-09-15,active,
AUST,Austin Gold Corp. Common Shares,,,NYSE American,2026-09-04,2026-09-15,active,
AUXX,Gold X2 Mining Inc. Common Shares,,,NYSE American,2026-09-08,2026-09-15,active,
AVA,Avista Corporation,Utilities,Multi-Utilities,S&P 600,2026-09-04,2026-09-15,active,
AVAH,Aveanna Healthcare Holdings Inc. - Common Stock,,,Nasdaq,2026-09-04,2026-09-15,active,
AVAV,AeroVironment,Industrials,Aerospace & Defense,S&P 400,2026-09-04,2026-09-15,active,
AVBC,"Avidia Bancorp, Inc. Common Stock",,,NYSE,2026-09-04,2026-09-15,active,
AVBH,"Avidbank Holdings, Inc. - Common Stock",,,Nasdaq,2026-09-04,2026-09-15,active,
AVBP,"ArriVent BioPharma, Inc. - Common Stock",,,Nasdaq,2026-09-04,2026-09-15,active,
AVD,American Vanguard Corporation Common Stock ($0.10 Par Value),,,NYSE,2026-09-04,2026-09-15,active,
AVEX,AEVEX Corp. Class A Common Stock,,,NYSE,2026-09-04,2026-09-15,active,
AVGO,Broadcom,Information Technology,Semiconductors,S&P 500,2026-09-04,2026-09-15,active,
AVIR,"Atea Pharmaceuticals, Inc. - common stock",,,Nasdaq,2026-09-04,2026-09-15,active,
AVK,Advent Convertible and Income Fund,,,NYSE,2026-09-04,2026-09-15,active,
AVLN,Avalyn Pharma Inc. - common stock,,,Nasdaq,2026-09-04,2026-09-15,active,
AVNT,Avient,Materials,Specialty Chemicals,S&P 400,2026-09-04,2026-09-15,active,
AVNW,"Aviat Networks, Inc. - Common Stock",,,Nasdaq,2026-09-04,2026-09-15,active,
AVO,"Mission Produce, Inc. - Common Stock",,,Nasdaq,2026-09-04,2026-09-15,active,
AVPT,"AvePoint, Inc. - Class A Common Stock",,,Nasdaq,2026-09-04,2026-09-15,active,
AVR,Anteris Technologies Global Corp. - Common Stock,,,Nasdaq,2026-09-04,2026-09-15,active,
AVT,Avnet,Information Technology,Technology Distributors,S&P 400,2026-09-04,2026-09-15,active,
AVTR,Avantor,Health Care,Life Sciences Tools & Services,S&P 400,2026-09-04,2026-09-15,active,
AVTX,"Avalo Therapeutics, Inc. - Common Stock",,,Nasdaq,2026-09-04,2026-09-15,active,
AVX,Avax One Technology Ltd. - Common Shares,,,Nasdaq,2026-09-04,2026-09-15,active,
AVXL,Anavex Life Sciences Corp. - Common Stock,,,Nasdaq,2026-09-04,2026-09-15,active,
AVY,Avery Dennison,Materials,Paper & Plastic Packaging Products & Materials,S&P 500,2026-09-04,2026-09-15,active,
AWF,Alliancebernstein Global High Income Fund,,,NYSE,2026-09-04,2026-09-15,active,
AWI,"Armstrong World Industries, Inc.",Industrials,Building Products,S&P 600,2026-09-04,2026-09-15,active,
AWK,American Water Works,Utilities,Water Utilities,S&P 500,2026-09-04,2026-09-15,active,
AWR,American States Water Company,Utilities,Water Utilities,S&P 600,2026-09-04,2026-09-15,active,
AWRE,"Aware, Inc. - Common Stock",,,Nasdaq,2026-09-04,2026-09-15,active,
AWX,Avalon Holdings Corporation Common Stock,,,NYSE American,2026-09-04,2026-09-15,active,
AX,"Axos Financial, Inc.",Financials,Regional Banks,S&P 600,2026-09-04,2026-09-15,active,
AXG,Solowin Holdings - Class A Ordinary Share,,,Nasdaq,2026-09-04,2026-09-15,active,
AXGN,"Axogen, Inc. - Common Stock",,,Nasdaq,2026-09-04,2026-09-15,active,
AXIL,"AXIL Brands, Inc. Common Stock",,,NYSE American,2026-09-04,2026-09-15,active,
AXIN,Axiom Intelligence Acquisition Corp 1 - Class A Ordinary Shares,,,Nasdaq,2026-09-04,2026-09-15,active,
AXON,Axon Enterprise,Industrials,Aerospace & Defense,S&P 500,2026-09-04,2026-09-15,active,
AXP,American Express,Financials,Consumer Finance,S&P 500,2026-09-04,2026-09-15,active,
AXR,AMREP Corporation Common Stock,,,NYSE,2026-09-04,2026-09-15,active,
AXS,Axis Capital Holdings Limited Common Stock,,,NYSE,2026-09-04,2026-09-15,active,
AXSM,"Axsome Therapeutics, Inc. - Common Stock",,,Nasdaq,2026-09-04,2026-09-15,active,
AXTA,Axalta,Materials,Specialty Chemicals,S&P 400,2026-09-04,2026-09-15,active,
AXTI,AXT Inc - Common Stock,,,Nasdaq,2026-09-04,2026-09-15,active,
AYA,Aya Gold & Silver Inc. - Common Shares,,,Nasdaq,2026-09-04,2026-09-15,active,
AYI,Acuity Brands,Industrials,Electrical Components & Equipment,S&P 400,2026-09-04,2026-09-15,active,
AYTU,"Aytu BioPharma, Inc.  - Common Stock",,,Nasdaq,2026-09-04,2026-09-15,active,
AZ,A2Z Cust2Mate Solutions Corp. - Common Shares,,,Nasdaq,2026-09-04,2026-09-15,active,
AZI,Autozi Internet Technology (Global) Ltd. - Class A Ordinary Shares,,,Nasdaq,2026-09-04,2026-09-15,active,
AZN,AstraZeneca PLC Ordinary Shares,,,NYSE,2026-09-04,2026-09-15,active,
AZO,AutoZone,Consumer Discretionary,Automotive Retail,S&P 500,2026-09-04,2026-09-15,active,
AZTA,"Azenta, Inc.",Health Care,Life Sciences Tools & Services,S&P 600,2026-09-04,2026-09-15,active,
AZTR,Azitra Inc Common Stock,,,NYSE American,2026-09-04,2026-09-15,active,
AZZ,"AZZ, Inc.",Industrials,Heavy Electrical Equipment,S&P 600,2026-09-04,2026-09-15,active,
B,Barrick Mining Corporation Common Shares,,,NYSE,2026-09-04,2026-09-15,active,
BA,Boeing,Industrials,Aerospace & Defense,S&P 500,2026-09-04,2026-09-15,active,
BAC,Bank of America,Financials,Diversified Banks,S&P 500,2026-09-04,2026-09-15,active,
BACC,Blue Acquisition Corp. - Class A Ordinary Shares,,,Nasdaq,2026-09-04,2026-09-15,active,
BAER,"Bridger Aerospace Group Holdings, Inc. - Common Stock",,,Nasdaq,2026-09-04,2026-09-15,active,
BAFN,BayFirst Financial Corp. - Common Stock,,,Nasdaq,2026-09-04,2026-09-15,active,
BAH,Booz Allen Hamilton,Industrials,Research & Consulting Services,S&P 400,2026-09-04,2026-09-15,active,
BAK,Braskem SA ADR,,,NYSE,2026-09-04,2026-09-15,active,
BALL,Ball Corporation,Materials,"Metal, Glass & Plastic Containers",S&P 500,2026-09-04,2026-09-15,active,
BALY,Bally's Corporation Common Stock,,,NYSE,2026-09-04,2026-09-15,active,
BAM,Brookfield Asset Management Inc Class A Limited Voting Shares,,,NYSE,2026-09-04,2026-09-15,active,
BANC,"Banc Of California, Inc.",Financials,Regional Banks,S&P 600,2026-09-04,2026-09-15,active,
BAND,Bandwidth Inc. - Class A Common Stock,,,Nasdaq,2026-09-04,2026-09-15,active,
BANF,Bancfirst Corp,Financials,Regional Banks,S&P 600,2026-09-04,2026-09-15,active,
BANL,CBL International Limited - Class B Ordinary Shares,,,Nasdaq,2026-09-04,2026-09-15,active,
BANR,Banner Corporation,Financials,Regional Banks,S&P 600,2026-09-04,2026-09-15,active,
BANX,ArrowMark Financial Corp. - Closed End Fund,,,Nasdaq,2026-09-04,2026-09-15,active,
BAOS,Baosheng Media Group Holdings Limited - Ordinary shares,,,Nasdaq,2026-09-04,2026-09-15,active,
BAP,Credicorp Ltd. Common Stock,,,NYSE,2026-09-04,2026-09-15,active,
BARK,"BARK, Inc. Class A Common Stock",,,NYSE,2026-09-04,2026-09-15,active,
BATL,Battalion Oil Corporation Common Stock,,,NYSE American,2026-09-04,2026-09-15,active,
BATRA,"Atlanta Braves Holdings, Inc. - Series A Common Stock",,,Nasdaq,2026-09-04,2026-09-15,active,
BATRK,"Atlanta Braves Holdings, Inc. - Series C Common Stock",,,Nasdaq,2026-09-04,2026-09-15,active,
BAX,Baxter International,Health Care,Health Care Equipment,S&P 500,2026-09-04,2026-09-15,active,
BB,BlackBerry Limited Common Stock,,,NYSE,2026-09-04,2026-09-15,active,
BBAI,"BigBear.ai, Inc. Common Stock",,,NYSE,2026-09-04,2026-09-15,active,
BBAR,Banco BBVA Argentina S.A. ADS,,,NYSE,2026-09-04,2026-09-15,active,
BBCP,"Concrete Pumping Holdings, Inc.  - Common Stock",,,Nasdaq,2026-09-04,2026-09-15,active,
BBDC,"Barings BDC, Inc. Common Stock",,,NYSE,2026-09-04,2026-09-15,active,
BBGI,"Beasley Broadcast Group, Inc. - Class A Common Stock",,,Nasdaq,2026-09-04,2026-09-15,active,
BBIO,"BridgeBio Pharma, Inc. - Common Stock",,,Nasdaq,2026-09-04,2026-09-15,active,
BBLG,Bone Biologics Corp - Common Stock,,,Nasdaq,2026-09-04,2026-09-15,active,
BBNX,"Beta Bionics, Inc. - Common Stock",,,Nasdaq,2026-09-04,2026-09-15,active,
BBOT,"BridgeBio Oncology Therapeutics, Inc. - Common Stock",,,Nasdaq,2026-09-04,2026-09-15,active,
BBSI,"Barrett Business Services, Inc. - Common Stock",,,Nasdaq,2026-09-04,2026-09-15,active,
BBT,Beacon Financial Corp.,Financials,Regional Banks,S&P 600,2026-09-04,2026-09-15,active,
BBUC,Brookfield Business Corporation Class A Subordinate Voting Shares,,,NYSE,2026-09-04,2026-09-15,active,
BBVA,Banco Bilbao Vizcaya Argentaria S.A. Common Stock,,,NYSE,2026-09-04,2026-09-15,active,
BBW,"Build-A-Bear Workshop, Inc. Common Stock",,,NYSE,2026-09-04,2026-09-15,active,
BBWI,"Bath & Body Works, Inc.",Consumer Discretionary,Other Specialty Retail,S&P 400,2026-09-04,2026-09-15,active,
BBY,Best Buy,Consumer Discretionary,Computer & Electronics Retail,S&P 500,2026-09-04,2026-09-15,active,
BC,Brunswick,Consumer Discretionary,Leisure Products,S&P 400,2026-09-04,2026-09-15,active,
BCAL,California BanCorp - Common Stock,,,Nasdaq,2026-09-04,2026-09-15,active,
BCAX,Bicara Therapeutics Inc. - Common Stock,,,Nasdaq,2026-09-04,2026-09-15,active,
BCBP,"BCB Bancorp, Inc. (NJ) - Common Stock",,,Nasdaq,2026-09-04,2026-09-15,active,
BCC,Boise Cascade,Industrials,Building Products,S&P 600,2026-09-04,2026-09-15,active,
BCCQ,Bleichroeder Acquisition Corp. III - Class A Ordinary Shares,,,Nasdaq,2026-09-04,2026-09-15,active,
BCE,"BCE, Inc. Common Stock",,,NYSE,2026-09-04,2026-09-15,active,
BCG,"Binah Capital Group, Inc. - Common Stock",,,Nasdaq,2026-09-04,2026-09-15,active,
BCH,Banco De Chile ADS,,,NYSE,2026-09-04,2026-09-15,active,
BCHT,Birchtech Corp. Common Stock,,,NYSE American,2026-09-04,2026-09-15,active,
BCIC,BCP Investment Corporation - Closed End Fund,,,Nasdaq,2026-09-04,2026-09-15,active,
BCML,BayCom Corp - Common Stock,,,Nasdaq,2026-09-04,2026-09-15,active,
BCO,Brink's,Industrials,Security & Alarm Services,S&P 400,2026-09-04,2026-09-15,active,
BCPC,Balchem Corporation,Materials,Specialty Chemicals,S&P 600,2026-09-04,2026-09-15,active,
BCRX,"BioCryst Pharmaceuticals, Inc. - Common Stock",,,Nasdaq,2026-09-04,2026-09-15,active,
BCS,Barclays PLC Common Stock,,,NYSE,2026-09-04,2026-09-15,active,
BCSF,"Bain Capital Specialty Finance, Inc. Common Stock",,,NYSE,2026-09-04,2026-09-15,active,
BCSS,Bain Capital GSS Investment Corp. Class A Ordinary Shares,,,NYSE,2026-09-04,2026-09-15,active,
BCTX,BriaCell Therapeutics Corp. - Common Shares,,,Nasdaq,2026-09-04,2026-09-15,active,
BCV,"Bancroft Fund, Ltd.",,,NYSE American,2026-09-04,2026-09-15,active,
BDC,Belden Inc.,Information Technology,Electronic Components,S&P 400,2026-09-04,2026-09-15,active,
BDCI,BTC Development Corp. - Class A Ordinary Shares,,,Nasdaq,2026-09-04,2026-09-15,active,
BDJ,Blackrock Enhanced Equity Dividend Trust,,,NYSE,2026-09-04,2026-09-15,active,
BDL,"Flanigan's Enterprises, Inc. Common Stock",,,NYSE American,2026-09-04,2026-09-15,active,
BDMD,Baird Medical Investment Holdings Ltd - Ordinary Share,,,Nasdaq,2026-09-04,2026-09-15,active,
BDN,Brandywine Realty Trust Common Stock,,,NYSE,2026-09-04,2026-09-15,active,
BDSX,"Biodesix, Inc. - Common Stock",,,Nasdaq,2026-09-04,2026-09-15,active,
BDTX,"Black Diamond Therapeutics, Inc. - Common Stock",,,Nasdaq,2026-09-04,2026-09-15,active,
BDX,Becton Dickinson,Health Care,Health Care Equipment,S&P 500,2026-09-04,2026-09-15,active,
BE,Bloom Energy Corporation Class A Common Stock,,,NYSE,2026-09-04,2026-09-15,active,
BEAG,Bold Eagle Acquisition Corp. - Class A Ordinary Shares,,,Nasdaq,2026-09-04,2026-09-15,active,
BEAM,Beam Therapeutics Inc. - Common Stock,,,Nasdaq,2026-09-04,2026-09-15,active,
BEBE,TGE Value Creative Solutions Corp Class A Ordinary Shares,,,NYSE,2026-09-04,2026-09-15,active,
BEEM,Beam Global - Common Stock,,,Nasdaq,2026-09-04,2026-09-15,active,
BEEP,Mobile Infrastructure Corporation - Common Stock,,,Nasdaq,2026-09-04,2026-09-15,active,
BELFA,Bel Fuse Inc. - Class A Common Stock,,,Nasdaq,2026-09-04,2026-09-15,active,
BELFB,Bel Fuse Inc. - Class B Common Stock,,,Nasdaq,2026-09-04,2026-09-15,active,
BEN,Franklin Resources,Financials,Asset Management & Custody Banks,S&P 500,2026-09-04,2026-09-15,active,
BENF,Beneficient - Class A Common Stock,,,Nasdaq,2026-09-04,2026-09-15,active,
BEP,Brookfield Renewable Partners L.P. Limited Partnership Units,,,NYSE,2026-09-04,2026-09-15,active,
BEPC,Brookfield Renewable Corporation Brookfield Renewable Corporation Class A Subordinate Voting Shares,,,NYSE,2026-09-04,2026-09-15,active,
BEPH,Brookfield BRP Holdings (Canada) Inc. 4.625% Perpetual Subordinated Notes,,,NYSE,2026-09-04,2026-09-15,active,
BEPI,Brookfield BRP Holdings (Canada) Inc. 4.875% Perpetual Subordinated Notes,,,NYSE,2026-09-04,2026-09-15,active,
BEPJ,Brookfield BRP Holdings (Canada) Inc. 7.250% Perpetual Subordinated Notes,,,NYSE,2026-09-04,2026-09-15,active,
BESS,Bimergen Energy Corporation Common Stock,,,NYSE American,2026-09-04,2026-09-15,active,
BETA,"Beta Technologies, Inc. Class A Common Stock",,,NYSE,2026-09-04,2026-09-15,active,
BETR,Better Home & Finance Holding Company - Class A Common Stock,,,Nasdaq,2026-09-04,2026-09-15,active,
BF.B,Brown–Forman,Consumer Staples,Distillers & Vintners,S&P 500,2026-09-04,2026-09-15,active,
BFAM,Bright Horizons Family Solutions Inc.,Consumer Discretionary,Specialized Consumer Services,S&P 600,2026-09-04,2026-09-15,active,
BFC,Bank First Corporation - Common Stock,,,Nasdaq,2026-09-04,2026-09-15,active,
BFH,"Bread Financial Holdings, Inc.",Financials,Consumer Finance,S&P 600,2026-09-04,2026-09-15,active,
BFLY,"Butterfly Network, Inc. Class A Common Stock",,,NYSE,2026-09-04,2026-09-15,active,
BFRI,Biofrontera Inc. - Common Stock,,,Nasdaq,2026-09-04,2026-09-15,active,
BFS,"Saul Centers, Inc.",Real Estate,Retail REITs,S&P 600,2026-09-04,2026-09-15,active,
BFST,"Business First Bancshares, Inc. - Common Stock",,,Nasdaq,2026-09-04,2026-09-15,active,
BG,Bunge Global,Consumer Staples,Agricultural Products & Services,S&P 500,2026-09-04,2026-09-15,active,
BGC,"BGC Group, Inc.",Financials,Investment Banking & Brokerage,S&P 600,2026-09-04,2026-09-15,active,
BGDE,"Big Digital Energy, Inc. - Common Stock",,,Nasdaq,2026-09-04,2026-09-15,active,
BGH,Barings Global Short Duration High Yield Fund Common Shares of Beneficial Interests,,,NYSE,2026-09-04,2026-09-15,active,
BGIN,Bgin Blockchain Limited - Class A Ordinary Shares,,,Nasdaq,2026-09-04,2026-09-15,active,
BGLC,BioNexus Gene Lab Corp - Common stock,,,Nasdaq,2026-09-04,2026-09-15,active,
BGMS,"Bio Green Med Solution, Inc. - Common Stock",,,Nasdaq,2026-09-04,2026-09-15,active,
BGR,BlackRock Energy and Resources Trust,,,NYSE,2026-09-04,2026-09-15,active,
BGS,"B&G Foods, Inc. Common Stock",,,NYSE,2026-09-04,2026-09-15,active,
BGSF,"BGSF, Inc. Common Stock",,,NYSE,2026-09-04,2026-09-15,active,
BGSI,Boyd Group Services Inc. Common Shares,,,NYSE,2026-09-04,2026-09-15,active,
BGT,BlackRock Floating Rate Income Trust,,,NYSE,2026-09-04,2026-09-15,active,
BGX,Blackstone Long Short Credit Income Fund Common Shares,,,NYSE,2026-09-04,2026-09-15,active,
BGY,Blackrock Enhanced International Dividend Trust,,,NYSE,2026-09-04,2026-09-15,active,
BH,Biglari Holdings Inc. Class B Common Stock,,,NYSE,2026-09-04,2026-09-15,active,
BHAV,BHAV Acquisition Corp - Class A Ordinary Shares,,,Nasdaq,2026-09-04,2026-09-15,active,
BHB,"Bar Harbor Bankshares, Inc. Common Stock",,,NYSE American,2026-09-04,2026-09-15,active,
BHC,Bausch Health Companies Inc. Common Stock,,,NYSE,2026-09-04,2026-09-15,active,
BHE,"Benchmark Electronics, Inc.",Information Technology,Electronic Manufacturing Services,S&P 600,2026-09-04,2026-09-15,active,
BHF,Brighthouse Financial,Financials,Life & Health Insurance,S&P 400,2026-09-04,2026-09-15,active,
BHK,Blackrock Core Bond Trust,,,NYSE,2026-09-04,2026-09-15,active,
BHM,"Bluerock Homes Trust, Inc. Class A Common Stock",,,NYSE American,2026-09-04,2026-09-15,active,
BHR,Braemar Hotels & Resorts Inc. Common Stock,,,NYSE,2026-09-04,2026-09-15,active,
BHRB,Burke & Herbert Financial Services Corp. - Common Stock,,,Nasdaq,2026-09-04,2026-09-15,active,
BHST,BioHarvest Sciences Inc. - Common Stock,,,Nasdaq,2026-09-04,2026-09-15,active,
BHV,BlackRock Virginia Municipal Bond Trust,,,NYSE,2026-09-04,2026-09-15,active,
BHVN,Biohaven Ltd. Common Shares,,,NYSE,2026-09-04,2026-09-15,active,
BIAF,"bioAffinity Technologies, Inc. - Common Stock",,,Nasdaq,2026-09-09,2026-09-15,active,
BID,Tribeca Strategic Acquisition Corp. - Class A Ordinary Shares,,,Nasdaq,2026-09-04,2026-09-15,active,
BIIB,Biogen,Health Care,Biotechnology,S&P 500,2026-09-04,2026-09-15,active,
BIII,Black Spade Acquisition III Co Class A Ordinary Shares,,,NYSE,2026-09-04,2026-09-15,active,
BILL,Bill Holdings,Information Technology,Application Software,S&P 400,2026-09-04,2026-09-15,active,
BIO,Bio-Rad Laboratories,Health Care,Life Sciences Tools & Services,S&P 400,2026-09-04,2026-09-15,active,
BIOA,"BioAge Labs, Inc. - Common Stock",,,Nasdaq,2026-09-04,2026-09-15,active,
BIOT,Instinct Bio Technical Company Holdings Inc. - Common stock,,,Nasdaq,2026-09-04,2026-09-15,active,
BIP,Brookfield Infrastructure Partners LP Limited Partnership Units,,,NYSE,2026-09-04,2026-09-15,active,
BIPC,Brookfield Infrastructure Corporation Brookfield Infrastructure Corporation,,,NYSE,2026-09-04,2026-09-15,active,
BIPH,Brookfield Infrastructure Corporation 5.000% Subordinated Notes due 2081,,,NYSE,2026-09-04,2026-09-15,active,
BIPI,BIP Bermuda Holdings I Limited 5.125% Perpetual Subordinated Notes,,,NYSE,2026-09-04,2026-09-15,active,
BIPJ,Brookfield Infrastructure Corporation 7.250% Subordinated Notes due 2084,,,NYSE,2026-09-04,2026-09-15,active,
BIRD,"Smartbird, Inc. - Class A Common Stock",,,Nasdaq,2026-09-04,2026-09-15,active,
BIRK,Birkenstock Holding plc Ordinary Shares,,,NYSE,2026-09-04,2026-09-15,active,
BIVI,BioVie Inc. - Common stock,,,Nasdaq,2026-09-04,2026-09-15,active,
BIXI,Bitcoin Infrastructure Acquisition Corp Ltd. - Class A Ordinary Shares,,,Nasdaq,2026-09-04,2026-09-15,active,
BIYA,Baiya International Group Inc.  - Ordinary Shares,,,Nasdaq,2026-09-04,2026-09-15,active,
BJ,BJ's Wholesale Club,Consumer Staples,Consumer Staples Merchandise Retail,S&P 400,2026-09-04,2026-09-15,active,
BJDX,"Bluejay Diagnostics, Inc. - Common Stock",,,Nasdaq,2026-09-04,2026-09-15,active,
BJRI,"BJ's Restaurants, Inc.",Consumer Discretionary,Restaurants,S&P 600,2026-09-04,2026-09-15,active,
BKD,Brookdale Senior Living Inc. Common Stock,,,NYSE,2026-09-04,2026-09-15,active,
BKE,"The Buckle, Inc.",Consumer Discretionary,Apparel Retail,S&P 600,2026-09-04,2026-09-15,active,
BKH,Black Hills Corporation,Utilities,Multi-Utilities,S&P 400,2026-09-04,2026-09-15,active,
BKHA,Black Hawk Acquisition Corporation - Class A Ordinary Shares,,,Nasdaq,2026-09-04,2026-09-15,active,
BKKT,"Bakkt, Inc. Class A Common Stock",,,NYSE,2026-09-04,2026-09-15,active,
BKNG,Booking Holdings,Consumer Discretionary,"Hotels, Resorts & Cruise Lines",S&P 500,2026-09-04,2026-09-15,active,
BKR,Baker Hughes,Energy,Oil & Gas Equipment & Services,S&P 500,2026-09-04,2026-09-15,active,
BKSY,BlackSky Technology Inc. Class A Common Stock,,,NYSE,2026-09-04,2026-09-15,active,
BKT,BlackRock Income Trust Inc. (The),,,NYSE,2026-09-04,2026-09-15,active,
BKTI,BK Technologies Corporation Common Stock,,,NYSE American,2026-09-04,2026-09-15,active,
BKU,"BankUnited, Inc.",Financials,Regional Banks,S&P 600,2026-09-04,2026-09-15,active,
BKV,BKV Corporation Common Stock,,,NYSE,2026-09-04,2026-09-15,active,
BKYI,"BIO-key International, Inc. - Common Stock",,,Nasdaq,2026-09-04,2026-09-15,active,
BL,"BlackLine Systems, Inc.",Information Technology,Application Software,S&P 600,2026-09-04,2026-09-15,active,
BLBD,Blue Bird Corporation - Common Stock,,,Nasdaq,2026-09-04,2026-09-15,active,
BLCO,Bausch + Lomb Corporation Common Shares,,,NYSE,2026-09-04,2026-09-15,active,
BLDP,"Ballard Power Systems, Inc. - Common Shares",,,Nasdaq,2026-09-04,2026-09-15,active,
BLDR,Builders FirstSource,Industrials,Building Products,S&P 500,2026-09-04,2026-09-15,active,
BLFS,"BioLife Solutions, Inc.",Health Care,Health Care Supplies,S&P 600,2026-09-04,2026-09-15,active,
BLIN,"Bridgeline Digital, Inc. - Common Stock",,,Nasdaq,2026-09-04,2026-09-15,active,
BLIV,BeLive Holdings - ordinary shares,,,Nasdaq,2026-09-04,2026-09-15,active,
BLK,BlackRock,Financials,Asset Management & Custody Banks,S&P 500,2026-09-04,2026-09-15,active,
BLKB,Blackbaud,Information Technology,Application Software,S&P 600,2026-09-04,2026-09-15,active,
BLLN,"BillionToOne, Inc. - Class A common stock",,,Nasdaq,2026-09-04,2026-09-15,active,
BLMN,"Bloomin' Brands, Inc. - Common Stock",,,Nasdaq,2026-09-04,2026-09-15,active,
BLND,"Blend Labs, Inc. Class A Common Stock",,,NYSE,2026-09-04,2026-09-15,active,
BLNE,"Beeline Holdings, Inc. - Common Stock",,,Nasdaq,2026-09-04,2026-09-15,active,
BLRK,Bluerock Acquisition Corp. - Class A Ordinary Shares,,,Nasdaq,2026-09-04,2026-09-15,active,
BLSH,Bullish Ordinary Shares,,,NYSE,2026-09-04,2026-09-15,active,
BLSM,"BlossomHill Therapeutics, Inc. - Common Stock",,,Nasdaq,2026-09-04,2026-09-15,active,
BLUW,Blue Water Acquisition Corp. III - Class A Ordinary Shares,,,Nasdaq,2026-09-04,2026-09-15,active,
BLW,Blackrock Limited Duration Income Trust,,,NYSE,2026-09-04,2026-09-15,active,
BLX,"Bladex, Inc. Class E Common Stock",,,NYSE,2026-09-04,2026-09-15,active,
BLZE,"Backblaze, Inc. - Common Stock",,,Nasdaq,2026-09-04,2026-09-15,active,
BLZR,Trailblazer Acquisition Corp. - Class A Ordinary Shares,,,Nasdaq,2026-09-04,2026-09-15,active,
BMA,Banco Macro S.A.  ADR (representing Ten Class B Common Shares),,,NYSE,2026-09-04,2026-09-15,active,
BMBL,Bumble Inc. - common stock,,,Nasdaq,2026-09-04,2026-09-15,active,
BME,Blackrock Health Sciences Trust,,,NYSE,2026-09-04,2026-09-15,active,
BMEA,"Biomea Fusion, Inc. - Common Stock",,,Nasdaq,2026-09-04,2026-09-15,active,
BMGL,Basel Medical Group Ltd - ordinary shares,,,Nasdaq,2026-09-04,2026-09-15,active,
BMHL,Bluemount Holdings Limited - Class B Ordinary Shares,,,Nasdaq,2026-09-04,2026-09-15,active,
BMI,"Badger Meter, Inc.",Information Technology,Electronic Equipment & Instruments,S&P 600,2026-09-04,2026-09-15,active,
BMM,Blue Moon Metals Inc. - Common Shares,,,Nasdaq,2026-09-04,2026-09-15,active,
BMNR,"BitMine Immersion Technologies, Inc. Common Stock",,,NYSE,2026-09-04,2026-09-15,active,
BMO,Bank Of Montreal Common Stock,,,NYSE,2026-09-04,2026-09-15,active,
BMR,Beamr Imaging Ltd. - Ordinary Share,,,Nasdaq,2026-09-04,2026-09-15,active,
BMRA,"Biomerica, Inc. - Common Stock",,,Nasdaq,2026-09-04,2026-09-15,active,
BMRC,Bank of Marin Bancorp - Common Stock,,,Nasdaq,2026-09-04,2026-09-15,active,
BMRN,BioMarin Pharmaceutical,Health Care,Biotechnology,S&P 400,2026-09-04,2026-09-15,active,
BMY,Bristol Myers Squibb,Health Care,Pharmaceuticals,S&P 500,2026-09-04,2026-09-15,active,
BN,Brookfield Corporation Class A Limited Voting Shares,,,NYSE,2026-09-04,2026-09-15,active,
BNAI,Brand Engagement Network Inc. - Common Stock,,,Nasdaq,2026-09-04,2026-09-15,active,
BNC,CEA Industries Inc. - Common Stock,,,Nasdaq,2026-09-04,2026-09-15,active,
BNED,"Barnes & Noble Education, Inc Common Stock",,,NYSE,2026-09-04,2026-09-15,active,
BNGO,"Bionano Genomics, Inc. - Common Stock",,,Nasdaq,2026-09-04,2026-09-15,active,
BNH,"Brookfield Finance Inc. 4.625% Subordinated Notes due October 16, 2080",,,NYSE,2026-09-04,2026-09-15,active,
BNJ,Brookfield Finance Inc. 4.50% Perpetual Subordinated Notes,,,NYSE,2026-09-04,2026-09-15,active,
BNKK,"Bonk, Inc. - Common Stock",,,Nasdaq,2026-09-04,2026-09-15,active,
BNL,"Broadstone Net Lease, Inc.",Real Estate,Industrial REITs,S&P 600,2026-09-04,2026-09-15,active,
BNS,Bank Nova Scotia Halifax Pfd 3 Ordinary Shares,,,NYSE,2026-09-04,2026-09-15,active,
BNT,Brookfield Wealth Solutions Ltd. Class A Exchangeable Limited Voting Shares,,,NYSE,2026-09-04,2026-09-15,active,
BNTC,Benitec Biopharma Inc. - Common Stock,,,Nasdaq,2026-09-04,2026-09-15,active,
BNY,BNY Mellon,Financials,Asset Management & Custody Banks,S&P 500,2026-09-04,2026-09-15,active,
BOBS,"Bob's Discount Furniture, Inc. Common Stock",,,NYSE,2026-09-04,2026-09-15,active,
BOC,Boston Omaha Corporation Class A Common Stock,,,NYSE,2026-09-04,2026-09-15,active,
BODI,"The Beachbody Company, Inc. - Class A Common Stock",,,Nasdaq,2026-09-04,2026-09-15,active,
BOF,BranchOut Food Inc. - Common Stock,,,Nasdaq,2026-09-04,2026-09-15,active,
BOH,Bank of Hawaii,Financials,Regional Banks,S&P 600,2026-09-04,2026-09-15,active,
BOKF,BOK Financial Corporation - Common Stock,,,Nasdaq,2026-09-04,2026-09-15,active,
BOLD,"Boundless Bio, Inc. - Common Stock",,,Nasdaq,2026-09-04,2026-09-15,active,
BOLT,"Bolt Biotherapeutics, Inc. - Common Stock",,,Nasdaq,2026-09-04,2026-09-15,active,
BON,Bon Natural Life Limited - Class A Ordinary Shares,,,Nasdaq,2026-09-04,2026-09-15,active,
BOOM,DMC Global Inc. - Common Stock,,,Nasdaq,2026-09-04,2026-09-15,active,
BOOT,"Boot Barn Holdings, Inc.",Consumer Discretionary,Apparel Retail,S&P 600,2026-09-04,2026-09-15,active,
BORR,Borr Drilling Limited Common Shares,,,NYSE,2026-09-04,2026-09-15,active,
BOSC,B.O.S. Better Online Solutions - Ordinary Shares,,,Nasdaq,2026-09-04,2026-09-15,active,
BOT,"RoboStrategy, Inc. - Common Stock",,,Nasdaq,2026-09-04,2026-09-15,active,
BOTJ,"Bank of the James Financial Group, Inc. - Common Stock",,,Nasdaq,2026-09-04,2026-09-15,active,
BOW,Bowhead Specialty Holdings Inc. Common Stock,,,NYSE,2026-09-04,2026-09-15,active,
BOX,"Box, Inc.",Information Technology,Application Software,S&P 600,2026-09-04,2026-09-15,active,
BOXL,Boxlight Corporation - Class A Common Stock,,,Nasdaq,2026-09-04,2026-09-15,active,
BP,BP p.l.c. Common Stock,,,NYSE,2026-09-04,2026-09-15,active,
BPAC,Blueport Acquisition Ltd - Class A Ordinary Shares,,,Nasdaq,2026-09-04,2026-09-15,active,
BPOP,"Popular, Inc. - Common Stock",,,Nasdaq,2026-09-04,2026-09-15,active,
BPRN,"Princeton Bancorp, Inc. - Common Stock",,,Nasdaq,2026-09-04,2026-09-15,active,
BQ,Boqii Holding Limited Class A Ordinary Shares,,,NYSE American,2026-09-04,2026-09-15,active,
BR,Broadridge Financial Solutions,Industrials,Data Processing & Outsourced Services,S&P 500,2026-09-04,2026-09-15,active,
BRAG,Bragg Gaming Group Inc. - Common Shares,,,Nasdaq,2026-09-04,2026-09-15,active,
BRAI,Braiin Limited - Common Stock,,,Nasdaq,2026-09-04,2026-09-15,active,
BRBI,BRBI BR Partners S.A. - ADSs,,,Nasdaq,2026-09-04,2026-09-15,active,
BRBR,"BellRing Brands, Inc. Common Stock",,,NYSE,2026-09-04,2026-09-15,active,
BRBS,"Blue Ridge Bankshares, Inc. Common Stock",,,NYSE American,2026-09-04,2026-09-15,active,
BRC,Brady Corporation,Industrials,Commercial Printing,S&P 600,2026-09-04,2026-09-15,active,
BRCB,"Black Rock Coffee Bar, Inc. - Class A Common Stock",,,Nasdaq,2026-09-04,2026-09-15,active,
BRCC,BRC Inc. Class A Common Stock,,,NYSE,2026-09-04,2026-09-15,active,
BRIA,BrilliA Inc Class A Ordinary Shares,,,NYSE American,2026-09-04,2026-09-15,active,
BRID,Bridgford Foods Corporation - Common Stock,,,Nasdaq,2026-09-04,2026-09-15,active,
BRK.B,Berkshire Hathaway,Financials,Multi-Sector Holdings,S&P 500,2026-09-04,2026-09-15,active,
BRKH,Burtech Acquisition Corp II - Class A Ordinary Shares,,,Nasdaq,2026-09-04,2026-09-15,active,
BRKR,Bruker,Health Care,Health Care Equipment,S&P 400,2026-09-04,2026-09-15,active,
BRLT,"Brilliant Earth Group, Inc. - Class A Common Stock",,,Nasdaq,2026-09-04,2026-09-15,active,
BRN,"Barnwell Industries, Inc. Common Stock",,,NYSE American,2026-09-04,2026-09-15,active,
BRNX,BrenX Ltd. - Ordinary Shares,,,Nasdaq,2026-09-04,2026-09-15,active,
BRO,Brown & Brown,Financials,Insurance Brokers,S&P 500,2026-09-04,2026-09-15,active,
BROS,Dutch Bros Inc.,Consumer Discretionary,Restaurants,S&P 400,2026-09-04,2026-09-15,active,
BRR,"ProCap Financial, Inc. - Common Stock",,,Nasdaq,2026-09-04,2026-09-15,active,
BRSL,"Brightstar Lottery PLC Trading under the Legal Name to begin at the market open on July 21, 2025. Ordinary Shares",,,NYSE,2026-09-04,2026-09-15,active,
BRSP,"BrightSpire Capital, Inc. Class A Common Stock",,,NYSE,2026-09-04,2026-09-15,active,
BRT,BRT Apartments Corp. (MD) Common Stock,,,NYSE,2026-09-04,2026-09-15,active,
BRTM,B&R Technology Merger Corp. - Class A Ordinary Shares,,,Nasdaq,2026-09-10,2026-09-15,active,
BRUN,Boost Run Inc. - Class A Common Stock,,,Nasdaq,2026-09-04,2026-09-15,active,
BRVE,"Braveheart Bio, Inc. - Common Stock",,,Nasdaq,2026-09-04,2026-09-15,active,
BRW,Saba Capital Income & Opportunities Fund SBI,,,NYSE,2026-09-04,2026-09-15,active,
BRX,Brixmor Property Group,Real Estate,Retail REITs,S&P 400,2026-09-04,2026-09-15,active,
BRZE,"Braze, Inc. - Class A Common Stock",,,Nasdaq,2026-09-04,2026-09-15,active,
BSAC,Banco Santander - Chile ADS,,,NYSE,2026-09-04,2026-09-15,active,
BSBK,Bogota Financial Corp. - Common Stock,,,Nasdaq,2026-09-04,2026-09-15,active,
BSEM,"BioStem Technologies, Inc. - Common Stock",,,Nasdaq,2026-09-04,2026-09-15,active,
BSET,"Bassett Furniture Industries, Incorporated - Common Stock",,,Nasdaq,2026-09-04,2026-09-15,active,
BSIN,Big Sky Industrial Inc. - Common Stock,,,Nasdaq,2026-09-04,2026-09-15,active,
BSM,"Black Stone Minerals, L.P. Common units representing limited partner interests",,,NYSE,2026-09-04,2026-09-15,active,
BSP,Bending Spoons S.p.A. - Ordinary Shares,,,Nasdaq,2026-09-04,2026-09-15,active,
BSRR,Sierra Bancorp - Common Stock,,,Nasdaq,2026-09-04,2026-09-15,active,
BSVN,Bank7 Corp. - Common stock,,,Nasdaq,2026-09-04,2026-09-15,active,
BSX,Boston Scientific,Health Care,Health Care Equipment,S&P 500,2026-09-04,2026-09-15,active,
BSY,Bentley Systems,Information Technology,Application Software,S&P 400,2026-09-04,2026-09-15,active,
BTAI,"BioXcel Therapeutics, Inc. - Common Stock",,,Nasdaq,2026-09-04,2026-09-04,dropped,2026-09-04
BTBD,"BT Brands, Inc. - Common Stock",,,Nasdaq,2026-09-04,2026-09-15,active,
BTBT,"Bit Digital, Inc. - Ordinary Share",,,Nasdaq,2026-09-04,2026-09-15,active,
BTCS,BTCS Inc. - Common Stock,,,Nasdaq,2026-09-04,2026-09-15,active,
BTCT,BTC Digital Ltd. - Ordinary Shares,,,Nasdaq,2026-09-04,2026-09-15,active,
BTDR,Bitdeer Technologies Group - Ordinary Shares,,,Nasdaq,2026-09-04,2026-09-15,active,
BTE,Baytex Energy Corp Common Shares,,,NYSE,2026-09-04,2026-09-15,active,
BTG,B2Gold Corp Common shares (Canada),,,NYSE American,2026-09-04,2026-09-15,active,
BTGO,"BitGo Holdings, Inc. Class A Common Stock",,,NYSE,2026-09-04,2026-09-15,active,
BTI,"British American Tobacco  Industries, p.l.c. Common Stock ADR",,,NYSE,2026-09-04,2026-09-15,active,
BTMD,Biote Corp. - Class A common stock,,,Nasdaq,2026-09-04,2026-09-15,active,
BTO,John Hancock Financial Opportunities Fund Common Stock,,,NYSE,2026-09-04,2026-09-15,active,
BTQ,BTQ Technologies Corp. - Common Stock,,,Nasdaq,2026-09-04,2026-09-15,active,
BTSG,BrightSpring Health Services,Health Care,Health Care Services,S&P 400,2026-09-04,2026-09-15,active,
BTT,BlackRock Municipal 2030 Target Term Trust,,,NYSE,2026-09-04,2026-09-15,active,
BTTC,Black Titan Corp - Ordinary Shares,,,Nasdaq,2026-09-04,2026-09-10,dropped,2026-09-10
BTU,"Peabody Energy, Inc.",Energy,Coal & Consumable Fuels,S&P 600,2026-09-04,2026-09-15,active,
BTZ,BlackRock Credit Allocation Income Trust,,,NYSE,2026-09-04,2026-09-15,active,
BUD,Anheuser-Busch Inbev SA Sponsored ADR (Belgium),,,NYSE,2026-09-04,2026-09-15,active,
BUDA,"Buda Juice, Inc. Common Stock",,,NYSE American,2026-09-04,2026-09-15,active,
BUI,"BlackRock Utility, Infrastructure & Power Opportunities Trust",,,NYSE,2026-09-04,2026-09-15,active,
BULL,Webull Corporation - Class A Ordinary Shares,,,Nasdaq,2026-09-04,2026-09-15,active,
BUR,Burford Capital Limited Ordinary Shares,,,NYSE,2026-09-04,2026-09-15,active,
BURL,Burlington Stores,Consumer Discretionary,Apparel Retail,S&P 400,2026-09-04,2026-09-15,active,
BURU,"Nuburu, Inc. Common Stock",,,NYSE American,2026-09-14,2026-09-15,active,
BUSE,First Busey Corporation - Common Stock,,,Nasdaq,2026-09-04,2026-09-15,active,
BUUU,BUUU Group Limited - Class A Ordinary Share,,,Nasdaq,2026-09-04,2026-09-15,active,
BV,"BrightView Holdings, Inc. Common Stock",,,NYSE,2026-09-04,2026-09-15,active,
BVC,BitVentures Limited - Ordinary Share,,,Nasdaq,2026-09-04,2026-09-15,active,
BVFL,"BV Financial, Inc. - Common Stock",,,Nasdaq,2026-09-04,2026-09-15,active,
BVN,Buenaventura Mining Company Inc.,,,NYSE,2026-09-04,2026-09-15,active,
BVS,Bioventus Inc. - Class A Common Stock,,,Nasdaq,2026-09-04,2026-09-15,active,
BW,"Babcock & Wilcox Enterprises, Inc. Common Stock",,,NYSE,2026-09-04,2026-09-15,active,
BWA,BorgWarner,Consumer Discretionary,Automotive Parts & Equipment,S&P 400,2026-09-04,2026-09-15,active,
BWB,"Bridgewater Bancshares, Inc. - Common Stock",,,Nasdaq,2026-09-04,2026-09-15,active,
BWEN,"Broadwind, Inc. - Common Stock",,,Nasdaq,2026-09-04,2026-09-15,active,
BWFG,"Bankwell Financial Group, Inc. - Common Stock",,,Nasdaq,2026-09-04,2026-09-15,active,
BWG,BrandywineGLOBAL Global Income Opportunities Fund Inc.,,,NYSE,2026-09-04,2026-09-15,active,
BWIN,"The Baldwin Insurance Group, Inc. - Class A Common Stock",,,Nasdaq,2026-09-04,2026-09-15,active,
BWIV,Blue Water Acquisition Corp. IV Class A Ordinary Shares,,,NYSE,2026-09-04,2026-09-15,active,
BWLP,BW LPG Limited Common Shares,,,NYSE,2026-09-04,2026-09-15,active,
BWMN,Bowman Consulting Group Ltd. - Common Stock,,,Nasdaq,2026-09-04,2026-09-15,active,
BWMX,"Betterware de Mexico, S.A.P.I. de C.V. Ordinary Shares",,,NYSE,2026-09-04,2026-09-15,active,
BWXT,BWX Technologies,Industrials,Aerospace & Defense,S&P 400,2026-09-04,2026-09-15,active,
BX,Blackstone Inc.,Financials,Asset Management & Custody Banks,S&P 500,2026-09-04,2026-09-15,active,
BXBL,"BOXABL, Inc.  - Common stock",,,Nasdaq,2026-09-04,2026-09-15,active,
BXC,Bluelinx Holdings Inc. Common Stock,,,NYSE,2026-09-04,2026-09-15,active,
BXDC,Blackstone Digital Infrastructure Trust Inc. Common Stock,,,NYSE,2026-09-04,2026-09-15,active,
BXMT,"Blackstone Mortgage Trust, Inc.",Financials,Mortgage REITs,S&P 600,2026-09-04,2026-09-15,active,
BXP,"BXP, Inc.",Real Estate,Office REITs,S&P 500,2026-09-04,2026-09-15,active,
BY,"Byline Bancorp, Inc. Common Stock",,,NYSE,2026-09-04,2026-09-15,active,
BYAH,"Park Ha Biological Technology Co., Ltd. - Class A Ordinary Shares",,,Nasdaq,2026-09-04,2026-09-15,active,
BYD,Boyd Gaming,Consumer Discretionary,Casinos & Gaming,S&P 400,2026-09-04,2026-09-15,active,
BYFC,Broadway Financial Corporation - Class A Common Stock,,,Nasdaq,2026-09-04,2026-09-15,active,
BYND,"Beyond Meat, Inc. - Common stock",,,Nasdaq,2026-09-04,2026-09-15,active,
BYRN,"Byrna Technologies, Inc. - Common Stock",,,Nasdaq,2026-09-04,2026-09-15,active,
BYSI,"BeyondSpring, Inc. - Ordinary Shares",,,Nasdaq,2026-09-04,2026-09-15,active,
BZ,KANZHUN LIMITED - American Depository Shares,,,Nasdaq,2026-09-04,2026-09-15,active,
BZAI,"Blaize Holdings, Inc. - Common Stock",,,Nasdaq,2026-09-04,2026-09-15,active,
BZFD,"BuzzFeed, Inc. - Class A Common Stock",,,Nasdaq,2026-09-04,2026-09-15,active,
BZH,"Beazer Homes USA, Inc. Common Stock",,,NYSE,2026-09-04,2026-09-15,active,
C,Citigroup,Financials,Diversified Banks,S&P 500,2026-09-04,2026-09-15,active,
CAAP,Corporacion America Airports SA Common Shares,,,NYSE,2026-09-04,2026-09-15,active,
CAAS,"China Automotive Systems, Inc. - Ordinary Share",,,Nasdaq,2026-09-04,2026-09-15,active,
CABA,"Cabaletta Bio, Inc. - Common Stock",,,Nasdaq,2026-09-04,2026-09-15,active,
CABO,"Cable One, Inc. Common Stock",,,NYSE,2026-09-04,2026-09-15,active,
CAC,Camden National Corporation - Common Stock,,,Nasdaq,2026-09-04,2026-09-15,active,
CACC,Credit Acceptance,Financials,Specialized Finance,S&P 600,2026-09-04,2026-09-15,active,
CACI,CACI International,Industrials,Diversified Support Services,S&P 400,2026-09-04,2026-09-15,active,
CADL,"Candel Therapeutics, Inc. - Common Stock",,,Nasdaq,2026-09-04,2026-09-15,active,
CAE,CAE Inc - Common Shares,,,Nasdaq,2026-09-04,2026-09-15,active,
CAES,"Cantor Equity Partners VII, Inc. - Class A Ordinary Shares",,,Nasdaq,2026-09-04,2026-09-15,active,
CAF,Morgan Stanley China A Share Fund Inc. Common Stock,,,NYSE,2026-09-04,2026-09-15,active,
CAG,Conagra Brands,Consumer Staples,Packaged Foods & Meats,S&P 600,2026-09-04,2026-09-15,active,
CAH,Cardinal Health,Health Care,Health Care Distributors,S&P 500,2026-09-04,2026-09-15,active,
CAI,"Caris Life Sciences, Inc. - Common Stock",,,Nasdaq,2026-09-04,2026-09-15,active,
CAII,Collective Acquisition Corp. II - Class A Ordinary Shares,,,Nasdaq,2026-09-04,2026-09-15,active,
CAKE,"The Cheesecake Factory, Inc.",Consumer Discretionary,Restaurants,S&P 600,2026-09-04,2026-09-15,active,
CAL,"Caleres, Inc. Common Stock",,,NYSE,2026-09-04,2026-09-15,active,
CALM,"Cal-Maine Foods, Inc.",Consumer Staples,Packaged Foods & Meats,S&P 600,2026-09-04,2026-09-15,active,
CALX,Calix,Information Technology,Application Software,S&P 600,2026-09-04,2026-09-15,active,
CALY,Callaway Golf Company,Consumer Discretionary,Leisure Products,S&P 600,2026-09-04,2026-09-15,active,
CAMP,CAMP4 Therapeutics Corporation - Common Stock,,,Nasdaq,2026-09-04,2026-09-15,active,
CAMT,Camtek Ltd. - Ordinary Shares,,,Nasdaq,2026-09-04,2026-09-15,active,
CANG,Cango Inc. Class A Ordinary Shares,,,NYSE,2026-09-04,2026-09-15,active,
CAPL,CrossAmerica Partners LP Common Units representing limited partner interests,,,NYSE,2026-09-04,2026-09-15,active,
CAPR,"Capricor Therapeutics, Inc. - Common Stock",,,Nasdaq,2026-09-04,2026-09-15,active,
CAQ,Cambridge Acquisition Corp. - Class A Ordinary Shares,,,Nasdaq,2026-09-04,2026-09-15,active,
CAR,Avis Budget Group,Industrials,Passenger Ground Transportation,S&P 400,2026-09-04,2026-09-15,active,
CARE,"Carter Bankshares, Inc. - Common Stock",,,Nasdaq,2026-09-04,2026-09-15,active,
CARG,CarGurus,Communication Services,Interactive Media & Services,S&P 600,2026-09-04,2026-09-15,active,
CARL,"Carlsmed, Inc. - Common Stock",,,Nasdaq,2026-09-04,2026-09-15,active,
CARR,Carrier Global,Industrials,Building Products,S&P 500,2026-09-04,2026-09-15,active,
CARS,Cars.com Inc. Common Stock,,,NYSE,2026-09-04,2026-09-15,active,
CART,Maplebear Inc.,Consumer Staples,Food Retail,S&P 400,2026-09-04,2026-09-15,active,
CASH,"Pathward Financial, Inc.",Financials,Regional Banks,S&P 600,2026-09-04,2026-09-15,active,
CASS,"Cass Information Systems, Inc - Common Stock",,,Nasdaq,2026-09-04,2026-09-15,active,
CAST,"FreeCast, Inc. - Class A common stock",,,Nasdaq,2026-09-04,2026-09-15,active,
CASY,Casey's,Consumer Staples,Food Retail,S&P 500,2026-09-04,2026-09-15,active,
CAT,Caterpillar Inc.,Industrials,Construction Machinery & Heavy Transportation Equipment,S&P 500,2026-09-04,2026-09-15,active,
CATO,Cato Corporation (The) Class A Common Stock,,,NYSE,2026-09-04,2026-09-15,active,
CATX,"Perspective Therapeutics, Inc. Common Stock",,,NYSE American,2026-09-04,2026-09-15,active,
CATY,Cathay General Bancorp,Financials,Regional Banks,S&P 600,2026-09-04,2026-09-15,active,
CAVA,Cava Group,Consumer Discretionary,Restaurants,S&P 400,2026-09-04,2026-09-15,active,
CB,Chubb Limited,Financials,Property & Casualty Insurance,S&P 500,2026-09-04,2026-09-15,active,
CBAN,"Colony Bankcorp, Inc. Common Stock",,,NYSE,2026-09-04,2026-09-15,active,
CBC,"Central Bancompany, Inc. - Class A Common Stock",,,Nasdaq,2026-09-04,2026-09-15,active,
CBFV,"CB Financial Services, Inc. - Common Stock",,,Nasdaq,2026-09-04,2026-09-15,active,
CBIO,"Crescent Biopharma, Inc. - Common Stock",,,Nasdaq,2026-09-04,2026-09-15,active,
CBK,"Commercial Bancgroup, Inc. - Common Stock",,,Nasdaq,2026-09-04,2026-09-15,active,
CBL,"CBL & Associates Properties, Inc. Common Stock",,,NYSE,2026-09-04,2026-09-15,active,
CBLL,"CeriBell, Inc. - Common Stock",,,Nasdaq,2026-09-04,2026-09-15,active,
CBNA,"Chain Bridge Bancorp, Inc. Class A Common Stock",,,NYSE,2026-09-04,2026-09-15,active,
CBNK,"Capital Bancorp, Inc. - Common Stock",,,Nasdaq,2026-09-04,2026-09-15,active,
CBOE,Cboe Global Markets,Financials,Financial Exchanges & Data,S&P 500,2026-09-04,2026-09-15,active,
CBRE,CBRE Group,Real Estate,Real Estate Services,S&P 500,2026-09-04,2026-09-15,active,
CBRL,Cracker Barrel,Consumer Discretionary,Restaurants,S&P 600,2026-09-04,2026-09-15,active,
CBRS,Cerebras Systems Inc. - Class A Common Stock,,,Nasdaq,2026-09-04,2026-09-15,active,
CBSH,Commerce Bancshares,Financials,Regional Banks,S&P 400,2026-09-04,2026-09-15,active,
CBT,Cabot Corp,Materials,Diversified Chemicals,S&P 400,2026-09-04,2026-09-15,active,
CBU,"Community Bank System, Inc.",Financials,Regional Banks,S&P 600,2026-09-04,2026-09-15,active,
CBUS,"Cibus, Inc. - Class A Common Stock",,,Nasdaq,2026-09-04,2026-09-15,active,
CBZ,"CBIZ, Inc. Common Stock",,,NYSE,2026-09-04,2026-09-15,active,
CC,Chemours,Materials,Diversified Chemicals,S&P 600,2026-09-04,2026-09-15,active,
CCAP,"Crescent Capital BDC, Inc. - Common Stock",,,Nasdaq,2026-09-04,2026-09-15,active,
CCAQ,Collective Acquisition Corp. - Class A ordinary shares,,,Nasdaq,2026-09-04,2026-09-15,active,
CCB,Coastal Financial Corporation - Common Stock,,,Nasdaq,2026-09-04,2026-09-15,active,
CCBG,Capital City Bank Group - Common Stock,,,Nasdaq,2026-09-04,2026-09-15,active,
CCC,CCC Intelligent Solutions Holdings Inc. - Common Stock,,,Nasdaq,2026-09-04,2026-09-15,active,
CCCC,"C4 Therapeutics, Inc. - Common Stock",,,Nasdaq,2026-09-04,2026-09-15,active,
CCCT,Columbus Circle Capital Corp III - Class A Ordinary Shares,,,Nasdaq,2026-09-04,2026-09-15,active,
CCD,Calamos Dynamic Convertible & Income Fund - Closed End Fund,,,Nasdaq,2026-09-04,2026-09-15,active,
CCEC,Capital Clean Energy Carriers Corp. - Common Share,,,Nasdaq,2026-09-04,2026-09-15,active,
CCEL,"Cryo-Cell International, Inc. Common Stock",,,NYSE American,2026-09-04,2026-09-15,active,
CCEP,Coca-Cola Europacific Partners plc - Ordinary Shares,,,Nasdaq,2026-09-04,2026-09-15,active,
CCG,Cheche Group Inc. - Class A Ordinary Shares,,,Nasdaq,2026-09-04,2026-09-15,active,
CCHH,CCH Holdings Ltd - Class A Ordinary Shares,,,Nasdaq,2026-09-04,2026-09-15,active,
CCI,Crown Castle,Real Estate,Telecom Tower REITs,S&P 500,2026-09-04,2026-09-15,active,
CCII,Cohen Circle Acquisition Corp. II - Class A Ordinary Shares,,,Nasdaq,2026-09-04,2026-09-15,active,
CCJ,Cameco Corporation Common Stock,,,NYSE,2026-09-04,2026-09-15,active,
CCK,Crown Holdings,Materials,Paper & Plastic Packaging Products & Materials,S&P 400,2026-09-04,2026-09-15,active,
CCL,Carnival Corporation,Consumer Discretionary,"Hotels, Resorts & Cruise Lines",S&P 500,2026-09-04,2026-09-15,active,
CCLD,"CareCloud, Inc. - Common Stock",,,Nasdaq,2026-09-04,2026-09-15,active,
CCNE,CNB Financial Corporation - Common Stock,,,Nasdaq,2026-09-04,2026-09-15,active,
CCO,"Clear Channel Outdoor Holdings, Inc. Common Stock",,,NYSE,2026-09-04,2026-09-15,active,
CCOI,"Cogent Communications Holdings, Inc.",Communication Services,Alternative Carriers,S&P 600,2026-09-04,2026-09-15,active,
CCS,"Century Communities, Inc.",Consumer Discretionary,Homebuilding,S&P 600,2026-09-04,2026-09-15,active,
CCSI,"Consensus Cloud Solutions, Inc. - Common Stock",,,Nasdaq,2026-09-04,2026-09-15,active,
CCU,"Compania Cervecerias Unidas, S.A. Common Stock",,,NYSE,2026-09-04,2026-09-15,active,
CCXI,Churchill Capital Corp XI - Class A Ordinary Shares,,,Nasdaq,2026-09-04,2026-09-15,active,
CCZ,Comcast Holdings ZONES,,,NYSE,2026-09-04,2026-09-15,active,
CD,Chaince Digital Holdings Inc. - American Ordinary Shares,,,Nasdaq,2026-09-04,2026-09-15,active,
CDE,Coeur Mining,Materials,Gold,S&P 400,2026-09-04,2026-09-15,active,
CDIO,Cardio Diagnostics Holdings Inc. - Common stock,,,Nasdaq,2026-09-04,2026-09-15,active,
CDLX,"Cardlytics, Inc. - Common Stock",,,Nasdaq,2026-09-04,2026-09-15,active,
CDNA,"CareDx, Inc. - Common Stock",,,Nasdaq,2026-09-04,2026-09-15,active,
CDNL,Cardinal Infrastructure Group Inc. - Class A Common Stock,,,Nasdaq,2026-09-04,2026-09-15,active,
CDNS,Cadence Design Systems,Information Technology,Application Software,S&P 500,2026-09-04,2026-09-15,active,
CDP,COPT Defense Properties,Real Estate,Office REITs,S&P 400,2026-09-04,2026-09-15,active,
CDRE,"Cadre Holdings, Inc. Common Stock",,,NYSE,2026-09-04,2026-09-15,active,
CDRO,"Codere Online Luxembourg, S.A. - Ordinary Shares",,,Nasdaq,2026-09-04,2026-09-15,active,
CDT,CDT Equity Inc. - Common Stock,,,Nasdaq,2026-09-04,2026-09-15,active,
CDTG,CDT Environmental Technology Investment Holdings Limited - ordinary shares,,,Nasdaq,2026-09-04,2026-09-15,active,
CDW,CDW Corporation,Information Technology,Technology Distributors,S&P 500,2026-09-04,2026-09-15,active,
CDXS,"Codexis, Inc. - Common Stock",,,Nasdaq,2026-09-04,2026-09-15,active,
CDZI,"Cadiz, Inc. - Common Stock",,,Nasdaq,2026-09-04,2026-09-15,active,
CE,Celanese,Materials,Specialty Chemicals,S&P 600,2026-09-04,2026-09-15,active,
CECO,CECO Environmental Corp. - Common Stock,,,Nasdaq,2026-09-04,2026-09-15,active,
CEE,"The Central and Eastern Europe Fund, Inc. (The) Common Stock",,,NYSE,2026-09-04,2026-09-15,active,
CEG,Constellation Energy,Utilities,Electric Utilities,S&P 500,2026-09-04,2026-09-15,active,
CELC,Celcuity Inc. - Common Stock,,,Nasdaq,2026-09-04,2026-09-15,active,
CELH,Celsius Holdings,Consumer Staples,Soft Drinks & Non-alcoholic Beverages,S&P 400,2026-09-04,2026-09-15,active,
CELZ,"Creative Medical Technology Holdings, Inc. - Common Stock",,,Nasdaq,2026-09-04,2026-09-15,active,
CENN,Cenntro Inc. - Common Stock,,,Nasdaq,2026-09-04,2026-09-15,active,
CENT,Central Garden & Pet Company,Consumer Staples,Household Products,S&P 600,2026-09-04,2026-09-15,active,
CENTA,Central Garden & Pet Company (Class A),Consumer Staples,Household Products,S&P 600,2026-09-04,2026-09-15,active,
CENX,Century Aluminum Company,Materials,Aluminum,S&P 600,2026-09-04,2026-09-15,active,
CEPF,"Cantor Equity Partners IV, Inc. - Class A Ordinary Shares",,,Nasdaq,2026-09-04,2026-09-15,active,
CEPL,"Capstone Energy Plus, Inc. - Common Stock",,,Nasdaq,2026-09-04,2026-09-15,active,
CEPO,"Cantor Equity Partners I, Inc. - Class A Ordinary Shares",,,Nasdaq,2026-09-04,2026-09-15,active,
CEPS,"Cantor Equity Partners VI, Inc. - Class A Ordinary Shares",,,Nasdaq,2026-09-04,2026-09-15,active,
CEPV,"Cantor Equity Partners V, Inc. - Class A Ordinary Shares",,,Nasdaq,2026-09-04,2026-09-15,active,
CERS,Cerus Corporation - Common Stock,,,Nasdaq,2026-09-04,2026-09-15,active,
CERT,"Certara, Inc.",Health Care,Health Care Technology,S&P 600,2026-09-04,2026-09-15,active,
CET,Central Securities Corporation Common Stock,,,NYSE American,2026-09-04,2026-09-15,active,
CETX,Cemtrex Inc. - Common Stock,,,Nasdaq,2026-09-04,2026-09-15,active,
CETY,"Clean Energy Technologies, Inc. - Common Stock",,,Nasdaq,2026-09-04,2026-09-15,active,
CEVA,"CEVA, Inc. - Common Stock",,,Nasdaq,2026-09-04,2026-09-15,active,
CF,CF Industries,Materials,Fertilizers & Agricultural Chemicals,S&P 500,2026-09-04,2026-09-15,active,
CFBK,CF Bankshares Inc. - Common Stock,,,Nasdaq,2026-09-04,2026-09-15,active,
CFFI,C&F Financial Corporation - Common Stock,,,Nasdaq,2026-09-04,2026-09-15,active,
CFFN,Capitol Federal Savings Bank,Financials,Regional Banks,S&P 600,2026-09-04,2026-09-15,active,
CFG,Citizens Financial Group,Financials,Regional Banks,S&P 500,2026-09-04,2026-09-15,active,
CFND,C1 Fund Inc. Common Stock,,,NYSE,2026-09-04,2026-09-15,active,
CFR,Frost Bank,Financials,Regional Banks,S&P 400,2026-09-04,2026-09-15,active,
CG,Carlyle Group (The),Financials,Asset Management & Custody Banks,S&P 400,2026-09-04,2026-09-15,active,
CGAU,Centerra Gold Inc. Common Shares,,,NYSE,2026-09-04,2026-09-15,active,
CGBD,"Carlyle Secured Lending, Inc. - Closed End Fund",,,Nasdaq,2026-09-04,2026-09-15,active,
CGC,Canopy Growth Corporation - Common Shares,,,Nasdaq,2026-09-04,2026-09-15,active,
CGCF,Cartesian Growth Corporation IV - Class A Ordinary Shares,,,Nasdaq,2026-09-04,2026-09-15,active,
CGEM,"Cullinan Therapeutics, Inc. - Common Stock",,,Nasdaq,2026-09-04,2026-09-15,active,
CGEN,Compugen Ltd. - Ordinary Shares,,,Nasdaq,2026-09-04,2026-09-15,active,
CGNT,Cognyte Software Ltd. - Ordinary Shares,,,Nasdaq,2026-09-04,2026-09-15,active,
CGNX,Cognex,Information Technology,Electronic Equipment & Instruments,S&P 400,2026-09-04,2026-09-15,active,
CGO,Calamos Global Total Return Fund - Closed End Fund,,,Nasdaq,2026-09-04,2026-09-15,active,
CGON,"CG Oncology, Inc. - Common stock",,,Nasdaq,2026-09-04,2026-09-15,active,
CGTL,Creative Global Technology Holdings Limited - Class A Ordinary Shares,,,Nasdaq,2026-09-04,2026-09-15,active,
CGTX,"Cognition Therapeutics, Inc. - Common Stock",,,Nasdaq,2026-09-04,2026-09-15,active,
CHAR,Charlton Aria Acquisition Corporation - Class A Ordinary Shares,,,Nasdaq,2026-09-04,2026-09-15,active,
CHCI,"Comstock Holding Companies, Inc. - Class A Common Stock",,,Nasdaq,2026-09-04,2026-09-15,active,
CHCO,City Holding Company,Financials,Regional Banks,S&P 600,2026-09-04,2026-09-15,active,
CHCT,Community Healthcare Trust Incorporated Common Stock,,,NYSE,2026-09-04,2026-09-15,active,
CHD,Church & Dwight,Consumer Staples,Household Products,S&P 500,2026-09-04,2026-09-15,active,
CHDN,Churchill Downs Inc.,Consumer Discretionary,Casinos & Gaming,S&P 400,2026-09-04,2026-09-15,active,
CHE,Chemed Corp.,Health Care,Health Care Services,S&P 400,2026-09-04,2026-09-15,active,
CHEC,Chenghe Acquisition III Co. - Class A Ordinary Shares,,,Nasdaq,2026-09-04,2026-09-15,active,
CHEF,"Chefs' Warehouse, Inc.",Consumer Staples,Food Distributors,S&P 600,2026-09-04,2026-09-15,active,
CHGG,"Chegg, Inc. Common Stock",,,NYSE,2026-09-04,2026-09-15,active,
CHH,Choice Hotels,Consumer Discretionary,"Hotels, Resorts & Cruise Lines",S&P 400,2026-09-04,2026-09-15,active,
CHI,Calamos Convertible Opportunities and Income Fund - Closed End Fund,,,Nasdaq,2026-09-04,2026-09-15,active,
CHKP,Check Point Software Technologies Ltd. - Ordinary Shares,,,Nasdaq,2026-09-04,2026-09-15,active,
CHMG,Chemung Financial Corp  - Common Stock,,,Nasdaq,2026-09-04,2026-09-15,active,
CHMI,Cherry Hill Mortgage Investment Corporation Common Stock,,,NYSE,2026-09-04,2026-09-15,active,
CHNR,"China Natural Resources, Inc. - Common Shares",,,Nasdaq,2026-09-04,2026-09-15,active,
CHOW,ChowChow Cloud International Holdings Limited Ordinary Shares,,,NYSE American,2026-09-04,2026-09-15,active,
CHPG,ChampionsGate Acquisition Corporation - Class A Ordinary Share,,,Nasdaq,2026-09-04,2026-09-15,active,
CHPT,"ChargePoint Holdings, Inc. Common Stock",,,NYSE,2026-09-04,2026-09-15,active,
CHR,"Cheer Holding, Inc.  - Class A Ordinary Share",,,Nasdaq,2026-09-04,2026-09-15,active,
CHRD,Chord Energy,Energy,Oil & Gas Exploration & Production,S&P 400,2026-09-04,2026-09-15,active,
CHRN,ChronoScale Holdings Corporation - Common Stock,,,Nasdaq,2026-09-04,2026-09-15,active,
CHRS,"Coherus Oncology, Inc. - Common Stock",,,Nasdaq,2026-09-04,2026-09-15,active,
CHRW,C.H. Robinson,Industrials,Air Freight & Logistics,S&P 500,2026-09-04,2026-09-15,active,
CHSN,Chanson International Holding - Class A Ordinary Shares,,,Nasdaq,2026-09-04,2026-09-15,active,
CHT,"Chunghwa Telecom Co., Ltd.",,,NYSE,2026-09-04,2026-09-15,active,
CHTR,Charter Communications,Communication Services,Cable & Satellite,S&P 500,2026-09-04,2026-09-15,active,
CHW,Calamos Global Dynamic Income Fund - Closed End Fund,,,Nasdaq,2026-09-04,2026-09-15,active,
CHWY,Chewy,Consumer Discretionary,Other Specialty Retail,S&P 400,2026-09-04,2026-09-15,active,
CHY,Calamos Convertible and High Income Fund - Closed End Fund,,,Nasdaq,2026-09-04,2026-09-15,active,
CHYM,"Chime Financial, Inc. - Class A Common Stock",,,Nasdaq,2026-09-04,2026-09-15,active,
CI,Cigna,Health Care,Health Care Services,S&P 500,2026-09-04,2026-09-15,active,
CIA,"Citizens, Inc. Class A Common Stock ($1.00 Par)",,,NYSE,2026-09-04,2026-09-15,active,
CICB,CION Investment Corporation 7.50% Notes due 2029,,,NYSE,2026-09-04,2026-09-15,active,
CICC,CION Investment Corporation 7.50% Notes due 2031,,,NYSE,2026-09-04,2026-09-15,active,
CIEN,Ciena,Information Technology,Communications Equipment,S&P 500,2026-09-04,2026-09-15,active,
CIFR,Cipher Digital Inc. - Common Stock,,,Nasdaq,2026-09-04,2026-09-15,active,
CIGI,Colliers International Group Inc.  - Subordinate Voting Shares,,,Nasdaq,2026-09-04,2026-09-15,active,
CII,"BlackRock Enhanced Large Cap Core Fund, Inc. Common Stock",,,NYSE,2026-09-04,2026-09-15,active,
CIIT,"Tianci International, Inc. - Common Stock",,,Nasdaq,2026-09-04,2026-09-15,active,
CIK,"UBS Asset Management Income Fund, Inc. Common Stock",,,NYSE American,2026-09-04,2026-09-15,active,
CIM,Chimera Investment Corporation Common Stock,,,NYSE,2026-09-04,2026-09-15,active,
CIMN,Chimera Investment Corporation 9.000% Senior Notes due 2029,,,NYSE,2026-09-04,2026-09-15,active,
CIMO,Chimera Investment Corporation 9.250% Senior Notes due 2029,,,NYSE,2026-09-04,2026-09-15,active,
CIMP,Chimera Investment Corporation 8.875% Senior Notes due 2030,,,NYSE,2026-09-04,2026-09-15,active,
CINF,Cincinnati Financial,Financials,Property & Casualty Insurance,S&P 500,2026-09-04,2026-09-15,active,
CING,Cingulate Inc. - Common Stock,,,Nasdaq,2026-09-04,2026-09-15,active,
CINT,CI&T Inc Class A Common Shares,,,NYSE,2026-09-04,2026-09-15,active,
CION,CION Investment Corporation Common Stock,,,NYSE,2026-09-04,2026-09-15,active,
CISS,C3is Inc. - Common Stock,,,Nasdaq,2026-09-04,2026-09-15,active,
CITR,CitroTech Inc. Common Stock,,,NYSE American,2026-09-04,2026-09-15,active,
CIVB,"Civista Bancshares, Inc.  - Common Stock",,,Nasdaq,2026-09-04,2026-09-15,active,
CIX,CompX International Inc. Common Stock,,,NYSE American,2026-09-04,2026-09-15,active,
CKX,"CKX Lands, Inc. Common Stock",,,NYSE American,2026-09-04,2026-09-15,active,
CL,Colgate-Palmolive,Consumer Staples,Household Products,S&P 500,2026-09-04,2026-09-15,active,
CLAR,Clarus Corporation - Common Stock,,,Nasdaq,2026-09-04,2026-09-15,active,
CLB,Core Laboratories Inc. Common Stock,,,NYSE,2026-09-04,2026-09-15,active,
CLBK,"Columbia Financial, Inc. - Common Stock",,,Nasdaq,2026-09-04,2026-09-15,active,
CLBR,Colombier Acquisition Corp. III Class A Ordinary Shares,,,NYSE,2026-09-04,2026-09-15,active,
CLBT,Cellebrite DI Ltd. - Ordinary Shares,,,Nasdaq,2026-09-04,2026-09-15,active,
CLDI,"Calidi Biotherapeutics, Inc. Common Stock",,,NYSE American,2026-09-04,2026-09-15,active,
CLDX,"Celldex Therapeutics, Inc. - Common Stock",,,Nasdaq,2026-09-04,2026-09-15,active,
CLF,Cleveland-Cliffs,Materials,Steel,S&P 400,2026-09-04,2026-09-15,active,
CLFD,"Clearfield, Inc. - Common Stock",,,Nasdaq,2026-09-04,2026-09-15,active,
CLH,Clean Harbors,Industrials,Environmental & Facilities Services,S&P 400,2026-09-04,2026-09-15,active,
CLIK,Click Holdings Limited - Ordinary Share,,,Nasdaq,2026-09-04,2026-09-15,active,
CLIR,ClearSign Technologies Corporation - Common Stock,,,Nasdaq,2026-09-04,2026-09-15,active,
CLM,"Cornerstone Strategic Investment Fund, Inc. Common Shares",,,NYSE American,2026-09-04,2026-09-15,active,
CLMB,"Climb Global Solutions, Inc. - Common Stock",,,Nasdaq,2026-09-04,2026-09-15,active,
CLMT,"Calumet, Inc - Common Stock",,,Nasdaq,2026-09-04,2026-09-15,active,
CLNE,Clean Energy Fuels Corp. - Common Stock,,,Nasdaq,2026-09-04,2026-09-15,active,
CLNN,Clene Inc. - Common Stock,,,Nasdaq,2026-09-04,2026-09-15,active,
CLOV,"Clover Health Investments, Corp.  - Class A Common stock",,,Nasdaq,2026-09-04,2026-09-15,active,
CLPR,Clipper Realty Inc. Common Stock,,,NYSE,2026-09-04,2026-09-15,active,
CLPS,CLPS Incorporation - Common Stock,,,Nasdaq,2026-09-04,2026-09-15,active,
CLPT,ClearPoint Neuro Inc. - Common Stock,,,Nasdaq,2026-09-04,2026-09-15,active,
CLRB,"Cellectar Biosciences, Inc. - Common Stock",,,Nasdaq,2026-09-04,2026-09-15,active,
CLS,"Celestica, Inc. Common Stock",,,NYSE,2026-09-04,2026-09-15,active,
CLSK,"CleanSpark, Inc.",Information Technology,Internet Services & Infrastructure,S&P 600,2026-09-04,2026-09-15,active,
CLST,"Catalyst Bancorp, Inc. - common stock",,,Nasdaq,2026-09-04,2026-09-15,active,
CLVT,Clarivate Plc Ordinary Shares,,,NYSE,2026-09-04,2026-09-15,active,
CLW,Clearwater Paper Corporation Common Stock,,,NYSE,2026-09-04,2026-09-15,active,
CLWT,Euro Tech Holdings Company Limited - Ordinary Shares,,,Nasdaq,2026-09-04,2026-09-15,active,
CLX,Clorox,Consumer Staples,Household Products,S&P 500,2026-09-04,2026-09-15,active,
CLYM,"Climb Bio, Inc. - Common Stock",,,Nasdaq,2026-09-04,2026-09-15,active,
CM,Canadian Imperial Bank of Commerce Common Stock,,,NYSE,2026-09-04,2026-09-15,active,
CMBT,CMB.TECH NV Ordinary Shares,,,NYSE,2026-09-04,2026-09-15,active,
CMC,Commercial Metals,Materials,Steel,S&P 400,2026-09-04,2026-09-15,active,
CMCL,Caledonia Mining Corporation Plc Common Shares,,,NYSE American,2026-09-04,2026-09-15,active,
CMCO,Columbus McKinnon Corporation - Common Stock,,,Nasdaq,2026-09-04,2026-09-15,active,
CMCSA,Comcast,Communication Services,Cable & Satellite,S&P 500,2026-09-04,2026-09-15,active,
CMCT,Creative Media  - Common Stock,,,Nasdaq,2026-09-04,2026-09-15,active,
CMDB,Costamare Bulkers Holdings Limited Common Stock,,,NYSE,2026-09-04,2026-09-15,active,
CME,CME Group,Financials,Financial Exchanges & Data,S&P 500,2026-09-04,2026-09-15,active,
CMG,Chipotle Mexican Grill,Consumer Discretionary,Restaurants,S&P 500,2026-09-04,2026-09-15,active,
CMI,Cummins,Industrials,Construction Machinery & Heavy Transportation Equipment,S&P 500,2026-09-04,2026-09-15,active,
CMND,Clearmind Medicine Inc. - Common Shares,,,Nasdaq,2026-09-04,2026-09-15,active,
CMP,Compass Minerals Intl Inc Common Stock,,,NYSE,2026-09-04,2026-09-15,active,
CMPR,Cimpress plc - Ordinary Shares,,,Nasdaq,2026-09-04,2026-09-15,active,
CMPS,COMPASS Pathways Plc - American Depository Shares,,,Nasdaq,2026-09-04,2026-09-15,active,
CMPX,"Compass Therapeutics, Inc. - Common Stock",,,Nasdaq,2026-09-04,2026-09-15,active,
CMRC,"Commerce.com, Inc. - Series 1 Common Stock",,,Nasdaq,2026-09-04,2026-09-15,active,
CMRE,Costamare Inc. Common Stock $0.0001 par value,,,NYSE,2026-09-04,2026-09-15,active,
CMS,CMS Energy,Utilities,Multi-Utilities,S&P 500,2026-09-04,2026-09-15,active,
CMSA,CMS Energy Corporation 5.625% Junior Subordinated Notes due 2078,,,NYSE,2026-09-04,2026-09-15,active,
CMSC,CMS Energy Corporation 5.875% Junior Subordinated Notes due 2078,,,NYSE,2026-09-04,2026-09-15,active,
CMSD,CMS Energy Corporation 5.875% Junior Subordinated Notes due 2079,,,NYSE,2026-09-04,2026-09-15,active,
CMT,Core Molding Technologies Inc Common Stock,,,NYSE American,2026-09-04,2026-09-15,active,
CMTG,"Claros Mortgage Trust, Inc. Common Stock",,,NYSE,2026-09-04,2026-09-15,active,
CMTL,Comtech Telecommunications Corp. - Common Stock,,,Nasdaq,2026-09-04,2026-09-15,active,
CMTV,Community Bancorp.  - Common stock,,,Nasdaq,2026-09-04,2026-09-15,active,
CNA,CNA Financial Corporation Common Stock,,,NYSE,2026-09-04,2026-09-15,active,
CNC,Centene Corporation,Health Care,Managed Health Care,S&P 500,2026-09-04,2026-09-15,active,
CNCK,Coincheck Group N.V. - Ordinary Shares,,,Nasdaq,2026-09-04,2026-09-15,active,
CNDT,Conduent Incorporated - Common Stock,,,Nasdaq,2026-09-04,2026-09-15,active,
CNET,ZW Data Action Technologies Inc. - Common Stock,,,Nasdaq,2026-09-04,2026-09-15,active,
CNH,CNH Industrial,Industrials,Agricultural & Farm Machinery,S&P 400,2026-09-04,2026-09-15,active,
CNI,Canadian National Railway Company Common Stock,,,NYSE,2026-09-04,2026-09-15,active,
CNK,"Cinemark Holdings, Inc.",Communication Services,Movies & Entertainment,S&P 600,2026-09-04,2026-09-15,active,
CNL,Collective Mining Ltd. - Common Stock,,,Nasdaq,2026-09-04,2026-09-15,active,
CNM,Core & Main,Industrials,Trading Companies & Distributors,S&P 400,2026-09-04,2026-09-15,active,
CNMD,CONMED Corporation,Health Care,Health Care Equipment,S&P 600,2026-09-04,2026-09-15,active,
CNNE,"Cannae Holdings, Inc. Common Stock",,,NYSE,2026-09-04,2026-09-15,active,
CNO,CNO Financial Group,Financials,Life & Health Insurance,S&P 400,2026-09-04,2026-09-15,active,
CNOB,"ConnectOne Bancorp, Inc. - Common Stock",,,Nasdaq,2026-09-04,2026-09-15,active,
CNP,CenterPoint Energy,Utilities,Multi-Utilities,S&P 500,2026-09-04,2026-09-15,active,
CNQ,Canadian Natural Resources Limited Common Stock,,,NYSE,2026-09-04,2026-09-15,active,
CNR,"Core Natural Resources, Inc.",Energy,Coal & Consumable Fuels,S&P 600,2026-09-04,2026-09-15,active,
CNS,"Cohen & Steers, Inc.",Financials,Asset Management & Custody Banks,S&P 600,2026-09-04,2026-09-15,active,
CNSP,"CNS Pharmaceuticals, Inc. - Common Stock",,,Nasdaq,2026-09-04,2026-09-15,active,
CNSY,"Cerenome, Inc. - Common Stock",,,Nasdaq,2026-09-04,2026-09-15,active,
CNTB,Connect Biopharma Holdings Limited - Ordinary Shares,,,Nasdaq,2026-09-04,2026-09-15,active,
CNTN,"Canton Strategic Holdings, Inc. - Common Stock",,,Nasdaq,2026-09-04,2026-09-15,active,
CNTY,"Century Casinos, Inc. - Common Stock",,,Nasdaq,2026-09-04,2026-09-15,active,
CNVS,Cineverse Corp. - Class A Common Stock,,,Nasdaq,2026-09-04,2026-09-15,active,
CNX,CNX Resources,Energy,Oil & Gas Exploration & Production,S&P 400,2026-09-04,2026-09-15,active,
CNXC,Concentrix,Industrials,Data Processing & Outsourced Services,S&P 600,2026-09-04,2026-09-15,active,
CNXN,"PC Connection, Inc.",Information Technology,Technology Distributors,S&P 600,2026-09-04,2026-09-15,active,
CNXU,Conexeu Sciences Inc. - Common Stock,,,Nasdaq,2026-09-04,2026-09-15,active,
COAG,"Hemab Therapeutics Holdings, Inc. - Common Stock",,,Nasdaq,2026-09-04,2026-09-15,active,
COCO,The Vita Coco Company,Consumer Staples,Soft Drinks & Non-alcoholic Beverages,S&P 600,2026-09-04,2026-09-15,active,
COCP,"Cocrystal Pharma, Inc. - Common Stock",,,Nasdaq,2026-09-04,2026-09-15,active,
CODA,"Coda Octopus Group, Inc. - Common stock",,,Nasdaq,2026-09-04,2026-09-15,active,
CODX,"Co-Diagnostics, Inc. - Common Stock",,,Nasdaq,2026-09-04,2026-09-15,active,
COF,Capital One,Financials,Consumer Finance,S&P 500,2026-09-04,2026-09-15,active,
COFS,"ChoiceOne Financial Services, Inc. - Common Stock",,,Nasdaq,2026-09-04,2026-09-15,active,
COGT,"Cogent Biosciences, Inc. - Common Stock",,,Nasdaq,2026-09-04,2026-09-15,active,
COHN,Cohen & Company Inc.,,,NYSE American,2026-09-04,2026-09-15,active,
COHR,Coherent Corp.,Information Technology,Electronic Components,S&P 500,2026-09-04,2026-09-15,active,
COHU,"Cohu, Inc.",Information Technology,Semiconductor Materials & Equipment,S&P 600,2026-09-04,2026-09-15,active,
COIN,Coinbase,Financials,Financial Exchanges & Data,S&P 500,2026-09-04,2026-09-15,active,
COKE,Coca-Cola Consolidated,Consumer Staples,Soft Drinks & Non-alcoholic Beverages,S&P 400,2026-09-04,2026-09-15,active,
COLB,Columbia Banking System,Financials,Regional Banks,S&P 400,2026-09-04,2026-09-15,active,
COLD,"Americold Realty Trust, Inc. Common Stock",,,NYSE,2026-09-04,2026-09-15,active,
COLL,"Collegium Pharmaceutical, Inc.",Health Care,Pharmaceuticals,S&P 600,2026-09-04,2026-09-15,active,
COLM,Columbia Sportswear,Consumer Discretionary,"Apparel, Accessories & Luxury Goods",S&P 400,2026-09-04,2026-09-15,active,
COMP,"Compass, Inc. Class A Common Stock",,,NYSE,2026-09-04,2026-09-15,active,
CON,"Concentra Group Holdings Parent, Inc.",Health Care,Health Care Services,S&P 600,2026-09-04,2026-09-15,active,
COO,Cooper Companies (The),Health Care,Health Care Supplies,S&P 500,2026-09-04,2026-09-15,active,
COOK,"Traeger, Inc. Common Stock",,,NYSE,2026-09-04,2026-09-15,active,
COP,ConocoPhillips,Energy,Oil & Gas Exploration & Production,S&P 500,2026-09-04,2026-09-15,active,
COPL,Copley Acquisition Corp Ordinary Shares,,,NYSE,2026-09-04,2026-09-15,active,
COPR,Idaho Copper Corporation Common Stock,,,NYSE American,2026-09-04,2026-09-15,active,
COR,Cencora,Health Care,Health Care Distributors,S&P 500,2026-09-04,2026-09-15,active,
CORT,Corcept Therapeutics Incorporated,Health Care,Pharmaceuticals,S&P 600,2026-09-04,2026-09-15,active,
CORZ,"Core Scientific, Inc. - Common Stock",,,Nasdaq,2026-09-04,2026-09-15,active,
COSO,"CoastalSouth Bancshares, Inc. Common Stock",,,NYSE,2026-09-04,2026-09-15,active,
COST,Costco,Consumer Staples,Consumer Staples Merchandise Retail,S&P 500,2026-09-04,2026-09-15,active,
COTY,Coty,Consumer Staples,Personal Care Products,S&P 600,2026-09-04,2026-09-15,active,
COUR,"Coursera, Inc. Common Stock",,,NYSE,2026-09-04,2026-09-15,active,
COYA,"Coya Therapeutics, Inc. - Common Stock",,,Nasdaq,2026-09-04,2026-09-15,active,
CP,Canadian Pacific Kansas City Limited Common Shares,,,NYSE,2026-09-04,2026-09-15,active,
CPA,"Copa Holdings, S.A. Class A Common Stock",,,NYSE,2026-09-04,2026-09-15,active,
CPAY,Corpay,Financials,Transaction & Payment Processing Services,S&P 500,2026-09-04,2026-09-15,active,
CPB,The Campbell's Company,Consumer Staples,Packaged Foods & Meats,S&P 600,2026-09-04,2026-09-15,active,
CPBI,"Central Plains Bancshares, Inc. - Common Stock",,,Nasdaq,2026-09-04,2026-09-15,active,
CPF,Central Pacific Financial Corp.,Financials,Regional Banks,S&P 600,2026-09-04,2026-09-15,active,
CPHC,Canterbury Park Holding Corporation - Common Stock,,,Nasdaq,2026-09-04,2026-09-15,active,
CPHI,"China Pharma Holdings, Inc. Common Stock",,,NYSE American,2026-09-04,2026-09-15,active,
CPIX,Cumberland Pharmaceuticals Inc. - Common Stock,,,Nasdaq,2026-09-04,2026-09-15,active,
CPK,Chesapeake Utilities Corp.,Utilities,Gas Utilities,S&P 600,2026-09-04,2026-09-15,active,
CPNG,"Coupang, Inc. Class A Common Stock",,,NYSE,2026-09-04,2026-09-15,active,
CPRI,Capri Holdings,Consumer Discretionary,"Apparel, Accessories & Luxury Goods",S&P 400,2026-09-04,2026-09-15,active,
CPRT,Copart,Industrials,Diversified Support Services,S&P 500,2026-09-04,2026-09-15,active,
CPS,Cooper-Standard Holdings Inc. Common Stock,,,NYSE,2026-09-04,2026-09-15,active,
CPSH,CPS Technologies Corp. - Common Stock,,,Nasdaq,2026-09-04,2026-09-15,active,
CPSS,"Consumer Portfolio Services, Inc. - Common Stock",,,Nasdaq,2026-09-04,2026-09-15,active,
CPT,Camden Property Trust,Real Estate,Multi-Family Residential REITs,S&P 500,2026-09-04,2026-09-15,active,
CPZ,Calamos Long/Short Equity & Dynamic Income Trust - Closed End Fund,,,Nasdaq,2026-09-04,2026-09-15,active,
CQP,"Cheniere Energy Partners, LP Common Units",,,NYSE,2026-09-04,2026-09-15,active,
CR,Crane,Industrials,Industrial Machinery & Supplies & Components,S&P 400,2026-09-04,2026-09-15,active,
CRAC,Crown Reserve Acquisition Corp. I - Class A Ordinary Shares,,,Nasdaq,2026-09-04,2026-09-15,active,
CRAI,"CRA International,Inc. - Common Stock",,,Nasdaq,2026-09-04,2026-09-15,active,
CRAN,Crane Harbor Acquisition Corp. II - Class A Ordinary Shares,,,Nasdaq,2026-09-04,2026-09-15,active,
CRAQ,Cal Redwood Acquisition Corp. - Class A Ordinary Shares,,,Nasdaq,2026-09-04,2026-09-15,active,
CRBD,Corebridge Financial Inc. 6.375% Junior Subordinated Notes due 2064,,,NYSE,2026-09-04,2026-09-15,active,
CRBG,Corebridge Financial,Financials,Asset Management & Custody Banks,S&P 400,2026-09-04,2026-09-15,active,
CRBP,"Corbus Pharmaceuticals Holdings, Inc. - Common Stock",,,Nasdaq,2026-09-04,2026-09-15,active,
CRBU,"Caribou Biosciences, Inc. - Common Stock",,,Nasdaq,2026-09-04,2026-09-15,active,
CRC,California Resources Corporation,Energy,Oil & Gas Exploration & Production,S&P 600,2026-09-04,2026-09-15,active,
CRCL,"Circle Internet Group, Inc. Class A Common Stock",,,NYSE,2026-09-04,2026-09-15,active,
CRCT,"Cricut, Inc. - Class A common stock",,,Nasdaq,2026-09-04,2026-09-15,active,
CRDF,"Cardiff Oncology, Inc. - Common Stock",,,Nasdaq,2026-09-04,2026-09-15,active,
CRDL,Cardiol Therapeutics Inc. - Class A Common Shares,,,Nasdaq,2026-09-04,2026-09-15,active,
CRDO,Credo Technology Group Holding Ltd - Ordinary Shares,,,Nasdaq,2026-09-04,2026-09-15,active,
CRE,Cre8 Enterprise Limited - Class A Ordinary Shares,,,Nasdaq,2026-09-04,2026-09-15,active,
CREX,"Creative Realities, Inc. - Common Stock",,,Nasdaq,2026-09-04,2026-09-15,active,
CRF,"Cornerstone Total Return Fund, Inc. (The) Common Stock",,,NYSE American,2026-09-04,2026-09-15,active,
CRGO,Freightos Limited - Ordinary shares,,,Nasdaq,2026-09-04,2026-09-15,active,
CRGY,Crescent Energy Company,Energy,Oil & Gas Exploration & Production,S&P 600,2026-09-04,2026-09-15,active,
CRH,CRH plc,Materials,Construction Materials,S&P 500,2026-09-04,2026-09-15,active,
CRI,"Carter's, Inc.",Consumer Discretionary,"Apparel, Accessories & Luxury Goods",S&P 600,2026-09-04,2026-09-15,active,
CRIS,"Curis, Inc. - Common Stock",,,Nasdaq,2026-09-04,2026-09-15,active,
CRK,"Comstock Resources, Inc.",Energy,Oil & Gas Exploration & Production,S&P 600,2026-09-04,2026-09-15,active,
CRL,Charles River Laboratories,Health Care,Life Sciences Tools & Services,S&P 500,2026-09-04,2026-09-15,active,
CRM,Salesforce,Information Technology,Application Software,S&P 500,2026-09-04,2026-09-15,active,
CRMD,CorMedix Inc. - Common Stock,,,Nasdaq,2026-09-04,2026-09-15,active,
CRML,Critical Metals Corp. - Ordinary Shares,,,Nasdaq,2026-09-04,2026-09-15,active,
CRMT,"America's Car-Mart, Inc. - Common Stock",,,Nasdaq,2026-09-04,2026-09-15,active,
CRNC,Cerence Inc. - Common Stock,,,Nasdaq,2026-09-04,2026-09-15,active,
CRNT,Ceragon Networks Ltd. - Ordinary Shares,,,Nasdaq,2026-09-04,2026-09-15,active,
CRON,Cronos Group Inc. - Common Share,,,Nasdaq,2026-09-04,2026-09-15,active,
CROX,Crocs,Consumer Discretionary,Footwear,S&P 400,2026-09-04,2026-09-15,active,
CRS,Carpenter Technology,Industrials,Industrial Machinery & Supplies & Components,S&P 400,2026-09-04,2026-09-15,active,
CRSP,CRISPR Therapeutics AG - Common Shares,,,Nasdaq,2026-09-04,2026-09-15,active,
CRSR,Corsair Gaming,Information Technology,"Technology Hardware, Storage & Peripherals",S&P 600,2026-09-04,2026-09-15,active,
CRT,Cross Timbers Royalty Trust Common Stock,,,NYSE,2026-09-04,2026-09-15,active,
CRTO,Criteo S.A. - Ordinary Shares,,,Nasdaq,2026-09-04,2026-09-15,active,
CRUS,Cirrus Logic,Information Technology,Semiconductors,S&P 400,2026-09-04,2026-09-15,active,
CRVL,CorVel Corporation,Health Care,Health Care Services,S&P 600,2026-09-04,2026-09-15,active,
CRVO,CervoMed Inc. - Common Stock,,,Nasdaq,2026-09-04,2026-09-15,active,
CRVS,"Corvus Pharmaceuticals, Inc. - Common Stock",,,Nasdaq,2026-09-04,2026-09-15,active,
CRWD,CrowdStrike,Information Technology,Systems Software,S&P 500,2026-09-04,2026-09-15,active,
CRWS,"Crown Crafts, Inc. - Common Stock",,,Nasdaq,2026-09-04,2026-09-15,active,
CRWV,"CoreWeave, Inc. - Class A Common Stock",,,Nasdaq,2026-09-04,2026-09-15,active,
CSAI,"Cloudastructure, Inc. - Class A Common Stock",,,Nasdaq,2026-09-04,2026-09-15,active,
CSAN,Cosan S.A. ADS,,,NYSE,2026-09-04,2026-09-15,active,
CSBR,"Champions Oncology, Inc. - Common Stock",,,Nasdaq,2026-09-04,2026-09-15,active,
CSCO,Cisco,Information Technology,Communications Equipment,S&P 500,2026-09-04,2026-09-15,active,
CSGP,CoStar Group,Real Estate,Real Estate Services,S&P 500,2026-09-04,2026-09-15,active,
CSHR,CoinShares PLC - Ordinary Shares,,,Nasdaq,2026-09-04,2026-09-15,active,
CSIQ,Canadian Solar Inc. - Common Shares,,,Nasdaq,2026-09-04,2026-09-15,active,
CSL,Carlisle Companies,Industrials,Industrial Conglomerates,S&P 400,2026-09-04,2026-09-15,active,
CSPI,CSP Inc. - Common Stock,,,Nasdaq,2026-09-04,2026-09-15,active,
CSQ,Calamos Strategic Total Return Fund - Closed End Fund,,,Nasdaq,2026-09-04,2026-09-15,active,
CSQR,"Csquare, Inc. Common Stock",,,NYSE,2026-09-04,2026-09-15,active,
CSR,Centerspace Trust,Real Estate,Multi-Family Residential REITs,S&P 600,2026-09-04,2026-09-15,active,
CSTE,Caesarstone Ltd. - Ordinary Shares,,,Nasdaq,2026-09-04,2026-09-15,active,
CSTL,"Castle Biosciences, Inc. - Common stock",,,Nasdaq,2026-09-04,2026-09-15,active,
CSTM,Constellium SE Ordinary Shares (France),,,NYSE,2026-09-04,2026-09-15,active,
CSV,"Carriage Services, Inc. Common Stock",,,NYSE,2026-09-04,2026-09-15,active,
CSW,"CSW Industrials, Inc.",Industrials,Industrial Conglomerates,S&P 600,2026-09-04,2026-09-15,active,
CSWC,Capital Southwest Corporation - Common Stock,,,Nasdaq,2026-09-04,2026-09-15,active,
CSX,CSX Corporation,Industrials,Rail Transportation,S&P 500,2026-09-04,2026-09-15,active,
CTAA,ClearThink 1 Acquisition Corp. - Class A Ordinary Shares,,,Nasdaq,2026-09-04,2026-09-15,active,
CTAS,Cintas,Industrials,Diversified Support Services,S&P 500,2026-09-04,2026-09-15,active,
CTBI,"Community Trust Bancorp, Inc. - Common Stock",,,Nasdaq,2026-09-04,2026-09-15,active,
CTEV,Claritev Corporation Class A Common Stock,,,NYSE,2026-09-04,2026-09-15,active,
CTGG,Qwest Corporation 6.500% Senior Notes due 2051 (denominations of $25),,,NYSE,2026-09-04,2026-09-15,active,
CTGO,Contango Silver & Gold Inc. Common Stock,,,NYSE American,2026-09-04,2026-09-15,active,
CTHH,Qwest Corporation 6.750% Senior Notes due 2052 (denominations of $25),,,NYSE,2026-09-04,2026-09-15,active,
CTKB,"Cytek Biosciences, Inc. - Common Stock",,,Nasdaq,2026-09-04,2026-09-15,active,
CTM,"Castellum, Inc. Common Stock",,,NYSE American,2026-09-04,2026-09-15,active,
CTMX,"CytomX Therapeutics, Inc. - Common Stock",,,Nasdaq,2026-09-04,2026-09-15,active,
CTNM,"Contineum Therapeutics, Inc. - Common stock",,,Nasdaq,2026-09-04,2026-09-15,active,
CTNT,Cheetah Net Supply Chain Service Inc. - Class A Common Stock,,,Nasdaq,2026-09-04,2026-09-15,active,
CTO,"CTO Realty Growth, Inc. Common Stock",,,NYSE,2026-09-04,2026-09-15,active,
CTOS,"Custom Truck One Source, Inc. Common Stock",,,NYSE,2026-09-04,2026-09-15,active,
CTRE,CareTrust REIT,Real Estate,Health Care REITs,S&P 400,2026-09-04,2026-09-15,active,
CTRI,"Centuri Holdings, Inc. Common Stock",,,NYSE,2026-09-04,2026-09-15,active,
CTRM,Castor Maritime Inc. - Common Shares,,,Nasdaq,2026-09-04,2026-09-15,active,
CTRN,"Citi Trends, Inc. - Common Stock",,,Nasdaq,2026-09-04,2026-09-15,active,
CTS,CTS Corporation,Information Technology,Electronic Manufacturing Services,S&P 600,2026-09-04,2026-09-15,active,
CTSH,Cognizant,Information Technology,IT Consulting & Other Services,S&P 500,2026-09-04,2026-09-15,active,
CTVA,Corteva,Materials,Fertilizers & Agricultural Chemicals,S&P 500,2026-09-04,2026-09-15,active,
CTW,CTW - Class A Ordinary Shares,,,Nasdaq,2026-09-04,2026-09-15,active,
CUB,Lionheart Holdings - Class A Ordinary Shares,,,Nasdaq,2026-09-04,2026-09-15,active,
CUBB,"Customers Bancorp, Inc 5.375% Subordinated Notes Due 2034",,,NYSE,2026-09-04,2026-09-15,active,
CUBE,CubeSmart,Real Estate,Industrial REITs,S&P 400,2026-09-04,2026-09-15,active,
CUBI,"Customers Bancorp, Inc.",Financials,Regional Banks,S&P 600,2026-09-04,2026-09-15,active,
CUE,"Cue Biopharma, Inc. - Common Stock",,,Nasdaq,2026-09-04,2026-09-15,active,
CULP,"Culp, Inc. - Common Shares",,,Nasdaq,2026-09-04,2026-09-15,active,
CUPR,Cuprina Holdings (Cayman) Limited - Class A Ordinary shares,,,Nasdaq,2026-09-04,2026-09-15,active,
CURB,Curbline Properties Corp.,Real Estate,Retail REITs,S&P 600,2026-09-04,2026-09-15,active,
CURI,CuriosityStream Inc.  - Class A Common Stock,,,Nasdaq,2026-09-04,2026-09-15,active,
CURR,Currenc Group Inc. - Ordinary Shares,,,Nasdaq,2026-09-04,2026-09-15,active,
CURV,Torrid Holdings Inc. Common Stock,,,NYSE,2026-09-04,2026-09-15,active,
CURX,Curanex Pharmaceuticals Inc - Common Stock,,,Nasdaq,2026-09-04,2026-09-15,active,
CUZ,Cousins Properties,Real Estate,Office REITs,S&P 400,2026-09-04,2026-09-15,active,
CV,"CapsoVision, Inc. - Common Stock",,,Nasdaq,2026-09-04,2026-09-15,active,
CVBF,CVB Financial Corp.,Financials,Regional Banks,S&P 600,2026-09-04,2026-09-15,active,
CVCO,"Cavco Industries, Inc.",Consumer Discretionary,Homebuilding,S&P 600,2026-09-04,2026-09-15,active,
CVE,Cenovus Energy Inc Common Stock,,,NYSE,2026-09-04,2026-09-15,active,
CVEO,Civeo Corporation (Canada) Common Shares,,,NYSE,2026-09-04,2026-09-15,active,
CVGI,"Commercial Vehicle Group, Inc. - Common Stock",,,Nasdaq,2026-09-04,2026-09-15,active,
CVI,"CVR Energy, Inc.",Energy,Oil & Gas Refining & Marketing,S&P 600,2026-09-04,2026-09-15,active,
CVKD,"Cadrenal Therapeutics, Inc. - Common Stock",,,Nasdaq,2026-09-04,2026-09-15,active,
CVLG,"Covenant Logistics Group, Inc. Class A Common Stock",,,NYSE,2026-09-04,2026-09-15,active,
CVLT,CommVault Systems,Information Technology,Systems Software,S&P 400,2026-09-04,2026-09-15,active,
CVM,Cel-Sci Corporation Common Stock,,,NYSE American,2026-09-04,2026-09-15,active,
CVNA,Carvana,Consumer Discretionary,Automotive Retail,S&P 500,2026-09-04,2026-09-15,active,
CVR,Chicago Rivet & Machine Co. Common Stock,,,NYSE American,2026-09-04,2026-09-15,active,
CVRX,"CVRx, Inc. - Common Stock",,,Nasdaq,2026-09-04,2026-09-15,active,
CVS,CVS Health,Health Care,Health Care Services,S&P 500,2026-09-04,2026-09-15,active,
CVSA,Covista Inc.,Consumer Discretionary,Education Services,S&P 600,2026-09-04,2026-09-15,active,
CVU,"CPI Aerostructures, Inc. Common Stock",,,NYSE American,2026-09-04,2026-09-15,active,
CVV,CVD Equipment Corporation - Common Stock,,,Nasdaq,2026-09-04,2026-09-15,active,
CVX,Chevron Corporation,Energy,Integrated Oil & Gas,S&P 500,2026-09-04,2026-09-15,active,
CW,Curtiss-Wright,Industrials,Aerospace & Defense,S&P 400,2026-09-04,2026-09-15,active,
CWBC,Community West Bancshares - Common Stock,,,Nasdaq,2026-09-04,2026-09-15,active,
CWCO,Consolidated Water Co. Ltd. - Ordinary Shares,,,Nasdaq,2026-09-04,2026-09-15,active,
CWEN,"Clearway Energy, Inc. (Class C)",Utilities,Renewable Electricity,S&P 600,2026-09-04,2026-09-15,active,
CWEN.A,"Clearway Energy, Inc. (Class A)",Utilities,Renewable Electricity,S&P 600,2026-09-04,2026-09-15,active,
CWH,"Camping World Holdings, Inc. Class A Common Stock",,,NYSE,2026-09-04,2026-09-15,active,
CWK,Cushman & Wakefield plc,Real Estate,Real Estate Services,S&P 600,2026-09-04,2026-09-15,active,
CWST,"Casella Waste Systems, Inc.",Industrials,Environmental & Facilities Services,S&P 600,2026-09-04,2026-09-15,active,
CWT,California Water Service Group,Utilities,Water Utilities,S&P 600,2026-09-04,2026-09-15,active,
CX,"Cemex, S.A.B. de C.V. Sponsored ADR",,,NYSE,2026-09-04,2026-09-15,active,
CXAI,CXApp Inc. - Class A Common Stock,,,Nasdaq,2026-09-04,2026-09-15,active,
CXDO,"Crexendo, Inc. - Common Stock",,,Nasdaq,2026-09-04,2026-09-15,active,
CXII,Churchill Capital Corp XII - Class A Ordinary Shares,,,Nasdaq,2026-09-04,2026-09-15,active,
CXM,"Sprinklr, Inc.",Information Technology,Application Software,S&P 600,2026-09-04,2026-09-15,active,
CXT,Crane NXT,Information Technology,Electronic Equipment & Instruments,S&P 400,2026-09-04,2026-09-15,active,
CXW,CoreCivic,Industrials,Diversified Support Services,S&P 600,2026-09-04,2026-09-15,active,
CYCN,"Cyclerion Therapeutics, Inc. - Common Stock",,,Nasdaq,2026-09-04,2026-09-08,dropped,2026-09-08
CYD,China Yuchai International Limited Common Stock,,,NYSE,2026-09-04,2026-09-15,active,
CYH,"Community Health Systems, Inc. Common Stock",,,NYSE,2026-09-04,2026-09-15,active,
CYN,Cyngn Inc. - Common stock,,,Nasdaq,2026-09-04,2026-09-15,active,
CYPH,Cypherpunk Technologies Inc. - Common Stock,,,Nasdaq,2026-09-04,2026-09-15,active,
CYRX,"CryoPort, Inc. - Common Stock",,,Nasdaq,2026-09-04,2026-09-15,active,
CYTK,Cytokinetics,Health Care,Biotechnology,S&P 400,2026-09-04,2026-09-15,active,
CZFS,"Citizens Financial Services, Inc. - Common Stock",,,Nasdaq,2026-09-04,2026-09-15,active,
CZNC,Citizens & Northern Corp - Common Stock,,,Nasdaq,2026-09-04,2026-09-15,active,
CZR,Caesars Entertainment,Consumer Discretionary,Casinos & Gaming,S&P 600,2026-09-04,2026-09-15,active,
CZWI,"Citizens Community Bancorp, Inc. - Common Stock",,,Nasdaq,2026-09-04,2026-09-15,active,
D,Dominion Energy,Utilities,Multi-Utilities,S&P 500,2026-09-04,2026-09-15,active,
DAAQ,Digital Asset Acquisition Corp. - Class A Ordinary shares,,,Nasdaq,2026-09-04,2026-09-15,active,
DAC,Danaos Corporation Common Stock,,,NYSE,2026-09-04,2026-09-15,active,
DAIO,Data I/O Corporation - Common Stock,,,Nasdaq,2026-09-04,2026-09-15,active,
DAKT,"Daktronics, Inc. - Common Stock",,,Nasdaq,2026-09-04,2026-09-15,active,
DAL,Delta Air Lines,Industrials,Passenger Airlines,S&P 500,2026-09-04,2026-09-15,active,
DAN,Dana Incorporated,Consumer Discretionary,Automotive Parts & Equipment,S&P 600,2026-09-04,2026-09-15,active,
DAR,Darling Ingredients,Consumer Staples,Agricultural Products & Services,S&P 400,2026-09-04,2026-09-15,active,
DASH,DoorDash,Consumer Discretionary,Specialized Consumer Services,S&P 500,2026-09-04,2026-09-15,active,
DAVE,"Dave, Inc.",Financials,Consumer Finance,S&P 600,2026-09-04,2026-09-15,active,
DB,Deutsche Bank AG Common Stock,,,NYSE,2026-09-04,2026-09-15,active,
DBCA,D. Boral Acquisition I Corp. - Class A Ordinary Shares,,,Nasdaq,2026-09-04,2026-09-15,active,
DBD,Diebold Nixdorf,Information Technology,Electronic Equipment & Instruments,S&P 600,2026-09-04,2026-09-15,active,
DBGI,"Digital Brands Group, Inc. - Common Stock",,,Nasdaq,2026-09-04,2026-09-15,active,
DBI,Designer Brands Inc. Class A Common Stock,,,NYSE,2026-09-04,2026-09-15,active,
DBRG,"DigitalBridge Group, Inc.",,,NYSE,2026-09-04,2026-09-15,active,
DBX,Dropbox,Information Technology,Application Software,S&P 400,2026-09-04,2026-09-15,active,
DC,Dakota Gold Corp. Common Stock,,,NYSE American,2026-09-04,2026-09-15,active,
DCBG,"Dime Commercial Bancshares, Inc. 9.000% Junior Subordinated Notes",,,NYSE,2026-09-04,2026-09-15,active,
DCBO,Docebo Inc. - Common Shares,,,Nasdaq,2026-09-04,2026-09-15,active,
DCH,Dauch Corporation,Consumer Discretionary,Automotive Parts & Equipment,S&P 600,2026-09-04,2026-09-15,active,
DCI,Donaldson Company,Industrials,Industrial Machinery & Supplies & Components,S&P 400,2026-09-04,2026-09-15,active,
DCO,Ducommun Incorporated Common Stock,,,NYSE,2026-09-04,2026-09-15,active,
DCOM,"Dime Community Bancshares, Inc.",Financials,Regional Banks,S&P 600,2026-09-04,2026-09-15,active,
DCOY,Decoy Therapeutics Inc. - Common Stock,,,Nasdaq,2026-09-04,2026-09-15,active,
DCTH,"Delcath Systems, Inc. - Common Stock",,,Nasdaq,2026-09-04,2026-09-15,active,
DCX,Digital Currency X Technology Inc. - Class A Ordinary Shares,,,Nasdaq,2026-09-04,2026-09-15,active,
DD,DuPont,Industrials,Industrial Conglomerates,S&P 500,2026-09-04,2026-09-15,active,
DDC,DDC Enterprise Limited Class A Ordinary Shares,,,NYSE American,2026-09-04,2026-09-15,active,
DDD,3D Systems Corporation Common Stock,,,NYSE,2026-09-04,2026-09-15,active,
DDI,"DoubleDown Interactive Co., Ltd. - American Depository Shares",,,Nasdaq,2026-09-04,2026-09-15,active,
DDOG,Datadog,Information Technology,Application Software,S&P 500,2026-09-04,2026-09-15,active,
DDS,"Dillard's, Inc. Common Stock",,,NYSE,2026-09-04,2026-09-15,active,
DDT,Dillard's Capital Trust I,,,NYSE,2026-09-04,2026-09-15,active,
DE,Deere & Company,Industrials,Agricultural & Farm Machinery,S&P 500,2026-09-04,2026-09-15,active,
DEA,"Easterly Government Properties, Inc.",Real Estate,Office REITs,S&P 600,2026-09-04,2026-09-15,active,
DEC,Diversified Energy Company Common Stock,,,NYSE,2026-09-04,2026-09-15,active,
DECK,Deckers Brands,Consumer Discretionary,Footwear,S&P 500,2026-09-04,2026-09-15,active,
DEI,Douglas Emmett,Real Estate,Office REITs,S&P 600,2026-09-04,2026-09-15,active,
DELL,Dell Technologies,Information Technology,"Technology Hardware, Storage & Peripherals",S&P 500,2026-09-04,2026-09-15,active,
DEO,Diageo plc Common Stock,,,NYSE,2026-09-04,2026-09-15,active,
DERM,Journey Medical Corporation - Common Stock,,,Nasdaq,2026-09-04,2026-09-15,active,
DETX,"Liberty Defense Holdings, Ltd. - Common Shares",,,Nasdaq,2026-09-04,2026-09-15,active,
DFDV,DeFi Development Corp. - Common Stock,,,Nasdaq,2026-09-04,2026-09-15,active,
DFH,"Dream Finders Homes, Inc.",Consumer Discretionary,Homebuilding,S&P 600,2026-09-04,2026-09-15,active,
DFIN,"Donnelley Financial Solutions, Inc.",Financials,Financial Exchanges & Data,S&P 600,2026-09-04,2026-09-15,active,
DFSC,"DEFSEC Technologies Inc. - common stock, no R/S concurrent with offering",,,Nasdaq,2026-09-04,2026-09-15,active,
DFTX,"Definium Therapeutics, Inc.  - Common Shares",,,Nasdaq,2026-09-04,2026-09-15,active,
DG,Dollar General,Consumer Staples,Consumer Staples Merchandise Retail,S&P 500,2026-09-04,2026-09-15,active,
DGAC,Disciplined Growth Acquisition Corporation Class A Ordinary Shares,,,NYSE,2026-09-04,2026-09-15,active,
DGICA,"Donegal Group, Inc. - Class A Common Stock",,,Nasdaq,2026-09-04,2026-09-15,active,
DGICB,"Donegal Group, Inc. - Class B Common Stock",,,Nasdaq,2026-09-04,2026-09-15,active,
DGII,Digi International Inc.,Information Technology,Communications Equipment,S&P 600,2026-09-04,2026-09-15,active,
DGNX,Diginex Limited - Ordinary Shares,,,Nasdaq,2026-09-04,2026-09-15,active,
DGX,Quest Diagnostics,Health Care,Health Care Services,S&P 500,2026-09-04,2026-09-15,active,
DGXX,Digi Power X Inc. - Common Subordinate Voting Shares,,,Nasdaq,2026-09-04,2026-09-15,active,
DHCNI,Diversified Healthcare Trust  - 5.625% Senior Notes due 2042,,,Nasdaq,2026-09-04,2026-09-15,active,
DHF,BNY Mellon High Yield Strategies Fund Common Stock,,,NYSE,2026-09-04,2026-09-15,active,
DHI,D. R. Horton,Consumer Discretionary,Homebuilding,S&P 500,2026-09-04,2026-09-15,active,
DHR,Danaher Corporation,Health Care,Life Sciences Tools & Services,S&P 500,2026-09-04,2026-09-15,active,
DHT,"DHT Holdings, Inc.",,,NYSE,2026-09-04,2026-09-15,active,
DHX,"DHI Group, Inc. Common Stock",,,NYSE,2026-09-04,2026-09-15,active,
DHY,UBS Asset Management High Yield Credit Fund Common Stock,,,NYSE American,2026-09-04,2026-09-15,active,
DIBS,"1stdibs.com, Inc. - Common Stock",,,Nasdaq,2026-09-04,2026-09-15,active,
DIN,"Dine Brands Global, Inc. Common Stock",,,NYSE,2026-09-04,2026-09-15,active,
DINO,HF Sinclair,Energy,Oil & Gas Refining & Marketing,S&P 400,2026-09-04,2026-09-15,active,
DIOD,Diodes Incorporated,Information Technology,Semiconductors,S&P 600,2026-09-04,2026-09-15,active,
DIS,Walt Disney Company (The),Communication Services,Movies & Entertainment,S&P 500,2026-09-04,2026-09-15,active,
DIT,AMCON Distributing Company Common Stock,,,NYSE American,2026-09-04,2026-09-15,active,
DJCO,Daily Journal Corp. (S.C.) - Common Stock,,,Nasdaq,2026-09-04,2026-09-15,active,
DJT,Trump Media & Technology Group Corp. - Common Stock,,,Nasdaq,2026-09-04,2026-09-15,active,
DK,"Delek US Holdings, Inc. Common Stock",,,NYSE,2026-09-04,2026-09-15,active,
DKI,DarkIris Inc. - Class A Ordinary Shares,,,Nasdaq,2026-09-04,2026-09-15,active,
DKL,"Delek Logistics Partners, L.P. Common Units representing Limited Partner Interests",,,NYSE,2026-09-04,2026-09-15,active,
DKNG,DraftKings Inc. - Class A Common Stock,,,Nasdaq,2026-09-04,2026-09-15,active,
DKS,Dick's Sporting Goods,Consumer Discretionary,Specialty Stores,S&P 400,2026-09-04,2026-09-15,active,
DLB,Dolby,Information Technology,Application Software,S&P 400,2026-09-04,2026-09-15,active,
DLHC,DLH Holdings Corp. - Common Stock,,,Nasdaq,2026-09-04,2026-09-15,active,
DLNG,Dynagas LNG Partners LP Common Units,,,NYSE,2026-09-04,2026-09-15,active,
DLO,DLocal Limited - Class A Common Shares,,,Nasdaq,2026-09-04,2026-09-15,active,
DLPN,"Dolphin Entertainment, Inc. - Common Stock",,,Nasdaq,2026-09-04,2026-09-15,active,
DLR,Digital Realty,Real Estate,Data Center REITs,S&P 500,2026-09-04,2026-09-15,active,
DLTH,Duluth Holdings Inc. - Class B Common Stock,,,Nasdaq,2026-09-04,2026-09-15,active,
DLTR,Dollar Tree,Consumer Staples,Consumer Staples Merchandise Retail,S&P 500,2026-09-04,2026-09-15,active,
DLX,Deluxe Corporation,Industrials,Commercial Printing,S&P 600,2026-09-04,2026-09-15,active,
DMA,Destra Multi-Alternative Fund Common Stock,,,NYSE,2026-09-04,2026-09-15,active,
DMAA,Drugs Made In America Acquisition Corp. - Ordinary Shares,,,Nasdaq,2026-09-04,2026-09-15,active,
DMAC,DiaMedica Therapeutics Inc. - Common Stock,,,Nasdaq,2026-09-04,2026-09-15,active,
DMB,"BNY Mellon Municipal Bond Infrastructure Fund, Inc. Common Stock",,,NYSE,2026-09-04,2026-09-15,active,
DMC,Del Monte Corporation,Consumer Staples,Packaged Foods & Meats,S&P 600,2026-09-04,2026-09-15,active,
DMII,Drugs Made In America Acquisition II Corp. - Ordinary Shares,,,Nasdaq,2026-09-04,2026-09-15,active,
DMLP,"Dorchester Minerals, L.P. - Common Units Representing Limited Partnership Interests",,,Nasdaq,2026-09-04,2026-09-15,active,
DMO,Western Asset Mortgage Opportunity Fund Inc. Common Stock,,,NYSE,2026-09-04,2026-09-15,active,
DMRA,"Damora Therapeutics, Inc. - Ordinary Shares",,,Nasdaq,2026-09-04,2026-09-15,active,
DMRC,Digimarc Corporation - Common Stock,,,Nasdaq,2026-09-04,2026-09-15,active,
DNA,"Ginkgo Bioworks Holdings, Inc. Class A Common Stock",,,NYSE,2026-09-04,2026-09-15,active,
DNLI,Denali Therapeutics Inc. - Common Stock,,,Nasdaq,2026-09-04,2026-09-15,active,
DNMX,Dynamix Corporation III - Class A Ordinary Shares,,,Nasdaq,2026-09-04,2026-09-15,active,
DNN,Denison Mines Corp Ordinary Shares (Canada),,,NYSE American,2026-09-04,2026-09-15,active,
DNOW,NOW Inc,Industrials,Trading Companies & Distributors,S&P 600,2026-09-04,2026-09-15,active,
DNP,"DNP Select Income Fund, Inc. Common Stock",,,NYSE,2026-09-04,2026-09-15,active,
DNTH,"Dianthus Therapeutics, Inc. - Common Stock",,,Nasdaq,2026-09-04,2026-09-15,active,
DNUT,"Krispy Kreme, Inc. - Common Stock",,,Nasdaq,2026-09-04,2026-09-15,active,
DOC,Healthpeak Properties,Real Estate,Health Care REITs,S&P 500,2026-09-04,2026-09-15,active,
DOCN,DigitalOcean,Information Technology,Internet Services & Infrastructure,S&P 400,2026-09-04,2026-09-15,active,
DOCS,Doximity,Health Care,Health Care Technology,S&P 400,2026-09-04,2026-09-15,active,
DOCU,Docusign,Information Technology,Application Software,S&P 400,2026-09-04,2026-09-15,active,
DOGZ,Dogness (International) Corporation - Class A Common Stock,,,Nasdaq,2026-09-04,2026-09-15,active,
DOLE,Dole plc Ordinary Shares,,,NYSE,2026-09-04,2026-09-15,active,
DOMH,Dominari Holdings Inc. - Common Stock,,,Nasdaq,2026-09-04,2026-09-15,active,
DOMO,"Domo, Inc. - Class B Common Stock",,,Nasdaq,2026-09-04,2026-09-15,active,
DOO,BRP Inc. - Common Subordinate Voting Shares,,,Nasdaq,2026-09-04,2026-09-15,active,
DORM,"Dorman Products, Inc.",Consumer Discretionary,Automotive Parts & Equipment,S&P 600,2026-09-04,2026-09-15,active,
DOUG,Douglas Elliman Inc. Common Stock,,,NYSE,2026-09-04,2026-09-15,active,
DOV,Dover Corporation,Industrials,Industrial Machinery & Supplies & Components,S&P 500,2026-09-04,2026-09-15,active,
DOW,Dow Inc.,Materials,Commodity Chemicals,S&P 500,2026-09-04,2026-09-15,active,
DOX,Amdocs Limited - Ordinary Shares,,,Nasdaq,2026-09-04,2026-09-15,active,
DPC,DPC Holdings PLC Ordinary Shares,,,NYSE,2026-09-04,2026-09-15,active,
DPG,Duff & Phelps Utility and Infrastructure Fund Inc.,,,NYSE,2026-09-04,2026-09-15,active,
DPRO,Draganfly Inc. - Common Shares,,,Nasdaq,2026-09-04,2026-09-15,active,
DPU,Top KingWin Ltd - Class A Ordinary Shares,,,Nasdaq,2026-09-04,2026-09-15,active,
DPZ,Domino's,Consumer Discretionary,Restaurants,S&P 500,2026-09-04,2026-09-15,active,
DRH,DiamondRock Hospitality Company,Real Estate,Hotel & Resort REITs,S&P 600,2026-09-04,2026-09-15,active,
DRI,Darden Restaurants,Consumer Discretionary,Restaurants,S&P 500,2026-09-04,2026-09-15,active,
DRIO,DarioHealth Corp. - Common Stock,,,Nasdaq,2026-09-04,2026-09-15,active,
DRMA,"Dermata Therapeutics, Inc. - Common Stock",,,Nasdaq,2026-09-04,2026-09-15,active,
DRS,"Leonardo DRS, Inc. - Common Stock",,,Nasdaq,2026-09-04,2026-09-15,active,
DRTS,Alpha Tau Medical Ltd. - Ordinary Shares,,,Nasdaq,2026-09-04,2026-09-15,active,
DRUG,Bright Minds Biosciences Inc. - common stock,,,Nasdaq,2026-09-04,2026-09-15,active,
DRVN,Driven Brands Holdings Inc. - Common Stock,,,Nasdaq,2026-09-04,2026-09-15,active,
DSAC,Daedalus Special Acquisition Corp. - Class A Ordinary Shares,,,Nasdaq,2026-09-04,2026-09-15,active,
DSGN,"Design Therapeutics, Inc. - Common Stock",,,Nasdaq,2026-09-04,2026-09-15,active,
DSGR,"Distribution Solutions Group, Inc. - Common Stock",,,Nasdaq,2026-09-04,2026-09-15,active,
DSGX,The Descartes Systems Group Inc. - Common Stock,,,Nasdaq,2026-09-04,2026-09-15,active,
DSL,DoubleLine Income Solutions Fund Common Shares of Beneficial Interests,,,NYSE,2026-09-04,2026-09-15,active,
DSM,"BNY Mellon Strategic Municipal Bond Fund, Inc. Common Stock",,,NYSE,2026-09-04,2026-09-15,active,
DSP,Viant Technology Inc. - common stock,,,Nasdaq,2026-09-04,2026-09-15,active,
DSS,"DSS, Inc. Common Stock",,,NYSE American,2026-09-04,2026-09-15,active,
DSU,"Blackrock Debt Strategies Fund, Inc. Common Stock",,,NYSE,2026-09-04,2026-09-15,active,
DSWL,"Deswell Industries, Inc. - Common Shares",,,Nasdaq,2026-09-04,2026-09-15,active,
DSX,Diana Shipping inc. common stock,,,NYSE,2026-09-04,2026-09-15,active,
DSY,Big Tree Cloud Holdings Limited - Class A Ordinary Shares,,,Nasdaq,2026-09-04,2026-09-15,active,
DT,Dynatrace,Information Technology,Application Software,S&P 400,2026-09-04,2026-09-15,active,
DTB,DTE Energy Company 2020 Series G 4.375% Junior Subordinated Debentures due 2080,,,NYSE,2026-09-04,2026-09-15,active,
DTCX,"Datacentrex, Inc. - Common Stock",,,Nasdaq,2026-09-04,2026-09-15,active,
DTE,DTE Energy,Utilities,Multi-Utilities,S&P 500,2026-09-04,2026-09-15,active,
DTF,DTF Tax-Free Income 2028 Term Fund Inc. Common Stock,,,NYSE,2026-09-04,2026-09-15,active,
DTG,DTE Energy Company 2021 Series E 4.375% Junior Subordinated Debentures,,,NYSE,2026-09-04,2026-09-15,active,
DTI,Drilling Tools International Corporation  - Common Stock,,,Nasdaq,2026-09-04,2026-09-15,active,
DTIL,"Precision BioSciences, Inc. - Common Stock",,,Nasdaq,2026-09-04,2026-09-15,active,
DTK,DTE Energy Company 2025 Series H 6.25% Junior Subordinated Debentures due 2085,,,NYSE,2026-09-04,2026-09-15,active,
DTM,DT Midstream,Energy,Oil & Gas Storage & Transportation,S&P 400,2026-09-04,2026-09-15,active,
DTSQ,DT Cloud Star Acquisition Corporation - Ordinary Shares,,,Nasdaq,2026-09-04,2026-09-15,active,
DTST,Data Storage Corporation - Common Stock,,,Nasdaq,2026-09-04,2026-09-15,active,
DTW,DTE Energy Company 2017 Series E 5.25% Junior Subordinated Debentures due 2077,,,NYSE,2026-09-04,2026-09-15,active,
DUK,Duke Energy,Utilities,Electric Utilities,S&P 500,2026-09-04,2026-09-15,active,
DUKB,Duke Energy Corporation 5.625% Junior Subordinated Debentures due 2078,,,NYSE,2026-09-04,2026-09-15,active,
DUKR,DUKE Robotics Corp. - Common Stock,,,Nasdaq,2026-09-04,2026-09-15,active,
DUKU,Duke Energy Corporation Corporate Units,,,NYSE,2026-09-04,2026-09-15,active,
DUOL,Duolingo,Consumer Discretionary,Education Services,S&P 400,2026-09-04,2026-09-15,active,
DUOT,"Duos Technologies Group, Inc. - Common Stock",,,Nasdaq,2026-09-04,2026-09-15,active,
DV,DoubleVerify Holdings Inc.,Communication Services,Advertising,S&P 600,2026-09-04,2026-09-15,active,
DVA,DaVita,Health Care,Health Care Services,S&P 500,2026-09-04,2026-09-15,active,
DVN,Devon Energy,Energy,Oil & Gas Exploration & Production,S&P 500,2026-09-04,2026-09-15,active,
DWSN,Dawson Geophysical Company - Common Stock,,,Nasdaq,2026-09-04,2026-09-15,active,
DWTX,"Dogwood Therapeutics, Inc.  - Common Stock",,,Nasdaq,2026-09-04,2026-09-15,active,
DX,"Dynex Capital, Inc. Common Stock",,,NYSE,2026-09-04,2026-09-15,active,
DXC,DXC Technology,Information Technology,IT Consulting & Other Services,S&P 600,2026-09-04,2026-09-15,active,
DXCM,Dexcom,Health Care,Health Care Equipment,S&P 500,2026-09-04,2026-09-15,active,
DXPE,"DXP Enterprises, Inc.",Industrials,Trading Companies & Distributors,S&P 600,2026-09-04,2026-09-15,active,
DXR,Daxor Corporation - Closed End Fund,,,Nasdaq,2026-09-04,2026-09-15,active,
DXST,Decent Holding Inc. - Class A Ordinary Shares,,,Nasdaq,2026-09-04,2026-09-15,active,
DXYZ,Destiny Tech100 Inc. Common Stock,,,NYSE,2026-09-04,2026-09-15,active,
DY,Dycom Industries,Industrials,Construction & Engineering,S&P 400,2026-09-04,2026-09-15,active,
DYAI,"Dyadic International, Inc. - Common Stock",,,Nasdaq,2026-09-04,2026-09-15,active,
DYN,"Dyne Therapeutics, Inc. - Common Stock",,,Nasdaq,2026-09-04,2026-09-15,active,
DYNC,Dynamix Corporation - Class A Ordinary Share,,,Nasdaq,2026-09-04,2026-09-15,active,
DYOR,Insight Digital Partners II - Class A Ordinary Shares,,,Nasdaq,2026-09-04,2026-09-15,active,
E,ENI S.p.A. Common Stock,,,NYSE,2026-09-04,2026-09-15,active,
EAD,Allspring Income Opportunities Fund Common Shares,,,NYSE American,2026-09-04,2026-09-15,active,
EAF,GrafTech International Ltd. Common Stock,,,NYSE,2026-09-04,2026-09-15,active,
EAI,"Entergy Arkansas, LLC First Mortgage Bonds, 4.875% Series Due September 1, 2066",,,NYSE,2026-09-04,2026-09-15,active,
EAT,"Brinker International, Inc.",Consumer Discretionary,Restaurants,S&P 600,2026-09-04,2026-09-15,active,
EBAY,eBay Inc.,Consumer Discretionary,Broadline Retail,S&P 500,2026-09-04,2026-09-15,active,
EBC,"Eastern Bankshares, Inc.",Financials,Regional Banks,S&P 600,2026-09-04,2026-09-15,active,
EBF,"Ennis, Inc. Common Stock",,,NYSE,2026-09-04,2026-09-15,active,
EBMT,"Eagle Bancorp Montana, Inc. - Common Stock",,,Nasdaq,2026-09-04,2026-09-15,active,
EBON,Ebang International Holdings Inc. - Class A Ordinary Shares,,,Nasdaq,2026-09-04,2026-09-15,active,
EBS,Emergent BioSolutions Inc. Common Stock,,,NYSE,2026-09-04,2026-09-15,active,
ECBK,"ECB Bancorp, Inc. - Common Stock",,,Nasdaq,2026-09-04,2026-09-15,active,
ECCU,Eagle Point Credit Company 7.75% Notes due 2030,,,NYSE,2026-09-04,2026-09-15,active,
ECCV,Eagle Point Credit Company 5.375% Notes due 2029,,,NYSE,2026-09-04,2026-09-15,active,
ECF,Ellsworth Growth and Income Fund Ltd.,,,NYSE American,2026-09-04,2026-09-15,active,
ECG,"Everus Construction Group, Inc.",Industrials,Construction & Engineering,S&P 600,2026-09-04,2026-09-15,active,
ECHO,EchoStar,Communication Services,Wireless Telecommunication Services,S&P 500,2026-09-04,2026-09-15,active,
ECL,Ecolab,Materials,Specialty Chemicals,S&P 500,2026-09-04,2026-09-15,active,
ECO,Okeanis Eco Tankers Corp. Common Stock,,,NYSE,2026-09-04,2026-09-15,active,
ECOR,"electroCore, Inc. - Common Stock",,,Nasdaq,2026-09-04,2026-09-15,active,
ECPG,"Encore Capital Group, Inc.",Financials,Consumer Finance,S&P 600,2026-09-04,2026-09-15,active,
ECVT,Ecovyst Inc. Common Stock,,,NYSE,2026-09-04,2026-09-15,active,
ECX,ECARX Holdings Inc. - Class A Ordinary shares,,,Nasdaq,2026-09-04,2026-09-15,active,
ED,Consolidated Edison,Utilities,Multi-Utilities,S&P 500,2026-09-04,2026-09-15,active,
EDBL,Edible Garden AG Incorporated - Common Stock,,,Nasdaq,2026-09-04,2026-09-15,active,
EDD,"Morgan Stanley Emerging Markets Domestic Debt Fund, Inc. Common Stock",,,NYSE,2026-09-04,2026-09-15,active,
EDHL,Everbright Digital Holding Limited - Ordinary Shares,,,Nasdaq,2026-09-04,2026-09-15,active,
EDIT,"Editas Medicine, Inc. - Common Stock",,,Nasdaq,2026-09-04,2026-09-15,active,
EDRY,EuroDry Ltd. - Common Shares,,,Nasdaq,2026-09-04,2026-09-15,active,
EDSA,"Edesa Biotech, Inc. - Common Shares",,,Nasdaq,2026-09-04,2026-09-15,active,
EDTK,Skillful Craftsman Education Technology Limited - Ordinary Share,,,Nasdaq,2026-09-04,2026-09-15,active,
EDU,"New Oriental Education & Technology Group, Inc. Sponsored ADR representing 10 Ordinary Share (Cayman Islands)",,,NYSE,2026-09-04,2026-09-15,active,
EDUC,Educational Development Corporation - Common Stock,,,Nasdaq,2026-09-04,2026-09-15,active,
EDVA,"Endovia Health Sciences, Inc. Common Stock",,,NYSE American,2026-09-04,2026-09-15,active,
EE,"Excelerate Energy, Inc. Class A Common Stock",,,NYSE,2026-09-04,2026-09-15,active,
EEA,"The European Equity Fund, Inc. Common Stock",,,NYSE,2026-09-04,2026-09-15,active,
EEFT,Euronet Worldwide,Financials,Transaction & Payment Processing Services,S&P 400,2026-09-04,2026-09-15,active,
EEIQ,EpicQuest Education Group International Limited - Common Stock,,,Nasdaq,2026-09-04,2026-09-15,active,
EFC,"Ellington Financial, Inc.",Financials,Specialized Finance,S&P 600,2026-09-04,2026-09-15,active,
EFOI,"Energy Focus, Inc. - Common Stock",,,Nasdaq,2026-09-04,2026-09-15,active,
EFOR,Everforth Inc.,Information Technology,IT Consulting & Other Services,S&P 600,2026-09-04,2026-09-15,active,
EFSC,Enterprise Financial Services Corporation - Common Stock,,,Nasdaq,2026-09-04,2026-09-15,active,
EFSI,Eagle Financial Services Inc - Common Stock,,,Nasdaq,2026-09-04,2026-09-15,active,
EFTY,"Etoiles Capital Group Co., Ltd. - Class A Ordinary Shares",,,Nasdaq,2026-09-04,2026-09-15,active,
EFX,Equifax,Industrials,Research & Consulting Services,S&P 500,2026-09-04,2026-09-15,active,
EFXT,Enerflex Ltd Common Shares,,,NYSE,2026-09-04,2026-09-15,active,
EG,Everest Group,Financials,Reinsurance,S&P 500,2026-09-04,2026-09-15,active,
EGAN,eGain Corporation - Common Stock,,,Nasdaq,2026-09-04,2026-09-15,active,
EGBN,Eagle Bancorp Inc,Financials,Regional Banks,S&P 600,2026-09-04,2026-09-15,active,
EGG,Enigmatig Limited Class A Ordinary Shares,,,NYSE American,2026-09-04,2026-09-15,active,
EGHA,EGH Acquisition Corp. - Class A ordinary shares,,,Nasdaq,2026-09-04,2026-09-15,active,
EGHT,8x8 Inc - Common stock,,,Nasdaq,2026-09-04,2026-09-15,active,
EGO,Eldorado Gold Corporation Ordinary Shares,,,NYSE,2026-09-04,2026-09-15,active,
EGP,EastGroup Properties,Real Estate,Industrial REITs,S&P 400,2026-09-04,2026-09-15,active,
EGY,"VAALCO Energy, Inc.  Common Stock",,,NYSE,2026-09-04,2026-09-15,active,
EH,EHang Holdings Limited - ADS,,,Nasdaq,2026-09-04,2026-09-15,active,
EHC,Encompass Health,Health Care,Health Care Facilities,S&P 400,2026-09-04,2026-09-15,active,
EHGO,Eshallgo Inc. - Class A Ordinary Shares,,,Nasdaq,2026-09-04,2026-09-15,active,
EHI,Western Asset Global High Income Fund Inc Common Stock,,,NYSE,2026-09-04,2026-09-15,active,
EHLD,Euroholdings Ltd. - Common Stock,,,Nasdaq,2026-09-04,2026-09-15,active,
EHTH,"eHealth, Inc. - Common Stock",,,Nasdaq,2026-09-04,2026-09-15,active,
EIG,"Employers Holdings, Inc.",Financials,Property & Casualty Insurance,S&P 600,2026-09-04,2026-09-15,active,
EIKN,"Eikon Therapeutics, Inc. - Common Stock",,,Nasdaq,2026-09-04,2026-09-15,active,
EIX,Edison International,Utilities,Electric Utilities,S&P 500,2026-09-04,2026-09-15,active,
EL,Estée Lauder Companies (The),Consumer Staples,Personal Care Products,S&P 500,2026-09-04,2026-09-15,active,
ELA,Envela Corporation Common Stock,,,NYSE American,2026-09-04,2026-09-15,active,
ELAB,PMGC Holdings Inc. - Common Stock,,,Nasdaq,2026-09-04,2026-09-15,active,
ELAN,Elanco,Health Care,Pharmaceuticals,S&P 400,2026-09-04,2026-09-15,active,
ELC,"Entergy Louisiana, Inc. Collateral Trust Mortgage Bonds, 4.875 % Series due September 1, 2066",,,NYSE,2026-09-04,2026-09-15,active,
ELDN,"Eledon Pharmaceuticals, Inc. - Common Stock",,,Nasdaq,2026-09-04,2026-09-15,active,
ELE,Elemental Royalty Corporation - Common Stock,,,Nasdaq,2026-09-04,2026-09-15,active,
ELF,e.l.f. Beauty,Consumer Staples,Personal Care Products,S&P 400,2026-09-04,2026-09-15,active,
ELLA,Ellington Credit Company 8.50% Notes due 2031,,,NYSE,2026-09-04,2026-09-15,active,
ELLO,Ellomay Capital Ltd Ordinary Shares (Israel),,,NYSE American,2026-09-04,2026-09-15,active,
ELMD,"Electromed, Inc. Common Stock",,,NYSE American,2026-09-04,2026-09-15,active,
ELME,Elme Communities Common Stock,,,NYSE,2026-09-04,2026-09-15,active,
ELMT,The Elmet Group Co. - Common Stock,,,Nasdaq,2026-09-04,2026-09-15,active,
ELOG,Eastern International Ltd. - Ordinary Shares,,,Nasdaq,2026-09-04,2026-09-15,active,
ELOX,"Eloxx Pharmaceuticals, Inc. - Common Stock",,,Nasdaq,2026-09-04,2026-09-15,active,
ELPW,Elong Power Holding Limited - Class A Ordinary Shares,,,Nasdaq,2026-09-04,2026-09-15,active,
ELS,Equity Lifestyle Properties,Real Estate,Single-Family Residential REITs,S&P 400,2026-09-04,2026-09-15,active,
ELTK,Eltek Ltd. - Ordinary Shares,,,Nasdaq,2026-09-04,2026-09-15,active,
ELTX,"Elicio Therapeutics, Inc. - Common Stock",,,Nasdaq,2026-09-04,2026-09-15,active,
ELV,Elevance Health,Health Care,Managed Health Care,S&P 500,2026-09-04,2026-09-15,active,
ELVA,Electrovaya Inc. - Common Shares,,,Nasdaq,2026-09-04,2026-09-15,active,
ELVN,"Enliven Therapeutics, Inc.  - Common Stock",,,Nasdaq,2026-09-04,2026-09-15,active,
ELVR,Elevra Lithium Limited - American Depository Shares,,,Nasdaq,2026-09-04,2026-09-15,active,
ELWT,"Elauwit Connection, Inc. - Common Stock",,,Nasdaq,2026-09-04,2026-09-15,active,
EMA,Emera Incorporated Common Shares,,,NYSE,2026-09-04,2026-09-15,active,
EMAT,Evolution Metals & Technologies Corp. - Common Stock,,,Nasdaq,2026-09-04,2026-09-15,active,
EMBC,Embecta Corp. - Common Stock,,,Nasdaq,2026-09-04,2026-09-15,active,
EMBJ,Embraer S.A. Common Stock,,,NYSE,2026-09-04,2026-09-15,active,
EMD,Western Asset Emerging Markets Debt Fund Inc Common Stock,,,NYSE,2026-09-04,2026-09-15,active,
EME,Emcor,Industrials,Construction & Engineering,S&P 500,2026-09-04,2026-09-15,active,
EMF,Templeton Emerging Markets Fund Common Stock,,,NYSE,2026-09-04,2026-09-15,active,
EMIS,Emmis Acquisition Corp. - Class A Ordinary Share,,,Nasdaq,2026-09-04,2026-09-15,active,
EML,Eastern Company (The) - Common Stock,,,Nasdaq,2026-09-04,2026-09-15,active,
EMN,Eastman Chemical Company,Materials,Specialty Chemicals,S&P 600,2026-09-04,2026-09-15,active,
EMO,ClearBridge Energy Midstream Opportunity Fund Inc. Common Stock,,,NYSE,2026-09-04,2026-09-15,active,
EMP,"Entergy Mississippi, LLC First Mortgage Bonds, 4.90% Series Due October 1, 2066",,,NYSE,2026-09-04,2026-09-15,active,
EMPD,Empery Digital Inc. - Common stock,,,Nasdaq,2026-09-04,2026-09-15,active,
EMR,Emerson Electric,Industrials,Electrical Components & Equipment,S&P 500,2026-09-04,2026-09-15,active,
ENB,Enbridge Inc Common Stock,,,NYSE,2026-09-04,2026-09-15,active,
ENGN,enGene Therapeutics Inc. - Common Stock,,,Nasdaq,2026-09-04,2026-09-15,active,
ENGS,Energys Group Limited - Ordinary Shares,,,Nasdaq,2026-09-04,2026-09-15,active,
ENHA,Enhanced Group Inc. Class A Common Stock,,,NYSE,2026-09-04,2026-09-15,active,
ENJ,"Entergy New Orleans, LLC First Mortgage Bonds, 5.0% Series due December 1, 2052",,,NYSE,2026-09-04,2026-09-15,active,
ENLT,Enlight Renewable Energy Ltd. - Ordinary Shares,,,Nasdaq,2026-09-04,2026-09-15,active,
ENLV,Enlivex Ltd. - Ordinary Shares,,,Nasdaq,2026-09-04,2026-09-15,active,
ENO,"Entergy New Orleans, LLC First Mortgage Bonds, 5.50% Series due April 1, 2066",,,NYSE,2026-09-04,2026-09-15,active,
ENOV,Enovis,Health Care,Health Care Equipment,S&P 600,2026-09-04,2026-09-15,active,
ENPH,Enphase Energy,Information Technology,Semiconductor Materials & Equipment,S&P 600,2026-09-04,2026-09-15,active,
ENR,Energizer,Consumer Staples,Household Products,S&P 600,2026-09-04,2026-09-15,active,
ENS,EnerSys,Industrials,Electrical Components & Equipment,S&P 400,2026-09-04,2026-09-15,active,
ENSG,Ensign Group,Health Care,Health Care Facilities,S&P 400,2026-09-04,2026-09-15,active,
ENTA,"Enanta Pharmaceuticals, Inc. - Common Stock",,,Nasdaq,2026-09-04,2026-09-15,active,
ENTG,Entegris,Information Technology,Semiconductor Materials & Equipment,S&P 400,2026-09-04,2026-09-15,active,
ENTX,Entera Bio Ltd. - Ordinary Shares,,,Nasdaq,2026-09-04,2026-09-15,active,
ENVA,"Enova International, Inc.",Financials,Consumer Finance,S&P 600,2026-09-04,2026-09-15,active,
ENVB,"Enveric Biosciences, Inc.  - Common Stock",,,Nasdaq,2026-09-04,2026-09-15,active,
ENVX,Enovix Corporation - Common Stock,,,Nasdaq,2026-09-04,2026-09-15,active,
EOCN,Eocene Ltd. - Ordinary Shares,,,Nasdaq,2026-09-10,2026-09-15,active,
EOG,EOG Resources,Energy,Oil & Gas Exploration & Production,S&P 500,2026-09-04,2026-09-15,active,
EOLS,"Evolus, Inc. - Common Stock",,,Nasdaq,2026-09-04,2026-09-15,active,
EONR,EON Resources Inc. Class A Common Stock,,,NYSE American,2026-09-04,2026-09-15,active,
EOS,Eaton Vance Enhance Equity Income Fund II Common Stock,,,NYSE,2026-09-04,2026-09-15,active,
EOSE,"Eos Energy Enterprises, Inc. - Common Stock",,,Nasdaq,2026-09-04,2026-09-15,active,
EOT,Eaton Vance Municipal Income Trust EATON VANCE NATIONAL MUNICIPAL OPPORTUNITIES TRUST,,,NYSE,2026-09-04,2026-09-15,active,
EP,Empire Petroleum Corporation Common Stock,,,NYSE American,2026-09-04,2026-09-15,active,
EPAC,Enerpac Tool Group,Industrials,Industrial Machinery & Supplies & Components,S&P 600,2026-09-04,2026-09-15,active,
EPAM,EPAM Systems,Information Technology,IT Consulting & Other Services,S&P 600,2026-09-04,2026-09-15,active,
EPC,Edgewell Personal Care,Consumer Staples,Household Products,S&P 600,2026-09-04,2026-09-15,active,
EPD,Enterprise Products Partners L.P. Common Stock,,,NYSE,2026-09-04,2026-09-15,active,
EPM,"Evolution Petroleum Corporation, Inc. Common Stock",,,NYSE American,2026-09-04,2026-09-15,active,
EPR,EPR Properties,Real Estate,Other Specialized REITs,S&P 400,2026-09-04,2026-09-15,active,
EPRT,"Essential Properties Realty Trust, Inc.",Real Estate,Diversified REITs,S&P 600,2026-09-04,2026-09-15,active,
EPRX,Eupraxia Pharmaceuticals Inc. - Common Stock,,,Nasdaq,2026-09-04,2026-09-15,active,
EPSM,Epsium Enterprise Limited - Class A Ordinary Shares,,,Nasdaq,2026-09-04,2026-09-15,active,
EPSN,Epsilon Energy Ltd. - Common Shares,,,Nasdaq,2026-09-04,2026-09-15,active,
EQ,"Equillium, Inc. - Common Stock",,,Nasdaq,2026-09-04,2026-09-15,active,
EQBK,"Equity Bancshares, Inc. Class A Common Stock",,,NYSE,2026-09-04,2026-09-15,active,
EQH,Equitable Holdings,Financials,Diversified Financial Services,S&P 400,2026-09-04,2026-09-15,active,
EQIX,Equinix,Real Estate,Data Center REITs,S&P 500,2026-09-04,2026-09-15,active,
EQNR,Equinor ASA,,,NYSE,2026-09-04,2026-09-15,active,
EQPT,EquipmentShare.com Inc - Class A Common Stock,,,Nasdaq,2026-09-04,2026-09-15,active,
EQS,"Equus Total Return, Inc. Common Stock",,,NYSE,2026-09-04,2026-09-15,active,
EQT,EQT Corporation,Energy,Oil & Gas Exploration & Production,S&P 500,2026-09-04,2026-09-15,active,
EQX,Equinox Gold Corp. Common Shares,,,NYSE American,2026-09-04,2026-09-15,active,
ERAS,"Erasca, Inc. - Common Stock",,,Nasdaq,2026-09-04,2026-09-15,active,
ERC,Allspring Multi-Sector Income Fund Common Stock,,,NYSE American,2026-09-04,2026-09-15,active,
ERH,Allspring Utilities and High Income Fund Common Shares,,,NYSE American,2026-09-04,2026-09-15,active,
ERIE,Erie Indemnity,Financials,Insurance Brokers,S&P 500,2026-09-04,2026-09-15,active,
ERII,"Energy Recovery, Inc. - Common Stock",,,Nasdaq,2026-09-04,2026-09-15,active,
ERNA,Ernexa Therapeutics Inc. - Common Stock,,,Nasdaq,2026-09-04,2026-09-15,active,
ERO,Ero Copper Corp. Common Shares,,,NYSE,2026-09-04,2026-09-15,active,
EROC,"ERock, Inc. Class A Common Stock",,,NYSE,2026-09-04,2026-09-15,active,
EROK,"EagleRock Land, LLC Class A shares representing limited liability company interests",,,NYSE,2026-09-04,2026-09-15,active,
ES,Eversource Energy,Utilities,Electric Utilities,S&P 500,2026-09-04,2026-09-15,active,
ESAB,ESAB,Industrials,Industrial Machinery & Supplies & Components,S&P 400,2026-09-04,2026-09-15,active,
ESCA,"Escalade, Incorporated - Common Stock",,,Nasdaq,2026-09-04,2026-09-15,active,
ESE,ESCO Technologies Inc.,Industrials,Industrial Machinery & Supplies & Components,S&P 600,2026-09-04,2026-09-15,active,
ESEA,Euroseas Ltd. - Common Stock,,,Nasdaq,2026-09-04,2026-09-15,active,
ESI,Element Solutions,Materials,Specialty Chemicals,S&P 600,2026-09-04,2026-09-15,active,
ESLT,Elbit Systems Ltd. - Ordinary Shares,,,Nasdaq,2026-09-04,2026-09-15,active,
ESNT,Essent Group Ltd.,Financials,Commercial & Residential Mortgage Finance,S&P 400,2026-09-04,2026-09-15,active,
ESOA,Energy Services of America Corporation - Common Stock,,,Nasdaq,2026-09-04,2026-09-15,active,
ESP,Espey Mfg. & Electronics Corp. Common Stock,,,NYSE American,2026-09-04,2026-09-15,active,
ESQ,"Esquire Financial Holdings, Inc. - Common Stock",,,Nasdaq,2026-09-04,2026-09-15,active,
ESRT,"Empire State Realty Trust, Inc. Class A Common Stock",,,NYSE,2026-09-04,2026-09-15,active,
ESS,Essex Property Trust,Real Estate,Multi-Family Residential REITs,S&P 500,2026-09-04,2026-09-15,active,
ESTA,Establishment Labs Holdings Inc. - Common Shares,,,Nasdaq,2026-09-04,2026-09-15,active,
ESTC,Elastic N.V. Ordinary Shares,,,NYSE,2026-09-04,2026-09-15,active,
ET,Energy Transfer LP Common Units,,,NYSE,2026-09-04,2026-09-15,active,
ETD,Ethan Allen Interiors Inc. Common Stock,,,NYSE,2026-09-04,2026-09-15,active,
ETN,Eaton Corporation,Industrials,Electrical Components & Equipment,S&P 500,2026-09-04,2026-09-15,active,
ETO,Eaton Vance Tax-Advantage Global Dividend Opp Common Stock,,,NYSE,2026-09-04,2026-09-15,active,
ETON,"Eton Pharmaceuticals, Inc. - Common Stock",,,Nasdaq,2026-09-04,2026-09-15,active,
ETOR,eToro Group Ltd. - Class A Common Shares,,,Nasdaq,2026-09-04,2026-09-15,active,
ETR,Entergy,Utilities,Electric Utilities,S&P 500,2026-09-04,2026-09-15,active,
ETS,Elite Express Holding Inc. - Class A Common Stock,,,Nasdaq,2026-09-04,2026-09-15,active,
ETSS,Energy Transition Special Opportunities Class A Ordinary Shares,,,NYSE,2026-09-04,2026-09-15,active,
ETSY,Etsy,Consumer Discretionary,Broadline Retail,S&P 600,2026-09-04,2026-09-15,active,
EU,enCore Energy Corp. - Common Stock,,,Nasdaq,2026-09-04,2026-09-15,active,
EUDA,Euda Health Holdings Limited - Ordinary Shares,,,Nasdaq,2026-09-04,2026-09-15,active,
EVAC,EQV Ventures Acquisition Corp. II Class A Ordinary Shares,,,NYSE,2026-09-04,2026-09-15,active,
EVC,Entravision Communications Corporation Common Stock,,,NYSE,2026-09-04,2026-09-15,active,
EVCM,EverCommerce Inc. - Common Stock,,,Nasdaq,2026-09-04,2026-09-15,active,
EVER,"EverQuote, Inc. - Class A Common Stock",,,Nasdaq,2026-09-04,2026-09-15,active,
EVEX,"Eve Holding, Inc. Common Stock",,,NYSE,2026-09-04,2026-09-15,active,
EVF,Eaton Vance Senior Income Trust Common Stock,,,NYSE,2026-09-04,2026-09-15,active,
EVGO,EVgo Inc. - Common Stock,,,Nasdaq,2026-09-04,2026-09-15,active,
EVH,"Evolent Health, Inc Class A Common Stock",,,NYSE,2026-09-04,2026-09-15,active,
EVI,"EVI Industries, Inc.  Common Stock",,,NYSE American,2026-09-04,2026-09-15,active,
EVLV,"Evolv Technologies Holdings, Inc. - Class A Common Stock",,,Nasdaq,2026-09-04,2026-09-15,active,
EVMN,"Evommune, Inc. Common Stock",,,NYSE,2026-09-04,2026-09-15,active,
EVN,Eaton Vance Municipal Income Trust Common Stock,,,NYSE,2026-09-04,2026-09-15,active,
EVOX,Evolution Global Acquisition Corp - Class A Ordinary Shares,,,Nasdaq,2026-09-04,2026-09-15,active,
EVR,Evercore,Financials,Investment Banking & Brokerage,S&P 400,2026-09-04,2026-09-15,active,
EVRG,Evergy,Utilities,Electric Utilities,S&P 500,2026-09-04,2026-09-15,active,
EVTC,"EVERTEC, Inc.",Financials,Transaction & Payment Processing Services,S&P 600,2026-09-04,2026-09-15,active,
EVTL,Vertical Aerospace Ltd. Ordinary Shares,,,NYSE,2026-09-04,2026-09-15,active,
EW,Edwards Lifesciences,Health Care,Health Care Equipment,S&P 500,2026-09-04,2026-09-15,active,
EWAV,East West Ave Acquisition Corp. - Common Stock,,,Nasdaq,2026-09-04,2026-09-15,active,
EWBC,East West Bancorp,Financials,Regional Banks,S&P 400,2026-09-04,2026-09-15,active,
EWTX,"Edgewise Therapeutics, Inc. - Common Stock",,,Nasdaq,2026-09-04,2026-09-15,active,
EXC,Exelon,Utilities,Electric Utilities,S&P 500,2026-09-04,2026-09-15,active,
EXE,Expand Energy,Energy,Oil & Gas Exploration & Production,S&P 500,2026-09-04,2026-09-15,active,
EXEL,Exelixis,Health Care,Biotechnology,S&P 400,2026-09-04,2026-09-15,active,
EXFY,"Expensify, Inc. - Class A Common Stock",,,Nasdaq,2026-09-04,2026-09-15,active,
EXK,Endeavour Silver Corporation Ordinary Shares (Canada),,,NYSE,2026-09-04,2026-09-15,active,
EXLS,EXL Service,Industrials,Data Processing & Outsourced Services,S&P 400,2026-09-04,2026-09-15,active,
EXOD,"Exodus Movement, Inc. Class A Common Stock",,,NYSE American,2026-09-04,2026-09-15,active,
EXOZ,eXoZymes Inc. - Common Stock,,,Nasdaq,2026-09-04,2026-09-15,active,
EXP,Eagle Materials,Materials,Construction Materials,S&P 400,2026-09-04,2026-09-15,active,
EXPD,Expeditors International,Industrials,Air Freight & Logistics,S&P 500,2026-09-04,2026-09-15,active,
EXPE,Expedia Group,Consumer Discretionary,"Hotels, Resorts & Cruise Lines",S&P 500,2026-09-04,2026-09-15,active,
EXPO,"Exponent, Inc.",Industrials,Research & Consulting Services,S&P 400,2026-09-04,2026-09-15,active,
EXR,Extra Space Storage,Real Estate,Self-Storage REITs,S&P 500,2026-09-04,2026-09-15,active,
EXTR,"Extreme Networks, Inc.",Information Technology,Communications Equipment,S&P 600,2026-09-04,2026-09-15,active,
EXYN,"Exyn Technologies, Inc. - Common Stock",,,Nasdaq,2026-09-04,2026-09-15,active,
EYE,National Vision Holdings,Consumer Discretionary,Specialty Stores,S&P 600,2026-09-04,2026-09-15,active,
EYPT,"EyePoint, Inc. - Common Stock",,,Nasdaq,2026-09-04,2026-09-15,active,
EZGO,EZGO Technologies Ltd. - Ordinary Shares,,,Nasdaq,2026-09-04,2026-09-15,active,
EZPW,"EZCORP, Inc.",Financials,Consumer Finance,S&P 600,2026-09-04,2026-09-15,active,
EZRA,"Reliance Global Group, Inc. - Common Stock",,,Nasdaq,2026-09-04,2026-09-15,active,
F,Ford Motor Company,Consumer Discretionary,Automobile Manufacturers,S&P 500,2026-09-04,2026-09-15,active,
FA,First Advantage Corporation,Industrials,Human Resource & Employment Services,S&P 600,2026-09-04,2026-09-15,active,
FABC,"Fabric.AI, Inc. - Common Stock",,,Nasdaq,2026-09-04,2026-09-15,active,
FAC,Factorial Energy Inc. - Class A Common Stock,,,Nasdaq,2026-09-04,2026-09-15,active,
FACT,FACT II Acquisition Corp. - Class A Ordinary Shares,,,Nasdaq,2026-09-04,2026-09-15,active,
FAF,First American Financial Corporation,Financials,Property & Casualty Insurance,S&P 400,2026-09-04,2026-09-15,active,
FANG,Diamondback Energy,Energy,Oil & Gas Exploration & Production,S&P 500,2026-09-04,2026-09-15,active,
FAST,Fastenal,Industrials,Trading Companies & Distributors,S&P 500,2026-09-04,2026-09-15,active,
FATE,"Fate Therapeutics, Inc. - Common Stock",,,Nasdaq,2026-09-04,2026-09-15,active,
FATN,"FatPipe, Inc. - common stock",,,Nasdaq,2026-09-04,2026-09-15,active,
FAX,"abrdn Asia-Pacific Income Fund, Inc. Common Stock",,,NYSE American,2026-09-04,2026-09-15,active,
FBDT,First Breach Inc. - Common Stock,,,Nasdaq,2026-09-04,2026-09-15,active,
FBIN,Fortune Brands Innovations,Industrials,Building Products,S&P 400,2026-09-04,2026-09-15,active,
FBIO,"Fortress Biotech, Inc. - Common Stock",,,Nasdaq,2026-09-04,2026-09-15,active,
FBIZ,"First Business Financial Services, Inc. - Common Stock",,,Nasdaq,2026-09-04,2026-09-15,active,
FBK,FB Financial Corp.,Financials,Regional Banks,S&P 600,2026-09-04,2026-09-15,active,
FBLA,"FB Bancorp, Inc. - Common Stock",,,Nasdaq,2026-09-04,2026-09-15,active,
FBLG,"FibroBiologics, Inc. - Common Stock",,,Nasdaq,2026-09-04,2026-09-15,active,
FBNC,First Bancorp (Southern Pines NC),Financials,Regional Banks,S&P 600,2026-09-04,2026-09-15,active,
FBP,First BanCorp (Puerto Rico),Financials,Regional Banks,S&P 600,2026-09-04,2026-09-15,active,
FBRT,"Franklin BSP Realty Trust, Inc.",Real Estate,Mortgage REITs,S&P 600,2026-09-04,2026-09-15,active,
FBYD,"Falcon's Beyond Global, Inc. - Class A Common Stock",,,Nasdaq,2026-09-04,2026-09-15,active,
FC,Franklin Covey Company Common Stock,,,NYSE,2026-09-04,2026-09-15,active,
FCAP,"First Capital, Inc. - Common Stock",,,Nasdaq,2026-09-04,2026-09-15,active,
FCBC,"First Community Bankshares, Inc. - Common Stock",,,Nasdaq,2026-09-04,2026-09-15,active,
FCBM,"First Carolina Financial Services, Inc. Common Stock",,,NYSE,2026-09-04,2026-09-15,active,
FCCO,First Community Corporation - Common Stock,,,Nasdaq,2026-09-04,2026-09-15,active,
FCEL,"FuelCell Energy, Inc. - Common Stock",,,Nasdaq,2026-09-04,2026-09-15,active,
FCF,"First Commonwealth Financial, Corp.",Financials,Regional Banks,S&P 600,2026-09-04,2026-09-15,active,
FCFS,FirstCash,Financials,Consumer Finance,S&P 400,2026-09-04,2026-09-15,active,
FCN,FTI Consulting,Industrials,Research & Consulting Services,S&P 400,2026-09-04,2026-09-15,active,
FCNCA,"First Citizens BancShares, Inc. - Class A Common Stock",,,Nasdaq,2026-09-04,2026-09-15,active,
FCPT,"Four Corners Property Trust, Inc.",Real Estate,Other Specialized REITs,S&P 600,2026-09-04,2026-09-15,active,
FCRS,FutureCrest Acquisition Corp. Class A Ordinary Shares,,,NYSE,2026-09-04,2026-09-15,active,
FCUV,Focus Universal Inc. - Common Stock,,,Nasdaq,2026-09-04,2026-09-15,active,
FCX,Freeport-McMoRan,Materials,Copper,S&P 500,2026-09-04,2026-09-15,active,
FDBC,"Fidelity D & D Bancorp, Inc. - Common Stock",,,Nasdaq,2026-09-04,2026-09-15,active,
FDMM,Freedom Metals Acquisition Corp. - Class A Ordinary Shares,,,Nasdaq,2026-09-04,2026-09-15,active,
FDMT,"4D Molecular Therapeutics, Inc. - Common Stock",,,Nasdaq,2026-09-04,2026-09-15,active,
FDS,FactSet,Financials,Financial Exchanges & Data,S&P 500,2026-09-04,2026-09-15,active,
FDSB,"Fifth District Bancorp, Inc. - Common Stock",,,Nasdaq,2026-09-04,2026-09-15,active,
FDUS,Fidus Investment Corporation - Closed End Fund,,,Nasdaq,2026-09-04,2026-09-15,active,
FDX,FedEx,Industrials,Air Freight & Logistics,S&P 500,2026-09-04,2026-09-15,active,
FDXF,FedEx Freight,Industrials,Cargo Ground Transportation,S&P 500,2026-09-04,2026-09-15,active,
FE,FirstEnergy,Utilities,Electric Utilities,S&P 500,2026-09-04,2026-09-15,active,
FEAM,"5E Advanced Materials, Inc. - Common Stock",,,Nasdaq,2026-09-04,2026-09-15,active,
FEIM,"Frequency Electronics, Inc. - Common Stock",,,Nasdaq,2026-09-04,2026-09-15,active,
FELE,Franklin Electric,Industrials,Industrial Machinery & Supplies & Components,S&P 600,2026-09-04,2026-09-15,active,
FEMY,Femasys Inc. - Common Stock,,,Nasdaq,2026-09-04,2026-09-15,active,
FENC,Fennec Pharmaceuticals Inc. - Common Stock,,,Nasdaq,2026-09-04,2026-09-15,active,
FER,Ferrovial N.V. - Ordinary Shares,,,Nasdaq,2026-09-04,2026-09-15,active,
FERA,Fifth Era Acquisition Corp I - Class A Ordinary Shares,,,Nasdaq,2026-09-04,2026-09-15,active,
FERG,Ferguson Enterprises,Industrials,Trading Companies & Distributors,S&P 500,2026-09-04,2026-09-15,active,
FET,"Forum Energy Technologies, Inc. Common Stock",,,NYSE,2026-09-04,2026-09-15,active,
FF,FutureFuel Corp.  Common shares,,,NYSE,2026-09-04,2026-09-15,active,
FFAI,Faraday Future Intelligent Electric Inc. - Class A Common Stock,,,Nasdaq,2026-09-04,2026-09-15,active,
FFBC,First Financial Bancorp,Financials,Regional Banks,S&P 600,2026-09-04,2026-09-15,active,
FFIN,First Financial Bankshares,Financials,Regional Banks,S&P 400,2026-09-04,2026-09-15,active,
FFIV,"F5, Inc.",Information Technology,Communications Equipment,S&P 500,2026-09-04,2026-09-15,active,
FG,"F&G Annuities & Life, Inc.",Financials,Life & Health Insurance,S&P 600,2026-09-04,2026-09-15,active,
FGBI,"First Guaranty Bancshares, Inc. - Common Stock",,,Nasdaq,2026-09-04,2026-09-15,active,
FGI,FGI Industries Ltd. - Ordinary Shares,,,Nasdaq,2026-09-04,2026-09-15,active,
FGII,FG Imperii Acquisition Corp. - Class A Ordinary Shares,,,Nasdaq,2026-09-04,2026-09-15,active,
FGL,Founder Group Limited - Class A Ordinary Shares,,,Nasdaq,2026-09-04,2026-09-15,active,
FGN,"F&G Annuities & Life, Inc. 7.950% Senior Notes due 2053",,,NYSE,2026-09-04,2026-09-15,active,
FGNX,FG Nexus Inc. - Common Stock,,,Nasdaq,2026-09-04,2026-09-15,active,
FGSN,"F&G Annuities & Life, Inc. 7.300% Junior Subordinated Notes due 2065",,,NYSE,2026-09-04,2026-09-15,active,
FHB,"First Hawaiian, Inc.",Financials,Regional Banks,S&P 600,2026-09-04,2026-09-15,active,
FHI,Federated Hermes,Financials,Asset Management & Custody Banks,S&P 400,2026-09-04,2026-09-15,active,
FHN,First Horizon,Financials,Regional Banks,S&P 400,2026-09-04,2026-09-15,active,
FHTX,Foghorn Therapeutics Inc. - Common Stock,,,Nasdaq,2026-09-04,2026-09-15,active,
FIBK,"First Interstate BancSystem, Inc.",Financials,Regional Banks,S&P 600,2026-09-04,2026-09-15,active,
FICO,Fair Isaac,Information Technology,Application Software,S&P 500,2026-09-04,2026-09-15,active,
FIEE,"FiEE, Inc - Common Stock",,,Nasdaq,2026-09-04,2026-09-15,active,
FIG,"Figma, Inc. Class A Common Stock",,,NYSE,2026-09-04,2026-09-15,active,
FIGR,"Figure Technology Solutions, Inc. - Class A Common Stock",,,Nasdaq,2026-09-04,2026-09-15,active,
FIGS,"FIGS, Inc. Class A Common Stock",,,NYSE,2026-09-04,2026-09-15,active,
FIGX,FIGX Capital Acquisition Corp. - Class A ordinary share,,,Nasdaq,2026-09-04,2026-09-15,active,
FINW,FinWise Bancorp - Common Stock,,,Nasdaq,2026-09-04,2026-09-15,active,
FIP,FTAI Infrastructure Inc. - Common Stock,,,Nasdaq,2026-09-04,2026-09-15,active,
FIRY,Firy Inc. Class A Common Stock,,,NYSE,2026-09-04,2026-09-15,active,
FIS,Fidelity National Information Services,Financials,Transaction & Payment Processing Services,S&P 500,2026-09-04,2026-09-15,active,
FISI,"Financial Institutions, Inc. - Common Stock",,,Nasdaq,2026-09-04,2026-09-15,active,
FISN,"Deep Fission, Inc. - Common Stock",,,Nasdaq,2026-09-04,2026-09-15,active,
FISV,Fiserv,Financials,Transaction & Payment Processing Services,S&P 500,2026-09-04,2026-09-15,active,
FITB,Fifth Third Bancorp,Financials,Regional Banks,S&P 500,2026-09-04,2026-09-15,active,
FIVE,Five Below,Consumer Discretionary,Specialty Stores,S&P 400,2026-09-04,2026-09-15,active,
FIVN,"Five9, Inc.",Information Technology,Application Software,S&P 600,2026-09-04,2026-09-15,active,
FIX,Comfort Systems USA,Industrials,Construction & Engineering,S&P 500,2026-09-04,2026-09-15,active,
FIZZ,National Beverage Corp.,Consumer Staples,Soft Drinks & Non-alcoholic Beverages,S&P 600,2026-09-04,2026-09-15,active,
FJET,"Starfighters Space, Inc. Common Stock",,,NYSE American,2026-09-04,2026-09-15,active,
FKWL,Franklin Wireless Corp. - common stock,,,Nasdaq,2026-09-04,2026-09-15,active,
FLC,Flaherty & Crumrine Total Return Fund Inc Common Stock,,,NYSE,2026-09-04,2026-09-15,active,
FLEX,Flex Ltd.,Information Technology,Electronic Manufacturing Services,S&P 500,2026-09-04,2026-09-15,active,
FLG,Flagstar Bank,Financials,Regional Banks,S&P 400,2026-09-04,2026-09-15,active,
FLGT,"Fulgent Genetics, Inc. - Common Stock",,,Nasdaq,2026-09-04,2026-09-15,active,
FLL,"Full House Resorts, Inc. - Common Stock",,,Nasdaq,2026-09-04,2026-09-15,active,
FLNA,"Filana Therapeutics, Inc. - Common Stock",,,Nasdaq,2026-09-04,2026-09-15,active,
FLNC,"Fluence Energy, Inc. - Class A Common Stock",,,Nasdaq,2026-09-04,2026-09-15,active,
FLNG,FLEX LNG Ltd. Ordinary Shares,,,NYSE,2026-09-04,2026-09-15,active,
FLNT,"Fluent, Inc. - Common Stock",,,Nasdaq,2026-09-04,2026-09-15,active,
FLO,Flowers Foods,Consumer Staples,Packaged Foods & Meats,S&P 600,2026-09-04,2026-09-15,active,
FLOC,Flowco Holdings Inc. Class A Common Stock,,,NYSE,2026-09-04,2026-09-15,active,
FLR,Fluor,Industrials,Construction & Engineering,S&P 400,2026-09-04,2026-09-15,active,
FLS,Flowserve,Industrials,Industrial Machinery & Supplies & Components,S&P 400,2026-09-04,2026-09-15,active,
FLUT,Flutter Entertainment plc Ordinary Shares,,,NYSE,2026-09-04,2026-09-15,active,
FLWS,"1-800-FLOWERS.COM, Inc. - Class A Common Stock",,,Nasdaq,2026-09-04,2026-09-15,active,
FLXS,"Flexsteel Industries, Inc. - Common Stock",,,Nasdaq,2026-09-04,2026-09-15,active,
FLY,Firefly Aerospace Inc. - Common Stock,,,Nasdaq,2026-09-04,2026-09-15,active,
FLYE,"Fly-E Group, Inc. - Common Stock",,,Nasdaq,2026-09-04,2026-09-15,active,
FLYW,Flywire Corporation - Voting Common Stock,,,Nasdaq,2026-09-04,2026-09-15,active,
FLYX,"flyExclusive, Inc. Class A Common Stock",,,NYSE American,2026-09-04,2026-09-15,active,
FMAC,Future Money Acquisition Corporation - Ordinary Shares,,,Nasdaq,2026-09-04,2026-09-15,active,
FMAO,"Farmers & Merchants Bancorp, Inc. - Common Stock",,,Nasdaq,2026-09-04,2026-09-15,active,
FMBH,"First Mid Bancshares, Inc. - Common Stock",,,Nasdaq,2026-09-04,2026-09-15,active,
FMC,FMC Corporation,Materials,Fertilizers & Agricultural Chemicals,S&P 600,2026-09-04,2026-09-15,active,
FMN,Federated Hermes Premier Municipal Income Fund,,,NYSE,2026-09-04,2026-09-15,active,
FMNB,Farmers National Banc Corp. - Common Stock,,,Nasdaq,2026-09-04,2026-09-15,active,
FMST,Foremost Clean Energy Ltd. - Common Shares,,,Nasdaq,2026-09-04,2026-09-15,active,
FMX,Fomento Economico Mexicano S.A.B. de C.V. Common Stock,,,NYSE,2026-09-04,2026-09-15,active,
FN,Fabrinet,Information Technology,Electronic Manufacturing Services,S&P 400,2026-09-04,2026-09-15,active,
FNB,FNB Corporation,Financials,Regional Banks,S&P 400,2026-09-04,2026-09-15,active,
FND,Floor & Decor,Consumer Discretionary,Home Improvement Retail,S&P 400,2026-09-04,2026-09-15,active,
FNF,Fidelity National Financial,Financials,Property & Casualty Insurance,S&P 400,2026-09-04,2026-09-15,active,
FNKO,"Funko, Inc. - Class A Common Stock",,,Nasdaq,2026-09-04,2026-09-15,active,
FNLC,"First Bancorp, Inc (ME) - Common Stock",,,Nasdaq,2026-09-04,2026-09-15,active,
FNRN,First Northern Community Bancorp - Common stock,,,Nasdaq,2026-09-04,2026-09-15,active,
FNV,Franco-Nevada Corporation,,,NYSE,2026-09-04,2026-09-15,active,
FNWB,First Northwest Bancorp - Common Stock,,,Nasdaq,2026-09-04,2026-09-15,active,
FNWD,Finward Bancorp - common stock,,,Nasdaq,2026-09-04,2026-09-15,active,
FOA,Finance of America Companies Inc. Class A Common Stock,,,NYSE,2026-09-04,2026-09-15,active,
FOF,"Cohen & Steers Closed-End Opportunity Fund, Inc. Common Stock",,,NYSE,2026-09-04,2026-09-15,active,
FOFO,"Hang Feng Technology Innovation Co., Ltd. - Ordinary Shares",,,Nasdaq,2026-09-04,2026-09-15,active,
FOR,Forestar Group Inc Common Stock,,,NYSE,2026-09-04,2026-09-15,active,
FORM,"FormFactor, Inc.",Information Technology,Semiconductor Materials & Equipment,S&P 600,2026-09-04,2026-09-15,active,
FORR,"Forrester Research, Inc. - Common Stock",,,Nasdaq,2026-09-04,2026-09-15,active,
FOSL,"Fossil Group, Inc. - Common Stock",,,Nasdaq,2026-09-04,2026-09-15,active,
FOUR,Shift4,Financials,Transaction & Payment Processing Services,S&P 400,2026-09-04,2026-09-15,active,
FOX,Fox Corporation (Class B),Communication Services,Broadcasting,S&P 500,2026-09-04,2026-09-15,active,
FOXA,Fox Corporation (Class A),Communication Services,Broadcasting,S&P 500,2026-09-04,2026-09-15,active,
FOXF,Fox Factory,Consumer Discretionary,Automotive Parts & Equipment,S&P 600,2026-09-04,2026-09-15,active,
FPH,"Five Point Holdings, LLC Class A Common Shares",,,NYSE,2026-09-04,2026-09-15,active,
FPI,Farmland Partners Inc. Common Stock,,,NYSE,2026-09-04,2026-09-15,active,
FPS,"Forgent Power Solutions, Inc. Class A Common Stock",,,NYSE,2026-09-04,2026-09-15,active,
FR,First Industrial Realty Trust,Real Estate,Industrial REITs,S&P 400,2026-09-04,2026-09-15,active,
FRA,Blackrock Floating Rate Income Strategies Fund Inc  Common Stock,,,NYSE,2026-09-04,2026-09-15,active,
FRAF,Franklin Financial Services Corporation - Common Stock,,,Nasdaq,2026-09-04,2026-09-15,active,
FRBA,First Bank  - Common Stock,,,Nasdaq,2026-09-04,2026-09-15,active,
FRBT,"Forbright, Inc. - Class A Common Stock",,,Nasdaq,2026-09-04,2026-09-15,active,
FRD,Friedman Industries Inc. - Common Stock,,,Nasdaq,2026-09-04,2026-09-15,active,
FRGT,"Freight Technologies, Inc. - Ordinary Shares",,,Nasdaq,2026-09-04,2026-09-15,active,
FRHC,Freedom Holding Corp. - Common Stock,,,Nasdaq,2026-09-04,2026-09-15,active,
FRME,First Merchants Corporation - Common Stock,,,Nasdaq,2026-09-04,2026-09-15,active,
FRMI,Fermi Inc. - Common Stock,,,Nasdaq,2026-09-04,2026-09-15,active,
FRMM,"Forum Markets, Incorporated - Common Stock",,,Nasdaq,2026-09-04,2026-09-15,active,
FRNM,"Freenome, Inc. - Common stock",,,Nasdaq,2026-09-04,2026-09-15,active,
FRO,Frontline Plc Ordinary Shares,,,NYSE,2026-09-04,2026-09-15,active,
FROG,JFrog Ltd. - Ordinary shares,,,Nasdaq,2026-09-04,2026-09-15,active,
FRPH,"FRP Holdings, Inc. - Common Stock",,,Nasdaq,2026-09-04,2026-09-15,active,
FRPT,Freshpet,Consumer Staples,Packaged Foods & Meats,S&P 600,2026-09-04,2026-09-15,active,
FRSH,Freshworks Inc. - Class A Common Stock,,,Nasdaq,2026-09-04,2026-09-15,active,
FRST,Primis Financial Corp. - Common Stock,,,Nasdaq,2026-09-04,2026-09-15,active,
FRT,Federal Realty Investment Trust,Real Estate,Retail REITs,S&P 500,2026-09-04,2026-09-15,active,
FRTT,Fort Technology Inc. - Common Shares,,,Nasdaq,2026-09-04,2026-09-15,active,
FRVO,Fervo Energy Company - Class A common stock,,,Nasdaq,2026-09-04,2026-09-15,active,
FSBC,Five Star Bancorp - Common Stock,,,Nasdaq,2026-09-04,2026-09-15,active,
FSBW,"FS Bancorp, Inc. - Common Stock",,,Nasdaq,2026-09-04,2026-09-15,active,
FSCO,FS Credit Opportunities Corp. Common Stock,,,NYSE,2026-09-04,2026-09-15,active,
FSEA,"First Seacoast Bancorp, Inc. - Common Stock",,,Nasdaq,2026-09-04,2026-09-15,active,
FSHP,Flag Ship Acquisition Corp. - Ordinary Shares,,,Nasdaq,2026-09-04,2026-09-15,active,
FSI,Flexible Solutions International Inc. Common Stock (CDA),,,NYSE American,2026-09-04,2026-09-15,active,
FSK,FS KKR Capital Corp. Common Stock,,,NYSE,2026-09-04,2026-09-15,active,
FSLR,First Solar,Information Technology,Semiconductors,S&P 500,2026-09-04,2026-09-15,active,
FSLY,"Fastly, Inc. - Class A Common Stock",,,Nasdaq,2026-09-04,2026-09-15,active,
FSM,Fortuna Mining Corp. Common Shares,,,NYSE,2026-09-04,2026-09-15,active,
FSP,Franklin Street Properties Corp. Common Stock,,,NYSE American,2026-09-04,2026-09-15,active,
FSS,Federal Signal Corporation,Industrials,Construction Machinery & Heavy Transportation Equipment,S&P 600,2026-09-04,2026-09-15,active,
FSTR,L.B. Foster Company - Common Stock,,,Nasdaq,2026-09-04,2026-09-15,active,
FSUN,FirstSun Capital Bancorp - Common Stock,,,Nasdaq,2026-09-04,2026-09-15,active,
FSV,FirstService Corporation - Common Shares,,,Nasdaq,2026-09-04,2026-09-15,active,
FT,Franklin Universal Trust Common Stock,,,NYSE,2026-09-04,2026-09-15,active,
FTAI,FTAI Aviation Ltd. - Common Stock,,,Nasdaq,2026-09-04,2026-09-15,active,
FTCI,"FTC Solar, Inc. - Common Stock",,,Nasdaq,2026-09-04,2026-09-15,active,
FTDR,"Frontdoor, Inc.",Consumer Discretionary,Specialized Consumer Services,S&P 600,2026-09-04,2026-09-15,active,
FTEK,"Fuel Tech, Inc. - Common Stock",,,Nasdaq,2026-09-04,2026-09-15,active,
FTFT,Future FinTech Group Inc. - Common Stock,,,Nasdaq,2026-09-04,2026-09-15,active,
FTH,"Faeth Therapeutics, Inc.  - Common Stock",,,Nasdaq,2026-09-04,2026-09-15,active,
FTHA,Forefront Tech Holdings Acquisition Corp - Class A Ordinary Shares,,,Nasdaq,2026-09-04,2026-09-15,active,
FTHY,First Trust High Yield Opportunities 2027 Term Fund Common Stock,,,NYSE,2026-09-04,2026-09-15,active,
FTI,TechnipFMC,Energy,Oil & Gas Equipment & Services,S&P 400,2026-09-04,2026-09-15,active,
FTK,"Flotek Industries, Inc. Common Stock",,,NYSE,2026-09-04,2026-09-15,active,
FTLF,"FitLife Brands, Inc. - Common Stock",,,Nasdaq,2026-09-04,2026-09-15,active,
FTNT,Fortinet,Information Technology,Systems Software,S&P 500,2026-09-04,2026-09-15,active,
FTRA,FutureCorp Space Acquisition 1 Class A Ordinary Shares,,,NYSE,2026-09-04,2026-09-15,active,
FTRE,Fortrea,Health Care,Biotechnology,S&P 600,2026-09-04,2026-09-15,active,
FTS,Fortis Inc. Common Shares,,,NYSE,2026-09-04,2026-09-15,active,
FTV,Fortive,Industrials,Industrial Machinery & Supplies & Components,S&P 500,2026-09-04,2026-09-15,active,
FTW,Presidio Production Company Class A Common Stock,,,NYSE,2026-09-04,2026-09-15,active,
FUBO,FuboTV Inc. Class A Common Stock,,,NYSE,2026-09-04,2026-09-15,active,
FUFU,BitFuFu Inc. - Class A Ordinary Shares,,,Nasdaq,2026-09-04,2026-09-15,active,
FUL,H.B. Fuller Company,Materials,Specialty Chemicals,S&P 600,2026-09-04,2026-09-15,active,
FULC,"Fulcrum Therapeutics, Inc. - Common Stock",,,Nasdaq,2026-09-04,2026-09-15,active,
FULT,Fulton Financial Corporation,Financials,Regional Banks,S&P 600,2026-09-04,2026-09-15,active,
FUN,Six Flags,Consumer Discretionary,Leisure Facilities,S&P 600,2026-09-04,2026-09-15,active,
FUNC,First United Corporation - Common Stock,,,Nasdaq,2026-09-04,2026-09-15,active,
FUND,"Sprott Focus Trust, Inc. - Closed End Fund",,,Nasdaq,2026-09-04,2026-09-15,active,
FURY,Fury Gold Mines Limited Common Shares,,,NYSE American,2026-09-04,2026-09-15,active,
FUSB,"First US Bancshares, Inc. - Common Stock",,,Nasdaq,2026-09-04,2026-09-15,active,
FVAV,Fortress Value Acquisition Corp. V - Class A Ordinary Shares,,,Nasdaq,2026-09-04,2026-09-15,active,
FVCB,"FVCBankcorp, Inc. - Common Stock",,,Nasdaq,2026-09-04,2026-09-15,active,
FVR,"FrontView REIT, Inc. Common Stock",,,NYSE,2026-09-04,2026-09-15,active,
FVRR,"Fiverr International Ltd. Ordinary Shares, no par value",,,NYSE,2026-09-04,2026-09-15,active,
FWAC,Futurewave Acquisition Corporation - Ordinary Shares,,,Nasdaq,2026-09-04,2026-09-15,active,
FWDI,"Forward Industries, Inc. - Common Stock",,,Nasdaq,2026-09-04,2026-09-15,active,
FWONA,Liberty Media Corporation - Series A Liberty Formula One Common Stock,,,Nasdaq,2026-09-04,2026-09-15,active,
FWONK,Liberty Media Corporation - Series C Liberty Formula One Common Stock,,,Nasdaq,2026-09-04,2026-09-15,active,
FWRD,Forward Air Corporation - Common Stock,,,Nasdaq,2026-09-04,2026-09-15,active,
FWRG,"First Watch Restaurant Group, Inc. - Common Stock",,,Nasdaq,2026-09-04,2026-09-15,active,
FXAC,FortuneX Acquisition Corporation - Ordinary shares,,,Nasdaq,2026-09-04,2026-09-15,active,
FXHO,UTime Limited - Class A Ordinary Shares,,,Nasdaq,2026-09-04,2026-09-15,active,
FXNC,First National Corporation - Common Stock,,,Nasdaq,2026-09-04,2026-09-15,active,
G,Genpact,Industrials,Data Processing & Outsourced Services,S&P 400,2026-09-04,2026-09-15,active,
GAB,"Gabelli Equity Trust, Inc. (The) Common Stock",,,NYSE,2026-09-04,2026-09-15,active,
GABC,"German American Bancorp, Inc. - Common Stock",,,Nasdaq,2026-09-04,2026-09-15,active,
GAIA,"Gaia, Inc. - Class A Common Stock",,,Nasdaq,2026-09-04,2026-09-15,active,
GAIN,Gladstone Investment Corporation - Business Development Company,,,Nasdaq,2026-09-04,2026-09-15,active,
GAING,Gladstone Investment Corporation - 7.125% Notes due 2031,,,Nasdaq,2026-09-04,2026-09-15,active,
GAINI,Gladstone Investment Corporation - 7.875% Notes due 2030,,,Nasdaq,2026-09-04,2026-09-15,active,
GALT,Galectin Therapeutics Inc. - Common Stock,,,Nasdaq,2026-09-04,2026-09-15,active,
GAM,"General American Investors, Inc. Common Stock",,,NYSE,2026-09-04,2026-09-15,active,
GAME,"GameSquare Holdings, Inc. - Common stock",,,Nasdaq,2026-09-09,2026-09-15,active,
GANX,"Gain Therapeutics, Inc. - Common Stock",,,Nasdaq,2026-09-04,2026-09-15,active,
GAP,Gap Inc.,Consumer Discretionary,Apparel Retail,S&P 400,2026-09-04,2026-09-15,active,
GASS,"StealthGas, Inc. - common stock",,,Nasdaq,2026-09-04,2026-09-15,active,
GATX,GATX,Industrials,Construction Machinery & Heavy Transportation Equipment,S&P 400,2026-09-04,2026-09-15,active,
GAU,Galiano Gold Inc.,,,NYSE American,2026-09-04,2026-09-15,active,
GBCI,Glacier Bancorp,Financials,Regional Banks,S&P 400,2026-09-04,2026-09-15,active,
GBDC,"Golub Capital BDC, Inc. - Closed End Fund",,,Nasdaq,2026-09-04,2026-09-15,active,
GBFH,GBank Financial Holdings Inc. - Common Stock,,,Nasdaq,2026-09-04,2026-09-15,active,
GBLI,"Global Indemnity Group, LLC - Class A Common Shares",,,Nasdaq,2026-09-04,2026-09-15,active,
GBR,"New Concept Energy, Inc Common Stock",,,NYSE American,2026-09-04,2026-09-15,active,
GBTG,"Global Business Travel Group, Inc. Class A Common Stock",,,NYSE,2026-09-04,2026-09-15,active,
GBX,"The Greenbrier Companies, Inc.",Industrials,Construction Machinery & Heavy Transportation Equipment,S&P 600,2026-09-04,2026-09-15,active,
GCBC,"Greene County Bancorp, Inc. - Common Stock",,,Nasdaq,2026-09-04,2026-09-15,active,
GCDT,Green Circle Decarbonize Technology Limited Class A Ordinary Shares,,,NYSE American,2026-09-04,2026-09-15,active,
GCGR,General Catalyst Global Resilience Merger Corp. - Class A Ordinary Shares,,,Nasdaq,2026-09-04,2026-09-15,active,
GCMG,GCM Grosvenor Inc. - Class A Common Stock,,,Nasdaq,2026-09-04,2026-09-15,active,
GCO,Genesco Inc. Common Stock,,,NYSE,2026-09-04,2026-09-15,active,
GCT,GigaCloud Technology Inc - Class A Ordinary Shares,,,Nasdaq,2026-09-04,2026-09-15,active,
GCTS,"GCT Semiconductor Holding, Inc. Common Stock",,,NYSE,2026-09-04,2026-09-15,active,
GCV,"Gabelli Convertible and Income Securities Fund, Inc. (The) Common Stock",,,NYSE,2026-09-04,2026-09-15,active,
GD,General Dynamics,Industrials,Aerospace & Defense,S&P 500,2026-09-04,2026-09-15,active,
GDC,GD Culture Group Limited - Common Stock,,,Nasdaq,2026-09-04,2026-09-15,active,
GDDY,GoDaddy,Information Technology,Internet Services & Infrastructure,S&P 500,2026-09-04,2026-09-15,active,
GDEV,GDEV Inc. - Ordinary Shares,,,Nasdaq,2026-09-04,2026-09-15,active,
GDHG,Golden Heaven Group Holdings Ltd.  - Class A Ordinary Shares,,,Nasdaq,2026-09-04,2026-09-15,active,
GDO,Western Asset Global Corporate Opportunity Fund Inc. Common Stock,,,NYSE,2026-09-04,2026-09-15,active,
GDOT,"Green Dot Corporation Class A Common Stock, $0.001 par value",,,NYSE,2026-09-04,2026-09-15,active,
GDRX,"GoodRx Holdings, Inc. - Class A Common Stock",,,Nasdaq,2026-09-04,2026-09-15,active,
GDTC,CytoMed Therapeutics Limited - Ordinary Shares,,,Nasdaq,2026-09-04,2026-09-15,active,
GDYN,"Grid Dynamics Holdings, Inc. - Class A Common Stock",,,Nasdaq,2026-09-04,2026-09-15,active,
GE,GE Aerospace,Industrials,Aerospace & Defense,S&P 500,2026-09-04,2026-09-15,active,
GECC,Great Elm Capital Corp. - Closed End Fund,,,Nasdaq,2026-09-04,2026-09-15,active,
GECCG,Great Elm Capital Corp. - 7.75% Notes Due 2030,,,Nasdaq,2026-09-04,2026-09-15,active,
GECCH,Great Elm Capital Corp. - 8.125% Notes Due 2029,,,Nasdaq,2026-09-04,2026-09-15,active,
GECCI,Great Elm Capital Corp. - 8.50% NOTES DUE 2029,,,Nasdaq,2026-09-04,2026-09-15,active,
GEF,"Greif, Inc.",Materials,"Metal, Glass & Plastic Containers",S&P 400,2026-09-04,2026-09-15,active,
GEG,"Great Elm Group, Inc.  - Common Stock",,,Nasdaq,2026-09-04,2026-09-15,active,
GEHC,GE HealthCare,Health Care,Health Care Equipment,S&P 500,2026-09-04,2026-09-15,active,
GEL,"Genesis Energy, L.P. Common Units",,,NYSE,2026-09-04,2026-09-15,active,
GEMI,"Gemini Space Station, Inc. - Class A Common Stock",,,Nasdaq,2026-09-04,2026-09-15,active,
GEN,Gen Digital,Information Technology,Systems Software,S&P 500,2026-09-04,2026-09-15,active,
GENB,"Generate Biomedicines, Inc. - Common Stock",,,Nasdaq,2026-09-04,2026-09-15,active,
GENC,"Gencor Industries, Inc. Common Stock",,,NYSE American,2026-09-04,2026-09-15,active,
GENI,Genius Sports Limited Ordinary Shares,,,NYSE,2026-09-04,2026-09-15,active,
GENK,"GEN Restaurant Group, Inc. - Class A Common Stock",,,Nasdaq,2026-09-04,2026-09-15,active,
GEO,"GEO Group, Inc.",Industrials,Environmental & Facilities Services,S&P 600,2026-09-04,2026-09-15,active,
GEOS,Geospace Technologies Corporation - Common Stock,,,Nasdaq,2026-09-04,2026-09-15,active,
GERN,Geron Corporation - Common Stock,,,Nasdaq,2026-09-04,2026-09-15,active,
GETY,"Getty Images Holdings, Inc. Class A Common Stock",,,NYSE,2026-09-04,2026-09-15,active,
GEV,GE Vernova,Industrials,Heavy Electrical Equipment,S&P 500,2026-09-04,2026-09-15,active,
GEVO,"Gevo, Inc. - Common Stock",,,Nasdaq,2026-09-04,2026-09-15,active,
GF,"New Germany Fund, Inc. (The) Common Stock",,,NYSE,2026-09-04,2026-09-15,active,
GFF,Griffon Corporation,Industrials,Building Products,S&P 600,2026-09-04,2026-09-15,active,
GFL,"GFL Environmental Inc. Subordinate voting shares, no par value",,,NYSE,2026-09-04,2026-09-15,active,
GFR,Greenfire Resources Ltd. Common Shares,,,NYSE,2026-09-04,2026-09-15,active,
GFS,GlobalFoundries Inc. - Ordinary Share,,,Nasdaq,2026-09-04,2026-09-15,active,
GFUZ,General Fusion Group Ltd. - Common Shares,,,Nasdaq,2026-09-04,2026-09-15,active,
GGB,Gerdau S.A. Common Stock,,,NYSE,2026-09-04,2026-09-15,active,
GGG,Graco Inc.,Industrials,Industrial Machinery & Supplies & Components,S&P 400,2026-09-04,2026-09-15,active,
GGN,"GAMCO Global Gold, Natural Resources & Income Trust",,,NYSE American,2026-09-04,2026-09-15,active,
GGR,Gogoro Inc. - Ordinary Shares,,,Nasdaq,2026-09-04,2026-09-15,active,
GGT,"Gabelli Multi-Media Trust, Inc. (The) Common Stock",,,NYSE,2026-09-04,2026-09-15,active,
GH,"Guardant Health, Inc. - Common Stock",,,Nasdaq,2026-09-04,2026-09-15,active,
GHC,Graham Holdings,Consumer Discretionary,Education Services,S&P 400,2026-09-04,2026-09-15,active,
GHM,Graham Corporation Common Stock,,,NYSE,2026-09-04,2026-09-15,active,
GHRS,GH Research PLC - Ordinary Shares,,,Nasdaq,2026-09-04,2026-09-15,active,
GHXI,"Gores Holdings XI, Inc. - Class A Ordinary Shares",,,Nasdaq,2026-09-04,2026-09-15,active,
GHY,"PGIM Global High Yield Fund, Inc.",,,NYSE,2026-09-04,2026-09-15,active,
GIB,CGI Inc. Common Stock,,,NYSE,2026-09-04,2026-09-15,active,
GIBO,GIBO Holdings Limited - Class A Ordinary Shares,,,Nasdaq,2026-09-04,2026-09-15,active,
GIC,Global Industrial Company Common Stock,,,NYSE,2026-09-04,2026-09-15,active,
GIGM,GigaMedia Limited - Ordinary Shares,,,Nasdaq,2026-09-04,2026-09-15,active,
GIII,"G-III Apparel Group, Ltd.",Consumer Discretionary,"Apparel, Accessories & Luxury Goods",S&P 600,2026-09-04,2026-09-15,active,
GIL,"Gildan Activewear, Inc. Class A Sub. Vot. Common Stock",,,NYSE,2026-09-04,2026-09-15,active,
GILD,Gilead Sciences,Health Care,Biotechnology,S&P 500,2026-09-04,2026-09-15,active,
GILT,Gilat Satellite Networks Ltd. - Ordinary Shares,,,Nasdaq,2026-09-04,2026-09-15,active,
GIS,General Mills,Consumer Staples,Packaged Foods & Meats,S&P 500,2026-09-04,2026-09-15,active,
GITS,"Global Interactive Technologies, Inc. Common Stock - Common Stock",,,Nasdaq,2026-09-11,2026-09-15,active,
GIW,GigCapital8 Corp. - Class A Ordinary Shares,,,Nasdaq,2026-09-04,2026-09-15,active,
GIX,GigCapital9 Corp. - Class A Ordinary Share,,,Nasdaq,2026-09-04,2026-09-15,active,
GIXI,Gix Internet Ltd. - Ordinary Shares,,,Nasdaq,2026-09-04,2026-09-15,active,
GJH,Synthetic Fixed-Income Securities Inc 6.375% (STRATS) Cl A-1,,,NYSE,2026-09-04,2026-09-15,active,
GJO,"Synthetic Fixed-Income Securities, Inc. on behalf of STRATS(SM) Trust for Wal-Mart Stores, Inc. Securities, Series 2004-5",,,NYSE,2026-09-04,2026-09-15,active,
GJP,"Synthetic Fixed-Income Securities, Inc. on behalf of STRATS (SM) Trust for Dominion Resources, Inc. Securities, Series 2005-6, Floating Rate Structured Repackaged Asset-Backed Trust Securities (STRATS) Certificates",,,NYSE,2026-09-04,2026-09-15,active,
GJR,"Synthetic Fixed-Income Securities, Inc. STRATS Trust for Procter&Gamble Securities, Series 2006-1",,,NYSE,2026-09-04,2026-09-15,active,
GJS,"Goldman Sachs Group Securities STRATS Trust for Goldman Sachs Group Securities, Series 2006-2",,,NYSE,2026-09-04,2026-09-15,active,
GJT,"Synthetic Fixed-Income Securities, Inc. Floating Rate Structured Repackaged Asset-Backed Trust Securities Certificates, Series 2006-3",,,NYSE,2026-09-04,2026-09-15,active,
GKOS,Glaukos Corp.,Health Care,Health Care Equipment,S&P 600,2026-09-04,2026-09-15,active,
GL,Globe Life,Financials,Life & Health Insurance,S&P 500,2026-09-04,2026-09-15,active,
GLAD,Gladstone Capital Corporation - Closed End Fund,,,Nasdaq,2026-09-04,2026-09-15,active,
GLAS,Glass House Brands Inc. Subordinate Voting Shares,,,NYSE,2026-09-04,2026-09-15,active,
GLBE,Global-E Online Ltd. - ordinary shares,,,Nasdaq,2026-09-04,2026-09-15,active,
GLBS,Globus Maritime Limited - Common Stock,,,Nasdaq,2026-09-04,2026-09-15,active,
GLDG,GoldMining Inc. Common Shares,,,NYSE American,2026-09-04,2026-09-15,active,
GLED,GalaxyEdge Acquisition Corporation Ordinary Shares,,,NYSE,2026-09-04,2026-09-15,active,
GLIBA,Liberty Capital Corporation - Series A GCI Group Common Stock,,,Nasdaq,2026-09-04,2026-09-15,active,
GLIBK,Liberty Capital Corporation - Series C GCI Group Common Stock,,,Nasdaq,2026-09-04,2026-09-15,active,
GLMD,Galmed Pharmaceuticals Ltd. - Ordinary Shares,,,Nasdaq,2026-09-04,2026-09-09,dropped,2026-09-09
GLND,Greenland Energy Company - Common Stock,,,Nasdaq,2026-09-04,2026-09-15,active,
GLNG,Golar LNG Limited - Common Shares,,,Nasdaq,2026-09-04,2026-09-15,active,
GLO,Clough Global Opportunities Fund Common Stock,,,NYSE American,2026-09-04,2026-09-15,active,
GLOB,Globant S.A. Common Shares,,,NYSE,2026-09-04,2026-09-15,active,
GLOO,"Gloo Holdings, Inc. - Common Stock",,,Nasdaq,2026-09-04,2026-09-15,active,
GLP,Global Partners LP Common Units representing Limited Partner Interests,,,NYSE,2026-09-04,2026-09-15,active,
GLPI,Gaming and Leisure Properties,Real Estate,Other Specialized REITs,S&P 400,2026-09-04,2026-09-15,active,
GLRE,"Greenlight Reinsurance, Ltd. - Class A Ordinary Shares",,,Nasdaq,2026-09-04,2026-09-15,active,
GLSI,"Greenwich LifeSciences, Inc. - Common stock",,,Nasdaq,2026-09-04,2026-09-15,active,
GLU,Gabelli Global Utility Common Shares of Beneficial Ownership,,,NYSE American,2026-09-04,2026-09-15,active,
GLUE,"Monte Rosa Therapeutics, Inc. - Common Stock",,,Nasdaq,2026-09-04,2026-09-15,active,
GLW,Corning Inc.,Information Technology,Electronic Components,S&P 500,2026-09-04,2026-09-15,active,
GLXG,Galaxy Payroll Group Limited - Class A Ordinary Shares,,,Nasdaq,2026-09-04,2026-09-15,active,
GLXY,Galaxy Digital Inc. - Class A common stock,,,Nasdaq,2026-09-04,2026-09-15,active,
GM,General Motors,Consumer Discretionary,Automobile Manufacturers,S&P 500,2026-09-04,2026-09-15,active,
GME,GameStop,Consumer Discretionary,Computer & Electronics Retail,S&P 400,2026-09-04,2026-09-15,active,
GMED,Globus Medical,Health Care,Health Care Equipment,S&P 400,2026-09-04,2026-09-15,active,
GMEX,GMEX ROBOTICS CORPORATION - Class A Ordinary Shares,,,Nasdaq,2026-09-04,2026-09-15,active,
GMM,Global Mofy AI Limited  - Class A Ordinary Shares,,,Nasdaq,2026-09-04,2026-09-15,active,
GMRS,GMR Solutions Inc. Class A Common Stock,,,NYSE,2026-09-04,2026-09-15,active,
GMTL,Guardian Metal Resources PLC ADS,,,NYSE American,2026-09-04,2026-09-15,active,
GNE,Genie Energy Ltd. Class B Common Stock Stock,,,NYSE,2026-09-04,2026-09-15,active,
GNK,Genco Shipping & Trading Limited Ordinary Shares New (Marshall Islands),,,NYSE,2026-09-04,2026-09-15,active,
GNL,"Global Net Lease, Inc.",Real Estate,Diversified REITs,S&P 600,2026-09-04,2026-09-15,active,
GNLN,"Greenlane Holdings, Inc. - Class A Common Stock",,,Nasdaq,2026-09-04,2026-09-15,active,
GNLX,Genelux Corporation - Common Stock,,,Nasdaq,2026-09-04,2026-09-15,active,
GNPX,"Genprex, Inc. - Common Stock",,,Nasdaq,2026-09-04,2026-09-15,active,
GNRC,Generac,Industrials,Heavy Electrical Equipment,S&P 500,2026-09-04,2026-09-15,active,
GNS,Genius Group Limited Ordinary Shares,,,NYSE American,2026-09-04,2026-09-15,active,
GNSS,Genasys Inc. - Common Stock,,,Nasdaq,2026-09-04,2026-09-15,active,
GNT,"GAMCO Natural Resources, Gold & Income Trust",,,NYSE,2026-09-04,2026-09-15,active,
GNTX,Gentex,Consumer Discretionary,Automotive Parts & Equipment,S&P 400,2026-09-04,2026-09-15,active,
GNW,"Genworth Financial, Inc.",Financials,Multi-line Insurance,S&P 600,2026-09-04,2026-09-15,active,
GO,Grocery Outlet,Consumer Staples,Food Retail,S&P 600,2026-09-04,2026-09-15,active,
GOAI,Eva Live Inc. - Common Stock,,,Nasdaq,2026-09-04,2026-09-15,active,
GOGO,Gogo Inc. - Common Stock,,,Nasdaq,2026-09-04,2026-09-15,active,
GOLD,"Gold.com, Inc. Common Stock",,,NYSE,2026-09-04,2026-09-15,active,
GOLF,Acushnet Company,Consumer Discretionary,Leisure Products,S&P 600,2026-09-04,2026-09-15,active,
GOOD,Gladstone Commercial Corporation - Real Estate Investment Trust,,,Nasdaq,2026-09-04,2026-09-15,active,
GOOG,Alphabet Inc. (Class C),Communication Services,Interactive Media & Services,S&P 500,2026-09-04,2026-09-15,active,
GOOGL,Alphabet Inc. (Class A),Communication Services,Interactive Media & Services,S&P 500,2026-09-04,2026-09-15,active,
GOOS,Canada Goose Holdings Inc. Subordinate Voting Shares,,,NYSE,2026-09-04,2026-09-15,active,
GORO,Goldgroup Mining Inc. Common Shares,,,NYSE American,2026-09-04,2026-09-15,active,
GP,GreenPower Motor Company Inc. - Common Shares,,,Nasdaq,2026-09-04,2026-09-15,active,
GPAC,General Purpose Acquisition Corp. - Class A Ordinary Shares,,,Nasdaq,2026-09-04,2026-09-15,active,
GPAT,GP-Act III Acquisition Corp. - Class A Ordinary Share,,,Nasdaq,2026-09-04,2026-09-15,active,
GPC,Genuine Parts Company,Consumer Discretionary,Distributors,S&P 500,2026-09-04,2026-09-15,active,
GPGI,"GPGI, Inc. Class A Common Stock",,,NYSE,2026-09-04,2026-09-15,active,
GPI,"Group 1 Automotive, Inc.",Consumer Discretionary,Automotive Retail,S&P 600,2026-09-04,2026-09-15,active,
GPJA,"Georgia Power Company Series 2017A 5.00% Junior Subordinated Notes due October 1, 2077",,,NYSE,2026-09-04,2026-09-15,active,
GPK,Graphic Packaging,Materials,Paper & Plastic Packaging Products & Materials,S&P 400,2026-09-04,2026-09-15,active,
GPMT,Granite Point Mortgage Trust Inc. Common Stock,,,NYSE,2026-09-04,2026-09-15,active,
GPN,Global Payments,Financials,Transaction & Payment Processing Services,S&P 500,2026-09-04,2026-09-15,active,
GPOR,Gulfport Energy Corporation,Energy,Oil & Gas Exploration & Production,S&P 600,2026-09-04,2026-09-15,active,
GPRE,"Green Plains, Inc. - Common Stock",,,Nasdaq,2026-09-04,2026-09-15,active,
GPRK,Geopark Ltd Common Shares,,,NYSE,2026-09-04,2026-09-15,active,
GPUS,"Hyperscale Data, Inc. Common Stock",,,NYSE American,2026-09-04,2026-09-15,active,
GRAB,Grab Holdings Limited - Class A Ordinary Shares,,,Nasdaq,2026-09-04,2026-09-15,active,
GRAL,"GRAIL, Inc. - Common Stock",,,Nasdaq,2026-09-04,2026-09-15,active,
GRAN,Grande Group Limited - Class A Ordinary Shares,,,Nasdaq,2026-09-04,2026-09-15,active,
GRBK,"Green Brick Partners, Inc.",Consumer Discretionary,Homebuilding,S&P 600,2026-09-04,2026-09-15,active,
GRC,Gorman-Rupp Company (The) Common Stock,,,NYSE,2026-09-04,2026-09-15,active,
GRCE,"Grace Therapeutics, Inc. - Common Stock",,,Nasdaq,2026-09-04,2026-09-15,active,
GRDN,"Guardian Pharmacy Services, Inc. Class A Common Stock",,,NYSE,2026-09-04,2026-09-15,active,
GRDX,GridAI Technologies Corp.  - Common Stock,,,Nasdaq,2026-09-04,2026-09-15,active,
GRF,"Eagle Capital Growth Fund, Inc. Common Stock",,,NYSE American,2026-09-04,2026-09-15,active,
GRI,"GRI Bio, Inc. - Common Stock",,,Nasdaq,2026-09-04,2026-09-15,active,
GRML,Greenland Mines Ltd - Common Stock,,,Nasdaq,2026-09-08,2026-09-15,active,
GRMN,Garmin,Consumer Discretionary,Consumer Electronics,S&P 500,2026-09-04,2026-09-15,active,
GRND,Grindr Inc. Common Stock,,,NYSE,2026-09-04,2026-09-15,active,
GRNQ,Greenpro Capital Corp. - Common Stock,,,Nasdaq,2026-09-04,2026-09-15,active,
GRNT,"Granite Ridge Resources, Inc. Common Stock",,,NYSE,2026-09-04,2026-09-15,active,
GRO,Brazil Potash Corp. Common Shares,,,NYSE American,2026-09-04,2026-09-15,active,
GROV,"Grove Collaborative Holdings, Inc. Class A Common Stock",,,NYSE,2026-09-04,2026-09-15,active,
GROW,"U.S. Global Investors, Inc. - Class A Common Stock",,,Nasdaq,2026-09-04,2026-09-15,active,
GROY,Gold Royalty Corp. Common Shares,,,NYSE American,2026-09-04,2026-09-15,active,
GRPN,"Groupon, Inc. - Common Stock",,,Nasdaq,2026-09-04,2026-09-15,active,
GRRR,Gorilla Technology Group Inc. - Ordinary shares,,,Nasdaq,2026-09-04,2026-09-15,active,
GRSD,Grandstand Limited - Ordinary Shares,,,Nasdaq,2026-09-04,2026-09-15,active,
GRWG,GrowGeneration Corp. - Common Stock,,,Nasdaq,2026-09-04,2026-09-15,active,
GS,Goldman Sachs,Financials,Investment Banking & Brokerage,S&P 500,2026-09-04,2026-09-15,active,
GSAT,"Globalstar, Inc. - Common Stock",,,Nasdaq,2026-09-04,2026-09-15,active,
GSBC,"Great Southern Bancorp, Inc. - Common Stock",,,Nasdaq,2026-09-04,2026-09-15,active,
GSBD,"Goldman Sachs BDC, Inc. Common Stock",,,NYSE,2026-09-04,2026-09-15,active,
GSHD,"Goosehead Insurance, Inc.",Financials,Insurance Brokers,S&P 600,2026-09-04,2026-09-15,active,
GSHR,Gesher Acquisition Corp. II - Class A Ordinary Shares,,,Nasdaq,2026-09-04,2026-09-15,active,
GSIT,"GSI Technology, Inc. - Common Stock",,,Nasdaq,2026-09-04,2026-09-15,active,
GSIW,Garden Stage Limited - Class A Ordinary Shares,,,Nasdaq,2026-09-04,2026-09-15,active,
GSL,Global Ship Lease Inc New Class A Common Shares,,,NYSE,2026-09-04,2026-09-15,active,
GSM,Ferroglobe PLC - Ordinary Shares,,,Nasdaq,2026-09-04,2026-09-15,active,
GSRF,GSR IV Acquisition Corp. - Class A ordinary share,,,Nasdaq,2026-09-04,2026-09-15,active,
GSRV,GSR V Acquisition Corp. - Class A ordinary shares,,,Nasdaq,2026-09-04,2026-09-15,active,
GT,Goodyear Tire and Rubber Company,Consumer Discretionary,Tires & Rubber,S&P 600,2026-09-04,2026-09-15,active,
GTE,Gran Tierra Energy Inc. Common Stock,,,NYSE American,2026-09-04,2026-09-15,active,
GTEN,"Gores Holdings X, Inc. - Class A ordinary shares",,,Nasdaq,2026-09-04,2026-09-15,active,
GTERA,Globa Terra Acquisition Corporation - Class A Ordinary Shares,,,Nasdaq,2026-09-04,2026-09-15,active,
GTES,Gates Corporation,Industrials,Industrial Machinery & Supplies & Components,S&P 600,2026-09-04,2026-09-15,active,
GTIM,Good Times Restaurants Inc. - Common Stock,,,Nasdaq,2026-09-04,2026-09-15,active,
GTLB,GitLab Inc. - Class A Common Stock,,,Nasdaq,2026-09-04,2026-09-15,active,
GTM,ZoomInfo,Communication Services,Interactive Media & Services,S&P 600,2026-09-04,2026-09-15,active,
GTN,"Gray Media, Inc. Common Stock",,,NYSE,2026-09-04,2026-09-15,active,
GTX,Garrett Motion Inc. - Common Stock,,,Nasdaq,2026-09-04,2026-09-15,active,
GTY,Getty Realty Corp.,Real Estate,Retail REITs,S&P 600,2026-09-04,2026-09-15,active,
GUAC,Berto Acquisition Corp. II - Ordinary Shares,,,Nasdaq,2026-09-04,2026-09-15,active,
GUT,Gabelli Utility Trust (The) Common Stock,,,NYSE,2026-09-04,2026-09-15,active,
GVA,"Granite Construction, Inc.",Industrials,Construction & Engineering,S&P 600,2026-09-04,2026-09-15,active,
GVH,Globavend Holdings Limited - Ord Shares,,,Nasdaq,2026-09-04,2026-09-15,active,
GWAV,"Greenwave Technology Solutions, Inc. - Common Stock",,,Nasdaq,2026-09-04,2026-09-15,active,
GWH,"ESS Tech, Inc. Common Stock",,,NYSE,2026-09-04,2026-09-15,active,
GWRE,Guidewire Software,Information Technology,Application Software,S&P 400,2026-09-04,2026-09-15,active,
GWRS,"Global Water Resources, Inc. - common stock",,,Nasdaq,2026-09-04,2026-09-15,active,
GWW,W. W. Grainger,Industrials,Industrial Machinery & Supplies & Components,S&P 500,2026-09-04,2026-09-15,active,
GXAI,Gaxos.ai Inc. - Common Stock,,,Nasdaq,2026-09-04,2026-09-15,active,
GXO,GXO Logistics,Industrials,Air Freight & Logistics,S&P 400,2026-09-04,2026-09-15,active,
GYGY,"Game Your Game, Inc. - Common Stock",,,Nasdaq,2026-09-04,2026-09-15,active,
GYRE,"Gyre Therapeutics, Inc. - Common Stock",,,Nasdaq,2026-09-04,2026-09-15,active,
GYRO,"Gyrodyne , LLC - Common Stock",,,Nasdaq,2026-09-04,2026-09-15,active,
H,Hyatt,Consumer Discretionary,"Hotels, Resorts & Cruise Lines",S&P 400,2026-09-04,2026-09-15,active,
HACQ,HCM IV Acquisition Corp. - Class A Ordinary Share,,,Nasdaq,2026-09-04,2026-09-15,active,
HAE,Haemonetics,Health Care,Health Care Supplies,S&P 400,2026-09-04,2026-09-15,active,
HAFC,Hanmi Financial Corporation,Financials,Regional Banks,S&P 600,2026-09-04,2026-09-15,active,
HAFN,Hafnia Limited Common Shares,,,NYSE,2026-09-04,2026-09-15,active,
HAL,Halliburton,Energy,Oil & Gas Equipment & Services,S&P 500,2026-09-04,2026-09-15,active,
HALO,Halozyme,Health Care,Biotechnology,S&P 400,2026-09-04,2026-09-15,active,
HAO,Haoxi Health Technology Limited - Class A Ord Share,,,Nasdaq,2026-09-04,2026-09-15,active,
HAPN,"Happen, Inc. - Common Stock",,,Nasdaq,2026-09-04,2026-09-15,active,
HAS,Hasbro,Consumer Discretionary,Leisure Products,S&P 500,2026-09-04,2026-09-15,active,
HASI,"Hannon Armstrong Sustainable Infrastructure Capital, Inc.",Financials,Specialized Finance,S&P 600,2026-09-04,2026-09-15,active,
HAVA,Harvard Ave Acquisition Corporation - Class A Ordinary Share,,,Nasdaq,2026-09-04,2026-09-15,active,
HAWK,"HawkEye 360, Inc. Common Stock",,,NYSE,2026-09-04,2026-09-15,active,
HAYW,"Hayward Holdings, Inc.",Industrials,Electrical Components & Equipment,S&P 600,2026-09-04,2026-09-15,active,
HBAN,Huntington Bancshares,Financials,Regional Banks,S&P 500,2026-09-04,2026-09-15,active,
HBB,Hamilton Beach Brands Holding Company Class A Common Stock,,,NYSE,2026-09-04,2026-09-15,active,
HBCP,"Home Bancorp, Inc. - Common Stock",,,Nasdaq,2026-09-04,2026-09-15,active,
HBIO,"Harvard Bioscience, Inc. - Common Stock",,,Nasdaq,2026-09-04,2026-09-15,active,
HBM,Hudbay Minerals Inc. Ordinary Shares (Canada),,,NYSE,2026-09-04,2026-09-15,active,
HBNB,Hotel101 Global Holdings Corp. - Class A Ordinary Shares,,,Nasdaq,2026-09-04,2026-09-15,active,
HBNC,"Horizon Bancorp, Inc. - Common Stock",,,Nasdaq,2026-09-04,2026-09-15,active,
HBT,"HBT Financial, Inc. - Common Stock",,,Nasdaq,2026-09-04,2026-09-15,active,
HCA,HCA Healthcare,Health Care,Health Care Facilities,S&P 500,2026-09-04,2026-09-15,active,
HCAC,Hall Chadwick Acquisition Corp. - Class A Ordinary Shares,,,Nasdaq,2026-09-04,2026-09-15,active,
HCAI,"Huachen AI Parking Management Technology Holding Co., Ltd. - Class A Ordinary Shares",,,Nasdaq,2026-09-04,2026-09-15,active,
HCAT,"Health Catalyst, Inc - Common stock",,,Nasdaq,2026-09-04,2026-09-15,active,
HCC,"Warrior Met Coal, Inc.",Materials,Steel,S&P 600,2026-09-04,2026-09-15,active,
HCHL,Happy City Holdings Limited - Class A Ordinary shares,,,Nasdaq,2026-09-04,2026-09-15,active,
HCI,"HCI Group, Inc.",Financials,Property & Casualty Insurance,S&P 600,2026-09-04,2026-09-15,active,
HCIC,Hennessy Capital Investment Corp. VIII - Class A Ordinary Shares,,,Nasdaq,2026-09-04,2026-09-15,active,
HCKT,"The Hackett Group, Inc. - Common Stock",,,Nasdaq,2026-09-04,2026-09-15,active,
HCMA,HCM III Acquisition Corp. - Class A Ordinary Share,,,Nasdaq,2026-09-04,2026-09-15,active,
HCSG,"Healthcare Services Group, Inc.",Industrials,Environmental & Facilities Services,S&P 600,2026-09-04,2026-09-15,active,
HCTI,"Healthcare Triangle, Inc. - Common Stock",,,Nasdaq,2026-09-04,2026-09-15,active,
HCWB,HCW Biologics Inc. - Common Stock,,,Nasdaq,2026-09-04,2026-09-15,active,
HCWC,Healthy Choice Wellness Corp. Class A Common Stock,,,NYSE American,2026-09-04,2026-09-15,active,
HCXY,"Hercules Capital, Inc. 6.25% Notes due 2033",,,NYSE,2026-09-04,2026-09-15,active,
HD,Home Depot (The),Consumer Discretionary,Home Improvement Retail,S&P 500,2026-09-04,2026-09-15,active,
HDB,HDFC Bank Limited Common Stock,,,NYSE,2026-09-04,2026-09-15,active,
HDRN,"Hadron Energy, Inc. - Common Stock",,,Nasdaq,2026-09-04,2026-09-15,active,
HDSN,"Hudson Technologies, Inc. - Common Stock",,,Nasdaq,2026-09-04,2026-09-15,active,
HE,"Hawaiian Electric Industries, Inc.",Utilities,Electric Utilities,S&P 600,2026-09-04,2026-09-15,active,
HEI,Heico Corporation Common Stock,,,NYSE,2026-09-04,2026-09-15,active,
HELE,Helen of Troy Limited - Common Stock,,,Nasdaq,2026-09-04,2026-09-15,active,
HELP,Cybin Inc. - Common Stock,,,Nasdaq,2026-09-04,2026-09-15,active,
HERZ,"Herzfeld Credit Income Fund, Inc.  - Closed End Fund",,,Nasdaq,2026-09-04,2026-09-15,active,
HESM,Hess Midstream LP Class A Representing Limited Partner Interests,,,NYSE,2026-09-04,2026-09-15,active,
HFBL,"Home Federal Bancorp, Inc. of Louisiana - Common Stock",,,Nasdaq,2026-09-04,2026-09-15,active,
HFFG,HF Foods Group Inc. - Common Stock,,,Nasdaq,2026-09-04,2026-09-15,active,
HFWA,Heritage Financial Corporation,Financials,Regional Banks,S&P 600,2026-09-04,2026-09-15,active,
HG,"Hamilton Insurance Group, Ltd. Class B Common Shares",,,NYSE,2026-09-04,2026-09-15,active,
HGBL,Heritage Global Inc. - Common Stock,,,Nasdaq,2026-09-04,2026-09-15,active,
HGLB,Highland Global Allocation Fund Common Stock,,,NYSE,2026-09-04,2026-09-15,active,
HGTY,"Hagerty, Inc. Class A Common Stock",,,NYSE,2026-09-04,2026-09-15,active,
HGV,Hilton Grand Vacations,Consumer Discretionary,"Hotels, Resorts & Cruise Lines",S&P 400,2026-09-04,2026-09-15,active,
HHH,Howard Hughes Holdings Inc. Common Stock,,,NYSE,2026-09-04,2026-09-15,active,
HHS,"Harte Hanks, Inc. - Common Stock",,,Nasdaq,2026-09-04,2026-09-15,active,
HIFS,Hingham Institution for Savings - Common Stock,,,Nasdaq,2026-09-04,2026-09-15,active,
HIG,Hartford (The),Financials,Property & Casualty Insurance,S&P 500,2026-09-04,2026-09-15,active,
HII,Huntington Ingalls Industries,Industrials,Aerospace & Defense,S&P 500,2026-09-04,2026-09-15,active,
HIMS,Hims & Hers Health,Health Care,Health Care Services,S&P 400,2026-09-04,2026-09-15,active,
HIND,"Vyome Holdings, Inc. - Common Stock",,,Nasdaq,2026-09-04,2026-09-15,active,
HIO,"Western Asset High Income Opportunity Fund, Inc. Common Stock",,,NYSE,2026-09-04,2026-09-15,active,
HIPO,Hippo Holdings Inc. Common Stock,,,NYSE,2026-09-04,2026-09-15,active,
HIT,"Health In Tech, Inc. - Class A Common Stock",,,Nasdaq,2026-09-04,2026-09-15,active,
HITI,High Tide Inc. - Common Shares,,,Nasdaq,2026-09-04,2026-09-15,active,
HIVE,HIVE Digital Technologies Ltd - Common Shares,,,Nasdaq,2026-09-04,2026-09-15,active,
HIW,Highwoods Properties,Real Estate,Office REITs,S&P 600,2026-09-04,2026-09-15,active,
HIX,Western Asset High Income Fund II Inc. Common Stock,,,NYSE,2026-09-04,2026-09-15,active,
HKIT,Hitek Global Inc. - Class A Ordinary Share,,,Nasdaq,2026-09-04,2026-09-15,active,
HL,Hecla Mining,Materials,Silver,S&P 400,2026-09-04,2026-09-15,active,
HLF,Herbalife Ltd. Common Shares,,,NYSE,2026-09-04,2026-09-15,active,
HLI,Houlihan Lokey,Financials,Investment Banking & Brokerage,S&P 400,2026-09-04,2026-09-15,active,
HLIO,"Helios Technologies, Inc. Common Stock",,,NYSE,2026-09-04,2026-09-15,active,
HLIT,Harmonic Inc.,Information Technology,Communications Equipment,S&P 600,2026-09-04,2026-09-15,active,
HLLY,Holley Inc. Common Stock,,,NYSE,2026-09-04,2026-09-15,active,
HLMN,Hillman Solutions Corp. - Common Stock,,,Nasdaq,2026-09-04,2026-09-15,active,
HLNE,Hamilton Lane,Financials,Asset Management & Custody Banks,S&P 400,2026-09-04,2026-09-15,active,
HLP,Hongli Group Inc. - Class A Ordinary Shares,,,Nasdaq,2026-09-04,2026-09-15,active,
HLSQ,Tessera Defense and Homeland Security Inc. Common Stock,,,NYSE American,2026-09-11,2026-09-15,active,
HLT,Hilton Worldwide,Consumer Discretionary,"Hotels, Resorts & Cruise Lines",S&P 500,2026-09-04,2026-09-15,active,
HLX,"Helix Energy Solutions Group, Inc.",Energy,Oil & Gas Equipment & Services,S&P 600,2026-09-04,2026-09-15,active,
HMC,"Honda Motor Company, Ltd. Common Stock",,,NYSE,2026-09-04,2026-09-15,active,
HMH,HMH Holding Inc. - Common Stock,,,Nasdaq,2026-09-04,2026-09-15,active,
HMN,Horace Mann Educators Corporation,Financials,Multi-line Insurance,S&P 600,2026-09-04,2026-09-15,active,
HMR,Heidmar Maritime Holdings Corp. - Common Stock,,,Nasdaq,2026-09-04,2026-09-15,active,
HMY,Harmony Gold Mining Company Limited,,,NYSE,2026-09-04,2026-09-15,active,
HNGE,"Hinge Health, Inc. Class A Common Stock",,,NYSE,2026-09-04,2026-09-15,active,
HNI,HNI Corporation,Industrials,Office Services & Supplies,S&P 600,2026-09-04,2026-09-15,active,
HNNA,"Hennessy Advisors, Inc. - Common Stock",,,Nasdaq,2026-09-04,2026-09-15,active,
HNRG,Hallador Energy Company - Common Stock,,,Nasdaq,2026-09-04,2026-09-15,active,
HNST,"The Honest Company, Inc. - Common Stock",,,Nasdaq,2026-09-04,2026-09-15,active,
HNVR,"Hanover Bancorp, Inc. - Common Stock",,,Nasdaq,2026-09-04,2026-09-15,active,
HODO,House of Doge Inc. - Common Stock,,,Nasdaq,2026-09-04,2026-09-15,active,
HOFT,Hooker Furnishings Corporation - Common Stock,,,Nasdaq,2026-09-04,2026-09-15,active,
HOG,Harley-Davidson,Consumer Discretionary,Motorcycle Manufacturers,S&P 400,2026-09-04,2026-09-15,active,
HOLO,MicroCloud Hologram Inc. - Ordinary Shares,,,Nasdaq,2026-09-04,2026-09-15,active,
HOMB,Home BancShares,Financials,Regional Banks,S&P 400,2026-09-04,2026-09-15,active,
HON,Honeywell Technologies,Industrials,Industrial Conglomerates,S&P 500,2026-09-04,2026-09-15,active,
HONA,Honeywell Aerospace,Industrials,Aerospace & Defense,S&P 500,2026-09-04,2026-09-15,active,
HOOD,Robinhood Markets,Financials,Investment Banking & Brokerage,S&P 500,2026-09-04,2026-09-15,active,
HOPE,"Hope Bancorp, Inc.",Financials,Regional Banks,S&P 600,2026-09-04,2026-09-15,active,
HOS,"Hornbeck Offshore Services, Inc. Common Stock",,,NYSE,2026-09-04,2026-09-15,active,
HOUR,"Hour Loop, Inc. - common stock",,,Nasdaq,2026-09-04,2026-09-15,active,
HOV,"Hovnanian Enterprises, Inc. Class A Common Stock",,,NYSE,2026-09-04,2026-09-15,active,
HOVR,New Horizon Aircraft Ltd. - Class A Ordinary Shares,,,Nasdaq,2026-09-04,2026-09-15,active,
HP,"Helmerich & Payne, Inc.",Energy,Oil & Gas Drilling,S&P 600,2026-09-04,2026-09-15,active,
HPE,Hewlett Packard Enterprise,Information Technology,"Technology Hardware, Storage & Peripherals",S&P 500,2026-09-04,2026-09-15,active,
HPF,John Hancock Pfd Income Fund II Pfd Income Fund II,,,NYSE,2026-09-04,2026-09-15,active,
HPK,"HighPeak Energy, Inc. - Common Stock",,,Nasdaq,2026-09-04,2026-09-15,active,
HPP,"Hudson Pacific Properties, Inc. Common Stock",,,NYSE,2026-09-04,2026-09-15,active,
HPQ,HP Inc.,Information Technology,"Technology Hardware, Storage & Peripherals",S&P 500,2026-09-04,2026-09-15,active,
HQ,Horizon Quantum Holdings Ltd. - Class A Ordinary Shares,,,Nasdaq,2026-09-04,2026-09-15,active,
HQI,"HireQuest, Inc. - Common Stock",,,Nasdaq,2026-09-04,2026-09-15,active,
HQY,HealthEquity,Health Care,Managed Health Care,S&P 400,2026-09-04,2026-09-15,active,
HR,Healthcare Realty Trust,Real Estate,Health Care REITs,S&P 400,2026-09-04,2026-09-15,active,
HRB,H&R Block,Consumer Discretionary,Specialized Consumer Services,S&P 400,2026-09-04,2026-09-15,active,
HRI,Herc Holdings Inc. Common Stock,,,NYSE,2026-09-04,2026-09-15,active,
HRL,Hormel Foods,Consumer Staples,Packaged Foods & Meats,S&P 500,2026-09-04,2026-09-15,active,
HRMY,"Harmony Biosciences Holdings, Inc.",Health Care,Biotechnology,S&P 600,2026-09-04,2026-09-15,active,
HROW,"Harrow, Inc. - Common Stock",,,Nasdaq,2026-09-04,2026-09-15,active,
HRTG,"Heritage Insurance Holdings, Inc. Common Stock",,,NYSE,2026-09-04,2026-09-15,active,
HRZN,Horizon Technology Finance Corporation - Common Stock,,,Nasdaq,2026-09-04,2026-09-15,active,
HSBC,"HSBC Holdings, plc. Common Stock",,,NYSE,2026-09-04,2026-09-15,active,
HSDT,Solana Company - Class A Common Stock,,,Nasdaq,2026-09-04,2026-09-15,active,
HSHP,Himalaya Shipping Ltd. Common Shares,,,NYSE,2026-09-04,2026-09-15,active,
HSIC,Henry Schein,Health Care,Health Care Distributors,S&P 500,2026-09-04,2026-09-15,active,
HSLV,Highlander Silver Corp. Common Shares,,,NYSE American,2026-09-04,2026-09-15,active,
HST,Host Hotels & Resorts,Real Estate,Hotel & Resort REITs,S&P 500,2026-09-04,2026-09-15,active,
HSTM,"HealthStream, Inc.",Health Care,Health Care Technology,S&P 600,2026-09-04,2026-09-15,active,
HSY,Hershey Company (The),Consumer Staples,Packaged Foods & Meats,S&P 500,2026-09-04,2026-09-15,active,
HTB,"HomeTrust Bancshares, Inc. Common Stock",,,NYSE,2026-09-04,2026-09-15,active,
HTCO,High-Trend International Group - Class A Ordinary Shares,,,Nasdaq,2026-09-04,2026-09-15,active,
HTCR,"Heartcore Enterprises, Inc. - Common Stock",,,Nasdaq,2026-09-04,2026-09-15,active,
HTFC,Horizon Technology Finance Corporation 6.25% Notes due 2027,,,NYSE,2026-09-04,2026-09-15,active,
HTFL,"Heartflow, Inc. - Common Stock",,,Nasdaq,2026-09-04,2026-09-15,active,
HTGC,"Hercules Capital, Inc. Common Stock",,,NYSE,2026-09-04,2026-09-15,active,
HTH,Hilltop Holdings Inc.,Financials,Regional Banks,S&P 600,2026-09-04,2026-09-15,active,
HTLD,"Heartland Express, Inc.",Industrials,Cargo Ground Transportation,S&P 600,2026-09-04,2026-09-15,active,
HTLM,HomesToLife Ltd - Ordinary Shares,,,Nasdaq,2026-09-04,2026-09-15,active,
HTO,H2O America,Utilities,Water Utilities,S&P 600,2026-09-04,2026-09-15,active,
HTOO,Fusion Fuel Green PLC - Ordinary Shares,,,Nasdaq,2026-09-04,2026-09-15,active,
HTZ,"Hertz Global Holdings, Inc - Common Stock",,,Nasdaq,2026-09-04,2026-09-15,active,
HUBB,Hubbell Incorporated,Industrials,Industrial Machinery & Supplies & Components,S&P 500,2026-09-04,2026-09-15,active,
HUBC,Hub Cyber Security Ltd. - Ordinary Shares,,,Nasdaq,2026-09-04,2026-09-15,active,
HUBG,"Hub Group, Inc.",Industrials,Air Freight & Logistics,S&P 600,2026-09-04,2026-09-15,active,
HUBS,"HubSpot, Inc. Common Stock",,,NYSE,2026-09-04,2026-09-15,active,
HUHU,HUHUTECH International Group Inc. - Ordinary Shares,,,Nasdaq,2026-09-04,2026-09-15,active,
HUM,Humana,Health Care,Managed Health Care,S&P 500,2026-09-04,2026-09-15,active,
HUN,Huntsman Corporation Common Stock,,,NYSE,2026-09-04,2026-09-15,active,
HURA,"TuHURA Biosciences, Inc. - Common Stock",,,Nasdaq,2026-09-04,2026-09-15,active,
HURC,"Hurco Companies, Inc. - Common Stock",,,Nasdaq,2026-09-04,2026-09-15,active,
HURN,Huron Consulting Group Inc. - Common Stock,,,Nasdaq,2026-09-04,2026-09-15,active,
HUT,Hut 8 Corp. - Common Stock,,,Nasdaq,2026-09-04,2026-09-15,active,
HVII,Hennessy Capital Investment Corp. VII - Ordinary Shares,,,Nasdaq,2026-09-04,2026-09-15,active,
HVMC,Highview Merger Corp. - Class A Ordinary Share,,,Nasdaq,2026-09-04,2026-09-15,active,
HVT,"Haverty Furniture Companies, Inc. Common Stock",,,NYSE,2026-09-04,2026-09-15,active,
HWBK,"Hawthorn Bancshares, Inc. - Common Stock",,,Nasdaq,2026-09-04,2026-09-15,active,
HWC,Hancock Whitney,Financials,Regional Banks,S&P 400,2026-09-04,2026-09-15,active,
HWH,HWH International Inc. - Common Stock,,,Nasdaq,2026-09-04,2026-09-15,active,
HWKN,"Hawkins, Inc.",Materials,Commodity Chemicals,S&P 600,2026-09-04,2026-09-15,active,
HWM,Howmet Aerospace,Industrials,Aerospace & Defense,S&P 500,2026-09-04,2026-09-15,active,
HXL,Hexcel,Industrials,Aerospace & Defense,S&P 400,2026-09-04,2026-09-15,active,
HY,"Hyster-Yale, Inc. Class A common stock",,,NYSE,2026-09-04,2026-09-15,active,
HYFT,MindWalk Holdings Corp. - Common Stock,,,Nasdaq,2026-09-04,2026-09-15,active,
HYI,Western Asset High Yield Opportunity Fund Inc. Common Stock,,,NYSE,2026-09-04,2026-09-15,active,
HYLN,Hyliion Holdings Corp. Class A Common Stock,,,NYSE American,2026-09-04,2026-09-15,active,
HYMC,Hycroft Mining Holding Corporation - Class A Common Stock,,,Nasdaq,2026-09-04,2026-09-15,active,
HYNE,"Hoyne Bancorp, Inc. - Common Stock",,,Nasdaq,2026-09-04,2026-09-15,active,
HYPD,"Hyperion DeFi, Inc. - Common Stock",,,Nasdaq,2026-09-04,2026-09-15,active,
HYPR,"Hyperfine, Inc.  - Class A Common Stock",,,Nasdaq,2026-09-04,2026-09-15,active,
HYT,"Blackrock Corporate High Yield Fund, Inc. Common Stock",,,NYSE,2026-09-04,2026-09-15,active,
HZO,"MarineMax, Inc.",Consumer Discretionary,Specialty Stores,S&P 600,2026-09-04,2026-09-15,active,
IA,"Innovative Solutions and Support, Inc. - Common Stock",,,Nasdaq,2026-09-04,2026-09-15,active,
IACO,Idea Acquisition Corp. - Class A Ordinary Shares,,,Nasdaq,2026-09-04,2026-09-15,active,
IACQ,Irenic Acquisition Corp. - Class A Ordinary Shares,,,Nasdaq,2026-09-04,2026-09-15,active,
IAF,"abrdn Australia Equity Fund, Inc. Common Stock",,,NYSE American,2026-09-04,2026-09-15,active,
IAG,Iamgold Corporation Ordinary Shares,,,NYSE,2026-09-04,2026-09-15,active,
IART,Integra Lifesciences Holdings,Health Care,Health Care Equipment,S&P 600,2026-09-04,2026-09-15,active,
IAUX,i-80 Gold Corp. Common Shares,,,NYSE American,2026-09-04,2026-09-15,active,
IBAC,IB Acquisition Corp. - Common Stock,,,Nasdaq,2026-09-04,2026-09-15,active,
IBCP,Independent Bank Corporation - Common Stock,,,Nasdaq,2026-09-04,2026-09-15,active,
IBEX,IBEX Limited - Common Share,,,Nasdaq,2026-09-04,2026-09-15,active,
IBIO,"iBio, Inc. - Common Stock",,,Nasdaq,2026-09-04,2026-09-15,active,
IBKR,Interactive Brokers,Financials,Investment Banking & Brokerage,S&P 500,2026-09-04,2026-09-15,active,
IBM,IBM,Information Technology,IT Consulting & Other Services,S&P 500,2026-09-04,2026-09-15,active,
IBN,ICICI Bank Limited Common Stock,,,NYSE,2026-09-04,2026-09-15,active,
IBO,"Impact BioMedical, Inc. Common Stock",,,NYSE American,2026-09-04,2026-09-15,active,
IBOC,Intl Bancshares Corp,Financials,Regional Banks,S&P 400,2026-09-04,2026-09-15,active,
IBP,"Installed Building Products, Inc.",Consumer Discretionary,Homebuilding,S&P 600,2026-09-04,2026-09-15,active,
IBRX,"ImmunityBio, Inc. - Common Stock",,,Nasdaq,2026-09-04,2026-09-15,active,
IBTA,"Ibotta, Inc. Class A Common Stock",,,NYSE,2026-09-04,2026-09-15,active,
ICCC,ImmuCell Corporation - Common Stock,,,Nasdaq,2026-09-04,2026-09-15,active,
ICCM,IceCure Medical Ltd. - Ordinary Shares,,,Nasdaq,2026-09-04,2026-09-15,active,
ICE,Intercontinental Exchange,Financials,Financial Exchanges & Data,S&P 500,2026-09-04,2026-09-15,active,
ICFI,"ICF International, Inc. - Common Stock",,,Nasdaq,2026-09-04,2026-09-15,active,
ICHR,"Ichor Holdings, Ltd.",Information Technology,Semiconductor Materials & Equipment,S&P 600,2026-09-04,2026-09-15,active,
ICL,ICL Group Ltd. Ordinary Shares,,,NYSE,2026-09-04,2026-09-15,active,
ICLR,ICON plc - Ordinary Shares,,,Nasdaq,2026-09-04,2026-09-15,active,
ICON,Icon Energy Corp. - Common stock,,,Nasdaq,2026-09-04,2026-09-15,active,
ICU,SeaStar Medical Holding Corporation - Common Stock,,,Nasdaq,2026-09-04,2026-09-15,active,
ICUI,ICU Medical,Health Care,Health Care Supplies,S&P 600,2026-09-04,2026-09-15,active,
IDA,Idacorp,Utilities,Electric Utilities,S&P 400,2026-09-04,2026-09-15,active,
IDAC,Iron Dome Acquisition I Corp. - Class A Ordinary Shares,,,Nasdaq,2026-09-04,2026-09-15,active,
IDAI,T Stamp Inc. - Class A Common Stock,,,Nasdaq,2026-09-04,2026-09-15,active,
IDCC,InterDigital,Information Technology,Communications Equipment,S&P 400,2026-09-04,2026-09-15,active,
IDN,"Intellicheck, Inc. - Common Stock",,,Nasdaq,2026-09-04,2026-09-15,active,
IDR,"Idaho Strategic Resources, Inc. Common Stock",,,NYSE American,2026-09-04,2026-09-15,active,
IDT,IDT Corporation Class B Common Stock,,,NYSE,2026-09-04,2026-09-15,active,
IDXX,Idexx Laboratories,Health Care,Health Care Equipment,S&P 500,2026-09-04,2026-09-15,active,
IDYA,"IDEAYA Biosciences, Inc. - Common Stock",,,Nasdaq,2026-09-04,2026-09-15,active,
IE,Ivanhoe Electric Inc. Common Stock,,,NYSE American,2026-09-04,2026-09-15,active,
IEAG,Infinite Eagle Acquisition Corp. - Class A Ordinary Shares,,,Nasdaq,2026-09-04,2026-09-15,active,
IESC,IES Holdings,Industrials,Construction & Engineering,S&P 400,2026-09-04,2026-09-15,active,
IEX,IDEX Corporation,Industrials,Industrial Machinery & Supplies & Components,S&P 500,2026-09-04,2026-09-15,active,
IFBD,"Infobird Co., Ltd - Ordinary Shares",,,Nasdaq,2026-09-04,2026-09-15,active,
IFF,International Flavors & Fragrances,Materials,Specialty Chemicals,S&P 500,2026-09-04,2026-09-15,active,
IFN,"Aberdeen India Fund, Inc. Common Stock",,,NYSE,2026-09-04,2026-09-15,active,
IFRX,InflaRx N.V. - Common Stock,,,Nasdaq,2026-09-04,2026-09-15,active,
IFS,Intercorp Financial Services Inc. Common Shares,,,NYSE,2026-09-04,2026-09-15,active,
IGAC,Invest Green Acquisition Corporation - Class A Ordinary Shares,,,Nasdaq,2026-09-04,2026-09-15,active,
IGC,"IGC Pharma, Inc. Common Stock",,,NYSE American,2026-09-04,2026-09-15,active,
IGD,Voya Global Equity Dividend and Premium Opportunity Fund,,,NYSE,2026-09-04,2026-09-15,active,
IGI,Western Asset Investment Grade Opportunity Trust Inc. Common Stock,,,NYSE,2026-09-04,2026-09-15,active,
IGIC,International General Insurance Holdings Ltd. - Ordinary Shares,,,Nasdaq,2026-09-04,2026-09-15,active,
IHD,Voya Emerging Markets High Income Dividend Equity Fund Common Shares,,,NYSE,2026-09-04,2026-09-15,active,
IHRT,"iHeartMedia, Inc. - Class A Common Stock",,,Nasdaq,2026-09-04,2026-09-15,active,
IHS,IHS Holding Limited Ordinary Shares,,,NYSE,2026-09-04,2026-09-15,active,
IIF,"Morgan Stanley India Investment Fund, Inc. Common Stock",,,NYSE,2026-09-04,2026-09-15,active,
III,"Information Services Group, Inc. - Common Stock",,,Nasdaq,2026-09-04,2026-09-15,active,
IIIN,"Insteel Industries, Inc. Common Stock",,,NYSE,2026-09-04,2026-09-15,active,
IIIV,"i3 Verticals, Inc. - Common Stock",,,Nasdaq,2026-09-04,2026-09-15,active,
IIM,Invesco Value Municipal Income Trust Common Stock,,,NYSE,2026-09-04,2026-09-15,active,
IIPR,"Innovative Industrial Properties, Inc.",Real Estate,Industrial REITs,S&P 600,2026-09-04,2026-09-15,active,
IKT,"Inhibikase Therapeutics, Inc. - Common Stock",,,Nasdaq,2026-09-04,2026-09-15,active,
ILAG,Intelligent Living Application Group Inc. - Ordinary Shares,,,Nasdaq,2026-09-04,2026-09-15,active,
ILLU,Illumination Acquisition Corp I - Class A Ordinary Shares,,,Nasdaq,2026-09-04,2026-09-15,active,
ILMN,"Illumina, Inc.",Health Care,Life Sciences Tools & Services,S&P 400,2026-09-04,2026-09-15,active,
IMA,"ImageneBio, Inc. - Common Stock",,,Nasdaq,2026-09-04,2026-09-15,active,
IMAX,Imax Corporation Common Stock,,,NYSE,2026-09-04,2026-09-15,active,
IMC,IMC Rare Earths Ltd Ordinary Shares,,,NYSE American,2026-09-04,2026-09-15,active,
IMDX,Insight Molecular Diagnostics Inc. - Common Stock,,,Nasdaq,2026-09-04,2026-09-15,active,
IMKTA,"Ingles Markets, Incorporated - Class A Common Stock",,,Nasdaq,2026-09-04,2026-09-15,active,
IMMR,Immersion Corporation - Common Stock,,,Nasdaq,2026-09-04,2026-09-15,active,
IMMX,"Immix Biopharma, Inc. - Common Stock",,,Nasdaq,2026-09-04,2026-09-15,active,
IMNM,"Immunome, Inc. - Common Stock",,,Nasdaq,2026-09-04,2026-09-15,active,
IMNN,"Imunon, Inc. - Common Stock",,,Nasdaq,2026-09-04,2026-09-15,active,
IMO,Imperial Oil Limited Common Stock,,,NYSE American,2026-09-04,2026-09-15,active,
IMPP,Imperial Petroleum Inc. - Common Shares,,,Nasdaq,2026-09-04,2026-09-15,active,
IMRX,Immuneering Corporation - Class A Common Stock,,,Nasdaq,2026-09-04,2026-09-15,active,
IMSR,Terrestrial Energy Inc. - Common Stock,,,Nasdaq,2026-09-04,2026-09-15,active,
IMTX,Immatics N.V. - Ordinary Shares,,,Nasdaq,2026-09-04,2026-09-15,active,
IMUX,"Immunic, Inc.  - Common Stock",,,Nasdaq,2026-09-04,2026-09-15,active,
IMVT,"Immunovant, Inc.  - Common Stock",,,Nasdaq,2026-09-04,2026-09-15,active,
IMXI,"International Money Express, Inc. - Common Stock",,,Nasdaq,2026-09-04,2026-09-15,active,
INAB,"IN8bio, Inc. - Common Stock",,,Nasdaq,2026-09-04,2026-09-15,active,
INAC,Indigo Acquisition Corp. - Ordinary Shares,,,Nasdaq,2026-09-04,2026-09-15,active,
INBK,First Internet Bancorp - Common Stock,,,Nasdaq,2026-09-04,2026-09-15,active,
INBS,Intelligent Bio Solutions Inc.  - Common Stock,,,Nasdaq,2026-09-04,2026-09-15,active,
INBX,"Inhibrx Biosciences, Inc. - Common Stock",,,Nasdaq,2026-09-04,2026-09-15,active,
INCR,Intercure Ltd. - ordinary shares,,,Nasdaq,2026-09-09,2026-09-15,active,
INCY,Incyte,Health Care,Biotechnology,S&P 500,2026-09-04,2026-09-15,active,
INDB,Independent Bank Corp.,Financials,Regional Banks,S&P 600,2026-09-04,2026-09-15,active,
INDI,"indie Semiconductor, Inc. - Class A Common Stock",,,Nasdaq,2026-09-04,2026-09-15,active,
INDO,Indonesia Energy Corporation Limited Ordinary Shares,,,NYSE American,2026-09-04,2026-09-15,active,
INDP,"Indaptus Therapeutics, Inc. - Common Stock",,,Nasdaq,2026-09-04,2026-09-15,active,
INDV,Indivior,Health Care,Pharmaceuticals,S&P 600,2026-09-04,2026-09-15,active,
INFQ,"Infleqtion, Inc. Common Stock",,,NYSE,2026-09-04,2026-09-15,active,
INFU,"InfuSystems Holdings, Inc. Common Stock",,,NYSE American,2026-09-04,2026-09-15,active,
ING,"ING Group, N.V. Common Stock",,,NYSE,2026-09-04,2026-09-15,active,
INGM,Ingram Micro Holding Corporation Common Stock,,,NYSE,2026-09-04,2026-09-15,active,
INGN,"Inogen, Inc - Common Stock",,,Nasdaq,2026-09-04,2026-09-15,active,
INGR,Ingredion,Consumer Staples,Agricultural Products & Services,S&P 400,2026-09-04,2026-09-15,active,
INHD,Inno Holdings Inc. - Common Stock,,,Nasdaq,2026-09-04,2026-09-15,active,
INIO,INNIO N.V. - Ordinary Shares,,,Nasdaq,2026-09-04,2026-09-15,active,
INKT,"MiNK Therapeutics, Inc. - Common Stock",,,Nasdaq,2026-09-04,2026-09-15,active,
INLF,INLIF LIMITED - Class A Ordinary shares,,,Nasdaq,2026-09-04,2026-09-15,active,
INLX,"Intellinetics, Inc. Common Stock",,,NYSE American,2026-09-04,2026-09-15,active,
INM,InMed Pharmaceuticals Inc. - Common Shares,,,Nasdaq,2026-09-04,2026-09-15,active,
INMB,INmune Bio Inc. - Common stock,,,Nasdaq,2026-09-04,2026-09-15,active,
INMD,InMode Ltd.  - Ordinary Shares,,,Nasdaq,2026-09-04,2026-09-15,active,
INN,"Summit Hotel Properties, Inc. Common Stock",,,NYSE,2026-09-04,2026-09-15,active,
INNV,InnovAge Holding Corp. - Common Stock,,,Nasdaq,2026-09-04,2026-09-15,active,
INO,"Inovio Pharmaceuticals, Inc. - Common Stock",,,Nasdaq,2026-09-04,2026-09-15,active,
INOD,Innodata Inc. - Common Stock,,,Nasdaq,2026-09-04,2026-09-15,active,
INR,"Infinity Natural Resources, Inc. Class A Common Stock",,,NYSE,2026-09-04,2026-09-15,active,
INSE,"Inspired Entertainment, Inc. - Common Stock",,,Nasdaq,2026-09-04,2026-09-15,active,
INSG,Inseego Corp. - Common Stock,,,Nasdaq,2026-09-04,2026-09-15,active,
INSM,Insmed Incorporated - Common Stock,,,Nasdaq,2026-09-04,2026-09-15,active,
INSP,"Inspire Medical Systems, Inc.",Health Care,Health Care Equipment,S&P 600,2026-09-04,2026-09-15,active,
INSW,"International Seaways, Inc.",Energy,Oil & Gas Storage & Transportation,S&P 600,2026-09-04,2026-09-15,active,
INTA,"Intapp, Inc. - Common Stock",,,Nasdaq,2026-09-04,2026-09-15,active,
INTC,Intel,Information Technology,Semiconductors,S&P 500,2026-09-04,2026-09-15,active,
INTG,The Intergroup Corporation - Common Stock,,,Nasdaq,2026-09-04,2026-09-15,active,
INTJ,Intelligent Group Limited - Class A Ordinary Shares,,,Nasdaq,2026-09-04,2026-09-15,active,
INTR,Inter & Co. Inc. - Class A Common Shares,,,Nasdaq,2026-09-04,2026-09-15,active,
INTS,"Intensity Therapeutics, Inc. - Common Stock",,,Nasdaq,2026-09-04,2026-09-15,active,
INTT,inTest Corporation Common Stock,,,NYSE American,2026-09-04,2026-09-15,active,
INTU,Intuit,Information Technology,Application Software,S&P 500,2026-09-04,2026-09-15,active,
INUV,"Inuvo, Inc.",,,NYSE American,2026-09-04,2026-09-15,active,
INV,"Innventure, Inc. - Common Stock",,,Nasdaq,2026-09-04,2026-09-15,active,
INVA,"Innoviva, Inc.",Health Care,Pharmaceuticals,S&P 600,2026-09-04,2026-09-15,active,
INVE,"Identiv, Inc. - Common Stock",,,Nasdaq,2026-09-04,2026-09-15,active,
INVH,Invitation Homes,Real Estate,Single-Family Residential REITs,S&P 500,2026-09-04,2026-09-15,active,
INVX,"Innovex International, Inc.",Energy,Oil & Gas Equipment & Services,S&P 600,2026-09-04,2026-09-15,active,
IOND,Ionic Digital Inc. - Class A Common Stock,,,Nasdaq,2026-09-04,2026-09-15,active,
IONQ,"IonQ, Inc. Common Stock",,,NYSE,2026-09-04,2026-09-15,active,
IONS,"Ionis Pharmaceuticals, Inc. - Common Stock",,,Nasdaq,2026-09-04,2026-09-15,active,
IOR,"Income Opportunity Realty Investors, Inc. Common Stock",,,NYSE American,2026-09-04,2026-09-15,active,
IOSP,"Innospec, Inc.",Materials,Specialty Chemicals,S&P 600,2026-09-04,2026-09-15,active,
IOT,Samsara Inc. Class A Common Stock,,,NYSE,2026-09-04,2026-09-15,active,
IOTR,iOThree Limited - Ordinary Shares,,,Nasdaq,2026-09-04,2026-09-15,active,
IOVA,"Iovance Biotherapeutics, Inc. - Common Stock",,,Nasdaq,2026-09-04,2026-09-15,active,
IP,International Paper,Materials,Paper & Plastic Packaging Products & Materials,S&P 500,2026-09-04,2026-09-15,active,
IPAR,"Inter Parfums, Inc.",Consumer Staples,Household Products,S&P 600,2026-09-04,2026-09-15,active,
IPEX,Inflection Point Acquisition Corp. - Class A Ordinary Shares,,,Nasdaq,2026-09-04,2026-09-15,active,
IPFX,Inflection Point Acquisition Corp. VI - Class A Ordinary Shares,,,Nasdaq,2026-09-04,2026-09-15,active,
IPGP,IPG Photonics,Information Technology,Electronic Manufacturing Services,S&P 400,2026-09-04,2026-09-15,active,
IPI,"Intrepid Potash, Inc Common Stock",,,NYSE,2026-09-04,2026-09-15,active,
IPM,Intelligent Protection Management Corp.  - Common Stock,,,Nasdaq,2026-09-04,2026-09-15,active,
IPSC,"Century Therapeutics, Inc. - Common Stock",,,Nasdaq,2026-09-04,2026-09-15,active,
IPVV,"InterPrivate Investment Partners V, Inc. - Class A Ordinary Shares",,,Nasdaq,2026-09-04,2026-09-15,active,
IPW,iPower Inc. - Common Stock,,,Nasdaq,2026-09-04,2026-09-15,active,
IPWR,Ideal Power Inc. - Common Stock,,,Nasdaq,2026-09-04,2026-09-15,active,
IPXG,Inection Point Acquisition Corp. VII  - Class A Ordinary Shares,,,Nasdaq,2026-09-04,2026-09-15,active,
IQI,Invesco Quality Municipal Income Trust Common Stock,,,NYSE,2026-09-04,2026-09-15,active,
IQST,iQSTEL Inc. - Common Stock,,,Nasdaq,2026-09-04,2026-09-15,active,
IQV,IQVIA,Health Care,Life Sciences Tools & Services,S&P 500,2026-09-04,2026-09-15,active,
IR,Ingersoll Rand,Industrials,Industrial Machinery & Supplies & Components,S&P 500,2026-09-04,2026-09-15,active,
IRAB,Iris Acquisition Corp II Class A Ordinary Shares,,,NYSE,2026-09-04,2026-09-15,active,
IRD,"Opus Genetics, Inc. - Common Stock",,,Nasdaq,2026-09-04,2026-09-15,active,
IRDM,Iridium Communications,Communication Services,Alternative Carriers,S&P 600,2026-09-04,2026-09-15,active,
IREN,IREN Limited - Ordinary Shares,,,Nasdaq,2026-09-04,2026-09-15,active,
IRHO,Iron Horse Acquisitions II Corp. - Common Stock,,,Nasdaq,2026-09-04,2026-09-15,active,
IRM,Iron Mountain,Real Estate,Other Specialized REITs,S&P 500,2026-09-04,2026-09-15,active,
IRMD,iRadimed Corporation - Common Stock,,,Nasdaq,2026-09-04,2026-09-15,active,
IRON,"Disc Medicine, Inc. - Common Stock",,,Nasdaq,2026-09-04,2026-09-15,active,
IRT,Independence Realty Trust,Real Estate,Multi-Family Residential REITs,S&P 400,2026-09-04,2026-09-15,active,
IRTC,"iRhythm Holdings, Inc.  - Common Stock",,,Nasdaq,2026-09-04,2026-09-15,active,
IRWD,"Ironwood Pharmaceuticals, Inc. - Class A Common Stock",,,Nasdaq,2026-09-04,2026-09-15,active,
ISBA,Isabella Bank Corporation - Common stock,,,Nasdaq,2026-09-04,2026-09-15,active,
ISD,"PGIM High Yield Bond Fund, Inc.",,,NYSE,2026-09-04,2026-09-15,active,
ISNR,Snow Rothschild Acquisition Corp. - Class A Ordinary Shares,,,Nasdaq,2026-09-04,2026-09-15,active,
ISOU,IsoEnergy Ltd. Common Shares,,,NYSE American,2026-09-04,2026-09-15,active,
ISPR,Ispire Technology Inc. - Common Stock,,,Nasdaq,2026-09-04,2026-09-15,active,
ISRG,Intuitive Surgical,Health Care,Health Care Equipment,S&P 500,2026-09-04,2026-09-15,active,
ISTR,Investar Holding Corporation - Common Stock,,,Nasdaq,2026-09-04,2026-09-15,active,
IT,Gartner,Information Technology,IT Consulting & Other Services,S&P 500,2026-09-04,2026-09-15,active,
ITG,"ITG, Inc. - Class A Common Stock",,,Nasdaq,2026-09-04,2026-09-15,active,
ITGR,Integer Holdings Corporation,Health Care,Health Care Equipment,S&P 600,2026-09-04,2026-09-15,active,
ITHA,ITHAX Acquisition Corp III - Class A Ordinary Shares,,,Nasdaq,2026-09-04,2026-09-15,active,
ITIC,Investors Title Company - Common Stock,,,Nasdaq,2026-09-04,2026-09-15,active,
ITP,"IT Tech Packaging, Inc. Common Stock",,,NYSE American,2026-09-04,2026-09-15,active,
ITRG,Integra Resources Corp. Common Shares,,,NYSE American,2026-09-04,2026-09-15,active,
ITRI,"Itron, Inc.",Information Technology,Electronic Equipment & Instruments,S&P 600,2026-09-04,2026-09-15,active,
ITRN,Ituran Location and Control Ltd. - Ordinary Shares,,,Nasdaq,2026-09-04,2026-09-15,active,
ITT,ITT Inc.,Industrials,Industrial Machinery & Supplies & Components,S&P 400,2026-09-04,2026-09-15,active,
ITW,Illinois Tool Works,Industrials,Industrial Machinery & Supplies & Components,S&P 500,2026-09-04,2026-09-15,active,
IVA,Inventiva S.A. - American Depository Shares,,,Nasdaq,2026-09-04,2026-09-15,active,
IVF,"INVO Fertility, Inc. - Common Stock",,,Nasdaq,2026-09-04,2026-09-15,active,
IVR,INVESCO MORTGAGE CAPITAL INC Common Stock,,,NYSE,2026-09-04,2026-09-15,active,
IVT,InvenTrust Properties,Real Estate,Retail REITs,S&P 600,2026-09-04,2026-09-15,active,
IVZ,Invesco,Financials,Asset Management & Custody Banks,S&P 500,2026-09-04,2026-09-15,active,
IXHL,Incannex Healthcare Inc. - Common Stock,,,Nasdaq,2026-09-04,2026-09-15,active,
IZEA,"IZEA Worldwide, Inc. - Common Stock",,,Nasdaq,2026-09-04,2026-09-15,active,
J,Jacobs Solutions,Industrials,Construction & Engineering,S&P 500,2026-09-04,2026-09-15,active,
JACK,Jack In The Box Inc. - Common Stock,,,Nasdaq,2026-09-04,2026-09-15,active,
JACS,Jackson Acquisition Company II Class A Ordinary Shares,,,NYSE,2026-09-04,2026-09-15,active,
JAGU,Jaguar Uranium Corp. Class A Common Shares,,,NYSE American,2026-09-04,2026-09-15,active,
JAGX,"Jaguar Health, Inc. - Common Stock",,,Nasdaq,2026-09-04,2026-09-15,active,
JAKK,"JAKKS Pacific, Inc. - Common Stock",,,Nasdaq,2026-09-04,2026-09-15,active,
JAN,"Janus Living, Inc. Class A-1 Common Stock",,,NYSE,2026-09-04,2026-09-15,active,
JANX,"Janux Therapeutics, Inc. - Common Stock",,,Nasdaq,2026-09-04,2026-09-15,active,
JATT,JATT II Acquisition Corp - Ordinary Shares,,,Nasdaq,2026-09-04,2026-09-15,active,
JAZZ,Jazz Pharmaceuticals,Health Care,Pharmaceuticals,S&P 400,2026-09-04,2026-09-15,active,
JBDI,JBDI Holdings Limited - Ordinary Shares,,,Nasdaq,2026-09-04,2026-09-15,active,
JBGS,JBG Smith,Real Estate,Office REITs,S&P 600,2026-09-04,2026-09-15,active,
JBHT,J.B. Hunt,Industrials,Cargo Ground Transportation,S&P 500,2026-09-04,2026-09-15,active,
JBI,"Janus International Group, Inc. Common Stock",,,NYSE,2026-09-04,2026-09-15,active,
JBIO,"Jade Biosciences, Inc. - Common Stock",,,Nasdaq,2026-09-04,2026-09-15,active,
JBK,Lehman ABS 3.50 3.50% Adjustable Corp Backed Tr Certs GS Cap I,,,NYSE,2026-09-04,2026-09-15,active,
JBL,Jabil,Information Technology,Electronic Manufacturing Services,S&P 500,2026-09-04,2026-09-15,active,
JBLU,JetBlue,Industrials,Passenger Airlines,S&P 600,2026-09-04,2026-09-15,active,
JBS,JBS N.V. Class A Common Shares,,,NYSE,2026-09-04,2026-09-15,active,
JBSS,"John B. Sanfilippo & Son, Inc.",Consumer Staples,Packaged Foods & Meats,S&P 600,2026-09-04,2026-09-15,active,
JBTM,JBT Marel Corporation,Industrials,Industrial Machinery & Supplies & Components,S&P 600,2026-09-04,2026-09-15,active,
JCAP,"Jefferson Capital, Inc. - Common Stock",,,Nasdaq,2026-09-04,2026-09-15,active,
JCI,Johnson Controls,Industrials,Building Products,S&P 500,2026-09-04,2026-09-15,active,
JCSE,JE Cleantech Holdings Limited - Ordinary Shares,,,Nasdaq,2026-09-04,2026-09-15,active,
JCTC,Jewett-Cameron Trading Company - Common Shares,,,Nasdaq,2026-09-04,2026-09-15,active,
JDZG,JIADE LIMITED - Class A Ordinary Shares,,,Nasdaq,2026-09-04,2026-09-15,active,
JEF,Jefferies,Financials,Multi-Sector Holdings,S&P 400,2026-09-04,2026-09-15,active,
JELD,"JELD-WEN Holding, Inc. Common Stock",,,NYSE,2026-09-04,2026-09-15,active,
JEM,707 Cayman Holdings Limited - Ordinary Shares,,,Nasdaq,2026-09-04,2026-09-15,active,
JENA,Jena Acquisition Corporation II Class A Ordinary Shares,,,NYSE,2026-09-04,2026-09-15,active,
JFR,Nuveen Floating Rate Income Fund Common Stock,,,NYSE,2026-09-04,2026-09-15,active,
JHI,John Hancock Investors Trust Common Stock,,,NYSE,2026-09-04,2026-09-15,active,
JHS,John Hancock Income Securities Trust Common Stock,,,NYSE,2026-09-04,2026-09-15,active,
JHX,James Hardie Industries plc. Ordinary Shares,,,NYSE,2026-09-04,2026-09-15,active,
JILL,"J. Jill, Inc. Common Stock",,,NYSE,2026-09-04,2026-09-15,active,
JJSF,J&J Snack Foods Corp.,Consumer Staples,Packaged Foods & Meats,S&P 600,2026-09-04,2026-09-15,active,
JKHY,Jack Henry & Associates,Financials,Transaction & Payment Processing Services,S&P 500,2026-09-04,2026-09-15,active,
JL,J-Long Group Limited - Class A Ordinary Shares,,,Nasdaq,2026-09-04,2026-09-15,active,
JLHL,Julong Holding Limited - Class A Ordinary Shares,,,Nasdaq,2026-09-04,2026-09-15,active,
JLL,Jones Lang LaSalle,Real Estate,Real Estate Services,S&P 400,2026-09-04,2026-09-15,active,
JLS,Nuveen Mortgage and Income Fund,,,NYSE,2026-09-04,2026-09-15,active,
JMKE,Jersey Mike's Subs Inc. Class A Common Stock,,,NYSE,2026-09-04,2026-09-15,active,
JMM,Nuveen Multi-Market Income Fund (MA),,,NYSE,2026-09-04,2026-09-15,active,
JMSB,"John Marshall Bancorp, Inc. - Common Stock",,,Nasdaq,2026-09-04,2026-09-15,active,
JNJ,Johnson & Johnson,Health Care,Pharmaceuticals,S&P 500,2026-09-04,2026-09-15,active,
JOB,GEE Group Inc. Common Stock,,,NYSE American,2026-09-04,2026-09-15,active,
JOBY,"Joby Aviation, Inc. Common Stock",,,NYSE,2026-09-04,2026-09-15,active,
JOE,St. Joe Company,Real Estate,Real Estate Development,S&P 600,2026-09-04,2026-09-15,active,
JOF,Japan Smaller Capitalization Fund Inc Common Stock,,,NYSE,2026-09-04,2026-09-15,active,
JONE,Jones Ventures INTL Acquisition1 Corp - Class A Ordinary Shares,,,Nasdaq,2026-09-04,2026-09-15,active,
JOUT,Johnson Outdoors Inc. - Class A Common Stock,,,Nasdaq,2026-09-04,2026-09-15,active,
JPM,JPMorgan Chase,Financials,Diversified Banks,S&P 500,2026-09-04,2026-09-15,active,
JRSH,"Jerash Holdings (US), Inc. - Common Stock",,,Nasdaq,2026-09-04,2026-09-15,active,
JRVR,"James River Group Holdings, Inc. - Common Stock",,,Nasdaq,2026-09-04,2026-09-15,active,
JSM,"Navient Corporation - 6% Senior Notes due December 15, 2043",,,Nasdaq,2026-09-04,2026-09-15,active,
JTAI,Jet.AI Inc. - Common Stock,,,Nasdaq,2026-09-04,2026-09-15,active,
JTTT,JATT III Acquisition Corp - Ordinary Shares,,,Nasdaq,2026-09-04,2026-09-15,active,
JVA,"Coffee Holding Co., Inc. - Common Stock",,,Nasdaq,2026-09-04,2026-09-15,active,
JWEL,Jowell Global Ltd. - Ordinary Shares,,,Nasdaq,2026-09-04,2026-09-15,active,
JXG,JX Luxventure Group Inc. - Common Stock,,,Nasdaq,2026-09-04,2026-09-15,active,
JXN,"Jackson Financial, Inc.",Financials,Life & Health Insurance,S&P 600,2026-09-04,2026-09-15,active,
JYD,Jayud Global Logistics Limited - Class A Ordinary Shares,,,Nasdaq,2026-09-04,2026-09-15,active,
JYNT,The Joint Corp. - Common Stock,,,Nasdaq,2026-09-04,2026-09-15,active,
JZXN,"Jiuzi Holdings, Inc. - Ordinary Shares",,,Nasdaq,2026-09-04,2026-09-15,active,
KAI,Kadant Inc.,Industrials,Industrial Machinery & Supplies & Components,S&P 600,2026-09-04,2026-09-15,active,
KALU,Kaiser Aluminum Corporation,Materials,Aluminum,S&P 600,2026-09-04,2026-09-15,active,
KAPA,"Kairos Pharma, Ltd. Common Stock",,,NYSE American,2026-09-04,2026-09-15,active,
KARD,"Kardigan, Inc. - Common Stock",,,Nasdaq,2026-09-04,2026-09-15,active,
KARO,Karooooo Ltd. - Ordinary shares,,,Nasdaq,2026-09-04,2026-09-15,active,
KAZR,Skyline Builders Group Holding Limited - Class A Ordinary Shares,,,Nasdaq,2026-09-04,2026-09-15,active,
KB,KB Financial Group Inc,,,NYSE,2026-09-04,2026-09-15,active,
KBDC,"Kayne Anderson BDC, Inc. Common Stock",,,NYSE,2026-09-04,2026-09-15,active,
KBH,KB Home,Consumer Discretionary,Homebuilding,S&P 400,2026-09-04,2026-09-15,active,
KBON,Karbon Capital Partners Corp. - Class A Ordinary Shares,,,Nasdaq,2026-09-04,2026-09-15,active,
KBR,"KBR, Inc.",Industrials,Diversified Support Services,S&P 400,2026-09-04,2026-09-15,active,
KBSX,FST Corp. - Ordinary Shares,,,Nasdaq,2026-09-04,2026-09-15,active,
KCHV,Kochav Defense Acquisition Corp. - Class A Ordinary Shares,,,Nasdaq,2026-09-04,2026-09-15,active,
KD,Kyndryl,Information Technology,IT Consulting & Other Services,S&P 400,2026-09-04,2026-09-15,active,
KDK,"Kodiak AI, Inc. - Common Stock",,,Nasdaq,2026-09-04,2026-09-15,active,
KDP,Keurig Dr Pepper,Consumer Staples,Soft Drinks & Non-alcoholic Beverages,S&P 500,2026-09-04,2026-09-15,active,
KE,"Kimball Electronics, Inc. - Common Stock",,,Nasdaq,2026-09-04,2026-09-15,active,
KEEL,Keel Infrastructure Corp. - Common Stock,,,Nasdaq,2026-09-04,2026-09-15,active,
KELYA,"Kelly Services, Inc. - Class A Common Stock",,,Nasdaq,2026-09-04,2026-09-15,active,
KELYB,"Kelly Services, Inc. - Class B Common Stock",,,Nasdaq,2026-09-04,2026-09-15,active,
KEN,Kenon Holdings Ltd. Ordinary Shares,,,NYSE,2026-09-04,2026-09-15,active,
KEP,Korea Electric Power Corporation Common Stock,,,NYSE,2026-09-04,2026-09-15,active,
KEQU,Kewaunee Scientific Corporation - Common Stock,,,Nasdaq,2026-09-04,2026-09-15,active,
KEX,Kirby Corporation,Industrials,Marine Transportation,S&P 400,2026-09-04,2026-09-15,active,
KEY,KeyCorp,Financials,Regional Banks,S&P 500,2026-09-04,2026-09-15,active,
KEYS,Keysight Technologies,Information Technology,Electronic Equipment & Instruments,S&P 500,2026-09-04,2026-09-15,active,
KEYY,Keystone Acquisition Corp. - Class A Ordinary Shares,,,Nasdaq,2026-09-04,2026-09-15,active,
KF,"Korea Fund, Inc. (The) New Common Stock",,,NYSE,2026-09-04,2026-09-15,active,
KFFB,Kentucky First Federal Bancorp - Common Stock,,,Nasdaq,2026-09-04,2026-09-15,active,
KFRC,"Kforce, Inc. Common Stock",,,NYSE,2026-09-04,2026-09-15,active,
KFY,Korn/Ferry International,Industrials,Human Resource & Employment Services,S&P 600,2026-09-04,2026-09-15,active,
KG,"Kestrel Group, Ltd. - Common Stock",,,Nasdaq,2026-09-04,2026-09-15,active,
KGC,Kinross Gold Corporation Common Stock,,,NYSE,2026-09-04,2026-09-15,active,
KGEI,Kolibri Global Energy Inc. - Common stock,,,Nasdaq,2026-09-04,2026-09-15,active,
KGS,"Kodiak Gas Services, Inc.",Energy,Oil & Gas Equipment & Services,S&P 600,2026-09-04,2026-09-15,active,
KHC,Kraft Heinz,Consumer Staples,Packaged Foods & Meats,S&P 500,2026-09-04,2026-09-15,active,
KIDS,OrthoPediatrics Corp. - Common Stock,,,Nasdaq,2026-09-04,2026-09-15,active,
KIDZ,KIDZ AI Inc. - Class B Common Stock,,,Nasdaq,2026-09-04,2026-09-15,active,
KIM,Kimco Realty,Real Estate,Retail REITs,S&P 500,2026-09-04,2026-09-15,active,
KINS,"Kingstone Companies, Inc - Common Stock",,,Nasdaq,2026-09-04,2026-09-15,active,
KIO,KKR Income Opportunities Fund Common Shares,,,NYSE,2026-09-04,2026-09-15,active,
KKR,KKR & Co.,Financials,Asset Management & Custody Banks,S&P 500,2026-09-04,2026-09-15,active,
KKRS,KKR Group Finance Co. IX LLC 4.625% Subordinated Notes due 2061,,,NYSE,2026-09-04,2026-09-15,active,
KKRT,KKR & Co. Inc. 6.875% Subordinated Notes due 2065,,,NYSE,2026-09-04,2026-09-15,active,
KLAC,KLA Corporation,Information Technology,Semiconductor Materials & Equipment,S&P 500,2026-09-04,2026-09-15,active,
KLAR,Klarna Group plc Ordinary Shares,,,NYSE,2026-09-04,2026-09-15,active,
KLC,"KinderCare Learning Companies, Inc. Common Stock",,,NYSE,2026-09-04,2026-09-15,active,
KLIC,"Kulicke and Soffa Industries, Inc.",Information Technology,Semiconductor Materials & Equipment,S&P 600,2026-09-04,2026-09-15,active,
KLRA,"Kailera Therapeutics, Inc. - Common stock",,,Nasdaq,2026-09-04,2026-09-15,active,
KLRS,"Kalaris Therapeutics, Inc.  - Common Stock",,,Nasdaq,2026-09-04,2026-09-15,active,
KLTR,"Kaltura, Inc. - Common Stock",,,Nasdaq,2026-09-04,2026-09-15,active,
KLXE,"KLX Energy Services Holdings, Inc.  - Common Stock",,,Nasdaq,2026-09-04,2026-09-15,active,
KMB,Kimberly-Clark,Consumer Staples,Household Products,S&P 500,2026-09-04,2026-09-15,active,
KMDA,Kamada Ltd. - Ordinary Shares,,,Nasdaq,2026-09-04,2026-09-15,active,
KMI,Kinder Morgan,Energy,Oil & Gas Storage & Transportation,S&P 500,2026-09-04,2026-09-15,active,
KMPB,Kemper Corporation 5.875% Fixed-Rate Reset Junior Subordinated Debentures due 2062,,,NYSE,2026-09-04,2026-09-15,active,
KMPR,Kemper Corporation,Financials,Multi-line Insurance,S&P 600,2026-09-04,2026-09-15,active,
KMRK,K-Tech Solutions Company Limited - Class A Ordinary Shares,,,Nasdaq,2026-09-04,2026-09-15,active,
KMT,Kennametal,Industrials,Industrial Machinery & Supplies & Components,S&P 600,2026-09-04,2026-09-15,active,
KMTS,"Kestra Medical Technologies, Ltd. - Common Stock",,,Nasdaq,2026-09-04,2026-09-15,active,
KMX,"CarMax, Inc.",Consumer Discretionary,Automotive Retail,S&P 600,2026-09-04,2026-09-15,active,
KN,Knowles Corporation,Information Technology,Electronic Components,S&P 600,2026-09-04,2026-09-15,active,
KNF,Knife River Corporation,Materials,Construction Materials,S&P 400,2026-09-04,2026-09-15,active,
KNOP,KNOT Offshore Partners LP Common Units representing Limited Partner Interests,,,NYSE,2026-09-04,2026-09-15,active,
KNRX,KNOREX LTD. Class A Ordinary Shares,,,NYSE American,2026-09-04,2026-09-15,active,
KNSA,"Kiniksa Pharmaceuticals International, plc - Class A Ordinary Shares",,,Nasdaq,2026-09-04,2026-09-15,active,
KNSL,Kinsale Capital Group,Financials,Property & Casualty Insurance,S&P 400,2026-09-04,2026-09-15,active,
KNTK,"Kinetik Holdings, Inc.",Energy,Oil & Gas Storage & Transportation,S&P 600,2026-09-04,2026-09-15,active,
KNX,Knight-Swift,Industrials,Cargo Ground Transportation,S&P 400,2026-09-04,2026-09-15,active,
KO,Coca-Cola Company (The),Consumer Staples,Soft Drinks & Non-alcoholic Beverages,S&P 500,2026-09-04,2026-09-15,active,
KOD,Kodiak Sciences Inc - Common Stock,,,Nasdaq,2026-09-04,2026-09-15,active,
KODK,Eastman Kodak Company Common New,,,NYSE,2026-09-04,2026-09-15,active,
KOP,"Koppers Holdings, Inc.",Materials,Commodity Chemicals,S&P 600,2026-09-04,2026-09-15,active,
KOPN,Kopin Corporation - Common Stock,,,Nasdaq,2026-09-04,2026-09-15,active,
KOS,Kosmos Energy Ltd. Common Shares (DE),,,NYSE,2026-09-04,2026-09-15,active,
KOSS,Koss Corporation - Common Stock,,,Nasdaq,2026-09-04,2026-09-15,active,
KOYN,CSLM Digital Asset Acquisition Corp III - Class A Ordinary Shares,,,Nasdaq,2026-09-04,2026-09-15,active,
KPET,KPET Ultra Paceline Corporation Class A Ordinary Shares,,,NYSE,2026-09-04,2026-09-15,active,
KPLT,"Katapult Holdings, Inc. - Common Stock",,,Nasdaq,2026-09-04,2026-09-15,active,
KPRX,"Kiora Pharmaceuticals, Inc.  - Common Stock",,,Nasdaq,2026-09-04,2026-09-15,active,
KPTI,Karyopharm Therapeutics Inc. - Common Stock,,,Nasdaq,2026-09-04,2026-09-15,active,
KR,Kroger,Consumer Staples,Food Retail,S&P 500,2026-09-04,2026-09-15,active,
KRAQ,KRAKacquisition Corp - Class A Ordinary Shares,,,Nasdaq,2026-09-04,2026-09-15,active,
KRC,Kilroy Realty Corp,Real Estate,Office REITs,S&P 400,2026-09-04,2026-09-15,active,
KREF,KKR Real Estate Finance Trust Inc. Common Stock,,,NYSE,2026-09-04,2026-09-15,active,
KRG,Kite Realty Group Trust,Real Estate,Retail REITs,S&P 400,2026-09-04,2026-09-15,active,
KRMD,"KORU Medical Systems, Inc. - Common Stock",,,Nasdaq,2026-09-04,2026-09-15,active,
KRMN,Karman Holdings,Industrials,Aerospace & Defense,S&P 600,2026-09-04,2026-09-15,active,
KRNT,Kornit Digital Ltd. - Ordinary Shares,,,Nasdaq,2026-09-04,2026-09-15,active,
KRNY,Kearny Financial - Common Stock,,,Nasdaq,2026-09-04,2026-09-15,active,
KRO,Kronos Worldwide Inc Common Stock,,,NYSE,2026-09-04,2026-09-15,active,
KROS,"Keros Therapeutics, Inc. - common stock",,,Nasdaq,2026-09-04,2026-09-15,active,
KRP,Kimbell Royalty Partners Common Units Representing Limited Partner Interests,,,NYSE,2026-09-04,2026-09-15,active,
KRRO,"Korro Bio, Inc. - Common Stock",,,Nasdaq,2026-09-04,2026-09-15,active,
KRSA,"Korsana Biosciences, Inc. - Common Stock",,,Nasdaq,2026-09-09,2026-09-15,active,
KRSP,Rice Acquisition Corporation 3 Class A Ordinary Shares,,,NYSE,2026-09-04,2026-09-15,active,
KRT,Karat Packaging Inc. - Common Stock,,,Nasdaq,2026-09-04,2026-09-15,active,
KRUS,"Kura Sushi USA, Inc. - Class A Common Stock",,,Nasdaq,2026-09-04,2026-09-15,active,
KRYS,Krystal Biotech,Health Care,Biotechnology,S&P 400,2026-09-04,2026-09-15,active,
KSCP,"Knightscope, Inc. - Class A Common Stock",,,Nasdaq,2026-09-04,2026-09-15,active,
KSPI,Joint Stock Company Kaspi.kz - American Depository Shares,,,Nasdaq,2026-09-04,2026-09-15,active,
KSS,Kohl's Corp.,Consumer Discretionary,Broadline Retail,S&P 600,2026-09-04,2026-09-15,active,
KT,KT Corporation Common Stock,,,NYSE,2026-09-04,2026-09-15,active,
KTB,Kontoor Brands,Consumer Discretionary,"Apparel, Accessories & Luxury Goods",S&P 600,2026-09-04,2026-09-15,active,
KTCC,Key Tronic Corporation - Common Stock,,,Nasdaq,2026-09-04,2026-09-15,active,
KTF,DWS Municipal Income Trust,,,NYSE,2026-09-04,2026-09-15,active,
KTN,Structured Products Corp 8.205% CorTS 8.205% Corporate Backed Trust Securities (CorTS),,,NYSE,2026-09-04,2026-09-15,active,
KTOS,Kratos Defense & Security Solutions,Industrials,Aerospace & Defense,S&P 400,2026-09-04,2026-09-15,active,
KTWO,K2 Capital Acquisition Corporation - Class A Ordinary Share,,,Nasdaq,2026-09-04,2026-09-15,active,
KULR,"KULR Technology Group, Inc. Common Stock",,,NYSE American,2026-09-04,2026-09-15,active,
KURA,"Kura Oncology, Inc. - Common Stock",,,Nasdaq,2026-09-04,2026-09-15,active,
KUST,"Kustom Entertainment, Inc. - Common Stock",,,Nasdaq,2026-09-04,2026-09-15,active,
KVHI,"KVH Industries, Inc. - Common Stock",,,Nasdaq,2026-09-04,2026-09-15,active,
KVUE,Kenvue,Consumer Staples,Personal Care Products,S&P 500,2026-09-04,2026-09-15,active,
KVYO,"Klaviyo, Inc. Series A Common Stock",,,NYSE,2026-09-04,2026-09-15,active,
KWM,"K Wave Media, Ltd. - Ordinary Shares",,,Nasdaq,2026-09-04,2026-09-08,dropped,2026-09-08
KWR,Quaker Chemical Corporation,Materials,Specialty Chemicals,S&P 600,2026-09-04,2026-09-15,active,
KWY,Kingsway Corporation Common Stock,,,NYSE,2026-09-04,2026-09-15,active,
KXIN,Kaixin Holdings - Ordinary Shares,,,Nasdaq,2026-09-04,2026-09-15,active,
KYIV,Kyivstar Group Ltd. - Common Shares,,,Nasdaq,2026-09-04,2026-09-15,active,
KYMR,"Kymera Therapeutics, Inc. - Common Stock",,,Nasdaq,2026-09-04,2026-09-15,active,
KYN,"Kayne Anderson Energy Infrastructure Fund, Inc.",,,NYSE,2026-09-04,2026-09-15,active,
KYTX,"Kyverna Therapeutics, Inc. - Common Stock",,,Nasdaq,2026-09-04,2026-09-15,active,
L,Loews Corporation,Financials,Multi-line Insurance,S&P 500,2026-09-04,2026-09-15,active,
LABT,Lakewood-Amedex Biotherapeutics Inc. - Common Stock,,,Nasdaq,2026-09-04,2026-09-15,active,
LAC,Lithium Americas Corp. Common Shares,,,NYSE,2026-09-04,2026-09-15,active,
LAD,Lithia Motors,Consumer Discretionary,Automotive Retail,S&P 400,2026-09-04,2026-09-15,active,
LADR,Ladder Capital Corp Class A Common Stock,,,NYSE,2026-09-04,2026-09-15,active,
LAES,SEALSQ Corp - Ordinary Shares,,,Nasdaq,2026-09-04,2026-09-15,active,
LAFA,LaFayette Acquisition Corp. - Ordinary Share,,,Nasdaq,2026-09-04,2026-09-15,active,
LAKE,"Lakeland Industries, Inc. - Common Stock",,,Nasdaq,2026-09-04,2026-09-15,active,
LAMR,Lamar Advertising Company,Real Estate,Other Specialized REITs,S&P 400,2026-09-04,2026-09-15,active,
LAND,Gladstone Land Corporation - Common Stock,,,Nasdaq,2026-09-04,2026-09-15,active,
LANV,Lanvin Group Holdings Limited Ordinary Shares,,,NYSE,2026-09-04,2026-09-15,active,
LAR,Lithium Argentina AG Common Shares,,,NYSE,2026-09-04,2026-09-15,active,
LARK,Landmark Bancorp Inc. - Common Stock,,,Nasdaq,2026-09-04,2026-09-15,active,
LASE,Laser Photonics Corporation - Common Stock,,,Nasdaq,2026-09-04,2026-09-15,active,
LASR,"nLIGHT, Inc. - Common Stock",,,Nasdaq,2026-09-04,2026-09-15,active,
LATA,Galata Acquisition Corp. II - Class A Ordinary Shares,,,Nasdaq,2026-09-04,2026-09-15,active,
LAUR,"Laureate Education, Inc.",Consumer Discretionary,Education Services,S&P 600,2026-09-04,2026-09-15,active,
LAW,"CS Disco, Inc. Common Stock",,,NYSE,2026-09-04,2026-09-15,active,
LAWR,"Robot Consulting Co., Ltd. - ADS",,,Nasdaq,2026-09-04,2026-09-15,active,
LAZ,Lazard,Financials,Diversified Capital Markets,S&P 600,2026-09-04,2026-09-15,active,
LB,LandBridge Company LLC Class A Shares Representing Limited Liability Company Interests,,,NYSE,2026-09-04,2026-09-15,active,
LBGJ,Li Bang International Corporation Inc. - Class A Ordinary Shares,,,Nasdaq,2026-09-04,2026-09-15,active,
LBRT,"Liberty Energy, Inc.",Energy,Oil & Gas Equipment & Services,S&P 600,2026-09-04,2026-09-15,active,
LBRX,LB Pharmaceuticals Inc - Common Stock,,,Nasdaq,2026-09-04,2026-09-15,active,
LBTYA,Liberty Global Ltd. - Class A Common Shares,,,Nasdaq,2026-09-04,2026-09-15,active,
LBTYB,Liberty Global Ltd. - Class B Common Shares,,,Nasdaq,2026-09-04,2026-09-15,active,
LBTYK,Liberty Global Ltd. - Class C Common Shares,,,Nasdaq,2026-09-04,2026-09-15,active,
LCCC,Lakeshore Acquisition III Corp. - Ordinary Shares,,,Nasdaq,2026-09-04,2026-09-15,active,
LCFY,Locafy Limited - Ordinary Share,,,Nasdaq,2026-09-04,2026-09-15,active,
LCID,"Lucid Group, Inc. - Common Stock",,,Nasdaq,2026-09-04,2026-09-15,active,
LCII,LCI Industries,Consumer Discretionary,Automotive Parts & Equipment,S&P 600,2026-09-04,2026-09-15,active,
LCLN,"Lincoln International, Inc. Class A Common Stock",,,NYSE,2026-09-04,2026-09-15,active,
LCNB,LCNB Corporation - Common Stock,,,Nasdaq,2026-09-04,2026-09-15,active,
LCTX,"Lineage Cell Therapeutics, Inc. Common Stock",,,NYSE American,2026-09-04,2026-09-15,active,
LCUT,"Lifetime Brands, Inc. - Common Stock",,,Nasdaq,2026-09-04,2026-09-15,active,
LDI,"loanDepot, Inc. Class A Common Stock",,,NYSE,2026-09-04,2026-09-15,active,
LDOS,Leidos,Industrials,Diversified Support Services,S&P 500,2026-09-04,2026-09-15,active,
LE,"Lands' End, Inc. - Common Stock",,,Nasdaq,2026-09-04,2026-09-15,active,
LEA,Lear,Consumer Discretionary,Automotive Parts & Equipment,S&P 400,2026-09-04,2026-09-15,active,
LECO,Lincoln Electric,Industrials,Industrial Machinery & Supplies & Components,S&P 400,2026-09-04,2026-09-15,active,
LEDS,SemiLEDS Corporation - Common Stock,,,Nasdaq,2026-09-04,2026-09-15,active,
LEE,"Lee Enterprises, Incorporated - Common Stock",,,Nasdaq,2026-09-04,2026-09-15,active,
LEG,Leggett & Platt,Consumer Discretionary,Home Furnishings,S&P 600,2026-09-04,2026-09-15,active,
LEGH,Legacy Housing Corporation - Common Stock,,,Nasdaq,2026-09-04,2026-09-15,active,
LEGO,Legato Merger Corp. IV Ordinary Shares,,,NYSE American,2026-09-04,2026-09-15,active,
LEN,Lennar,Consumer Discretionary,Homebuilding,S&P 500,2026-09-04,2026-09-15,active,
LENZ,"LENZ Therapeutics, Inc. - Common Stock",,,Nasdaq,2026-09-04,2026-09-15,active,
LEO,"BNY Mellon Strategic Municipals, Inc. Common Stock",,,NYSE,2026-09-04,2026-09-15,active,
LESL,"Leslie's, Inc. - Common Stock",,,Nasdaq,2026-09-04,2026-09-15,active,
LEU,Centrus Energy Corp.,Energy,Coal & Consumable Fuels,S&P 600,2026-09-04,2026-09-15,active,
LEVI,Levi Strauss & Co Class A Common Stock,,,NYSE,2026-09-04,2026-09-15,active,
LEXX,Lexaria Bioscience Corp. - Common Stock,,,Nasdaq,2026-09-04,2026-09-15,active,
LFAC,Leapfrog Acquisition Corporation - Class A Ordinary Shares,,,Nasdaq,2026-09-04,2026-09-15,active,
LFCR,"Lifecore Biomedical, Inc. - Common Stock",,,Nasdaq,2026-09-04,2026-09-15,active,
LFMD,"LifeMD, Inc. - Common Stock",,,Nasdaq,2026-09-04,2026-09-15,active,
LFST,Lifestance Health,Health Care,Health Care Services,S&P 600,2026-09-04,2026-09-15,active,
LFT,"Lument Finance Trust, Inc. Common Stock",,,NYSE,2026-09-04,2026-09-15,active,
LFTO,"Liftoff Mobile, Inc. - Common Stock",,,Nasdaq,2026-09-04,2026-09-15,active,
LFUS,Littelfuse,Information Technology,Electronic Components,S&P 400,2026-09-04,2026-09-15,active,
LFVN,Lifevantage Corporation - Common Stock,,,Nasdaq,2026-09-04,2026-09-15,active,
LFWD,Lifeward Ltd. - Ordinary Shares,,,Nasdaq,2026-09-04,2026-09-15,active,
LGCL,Lucas GC Limited - Class A Ordinary Shares,,,Nasdaq,2026-09-04,2026-09-15,active,
LGCY,Legacy Education Inc. Common Stock,,,NYSE American,2026-09-04,2026-09-15,active,
LGI,Lazard Global Total Return and Income Fund Common Stock,,,NYSE,2026-09-04,2026-09-15,active,
LGIH,LGI Homes,Consumer Discretionary,Homebuilding,S&P 600,2026-09-04,2026-09-15,active,
LGL,"LGL Group, Inc. (The) Common Stock",,,NYSE American,2026-09-04,2026-09-15,active,
LGN,Legence Corp. - Class A Common stock,,,Nasdaq,2026-09-04,2026-09-15,active,
LGND,"Ligand Pharmaceuticals, Inc.",Health Care,Biotechnology,S&P 600,2026-09-04,2026-09-15,active,
LGPS,LogProstyle Inc. Common Shares,,,NYSE American,2026-09-04,2026-09-15,active,
LGVN,Longeveron Inc. - Class A Common stock,,,Nasdaq,2026-09-12,2026-09-15,active,
LH,Labcorp,Health Care,Health Care Services,S&P 500,2026-09-04,2026-09-15,active,
LHSW,Lianhe Sowell International Group Ltd - Class A Ordinary Shares,,,Nasdaq,2026-09-04,2026-09-15,active,
LHX,L3Harris,Industrials,Aerospace & Defense,S&P 500,2026-09-04,2026-09-15,active,
LICN,Lichen International Limited - Class A Ordinary Shares,,,Nasdaq,2026-09-04,2026-09-15,active,
LIDR,"AEye, Inc. - Class A Common Stock",,,Nasdaq,2026-09-04,2026-09-15,active,
LIEN,"Chicago Atlantic BDC, Inc. - Common Stock",,,Nasdaq,2026-09-04,2026-09-15,active,
LIF,Life360,Information Technology,Application Software,S&P 600,2026-09-04,2026-09-15,active,
LIFE,Ethos Technologies Inc. - Class A Common Stock,,,Nasdaq,2026-09-04,2026-09-15,active,
LII,Lennox International,Industrials,Building Products,S&P 500,2026-09-04,2026-09-15,active,
LILA,Liberty Latin America Ltd. - Class A Common Stock,,,Nasdaq,2026-09-04,2026-09-15,active,
LILAK,Liberty Latin America Ltd. - Class C Common Stock,,,Nasdaq,2026-09-04,2026-09-15,active,
LIME,"Neutron Holdings, Inc. - Common Stock",,,Nasdaq,2026-09-04,2026-09-15,active,
LIN,Linde plc,Materials,Industrial Gases,S&P 500,2026-09-04,2026-09-15,active,
LINC,Lincoln Educational Services Corporation - Common Stock,,,Nasdaq,2026-09-04,2026-09-15,active,
LIND,Lindblad Expeditions Holdings Inc.  - Common Stock,,,Nasdaq,2026-09-04,2026-09-15,active,
LINE,"Lineage, Inc. - Common Stock",,,Nasdaq,2026-09-04,2026-09-15,active,
LINK,"Interlink Electronics, Inc. - Common Stock",,,Nasdaq,2026-09-04,2026-09-15,active,
LION,Lionsgate Studios Corp Common Shares,,,NYSE,2026-09-04,2026-09-15,active,
LITE,Lumentum,Information Technology,Communications Equipment,S&P 500,2026-09-04,2026-09-15,active,
LITS,"Lite Strategy, Inc. - Common Stock",,,Nasdaq,2026-09-04,2026-09-15,active,
LIVE,Live Ventures Incorporated - Common Stock,,,Nasdaq,2026-09-04,2026-09-15,active,
LIVN,LivaNova,Health Care,Health Care Equipment,S&P 400,2026-09-04,2026-09-15,active,
LKFN,Lakeland Financial,Financials,Regional Banks,S&P 600,2026-09-04,2026-09-15,active,
LKQ,LKQ Corporation,Consumer Discretionary,Distributors,S&P 600,2026-09-04,2026-09-15,active,
LKSP,Lake Superior Acquisition Corp. - Class A Ordinary Shares,,,Nasdaq,2026-09-04,2026-09-15,active,
LLY,Lilly (Eli),Health Care,Pharmaceuticals,S&P 500,2026-09-04,2026-09-15,active,
LLYVA,"Liberty Live Holdings, Inc. - Series A Liberty Live Group Common Stock",,,Nasdaq,2026-09-04,2026-09-15,active,
LLYVK,"Liberty Live Holdings, Inc. - Series C Liberty Live Group Common Stock",,,Nasdaq,2026-09-04,2026-09-15,active,
LMAT,LeMaitre Vascular,Health Care,Health Care Equipment,S&P 600,2026-09-04,2026-09-15,active,
LMB,"Limbach Holdings, Inc. - Common Stock",,,Nasdaq,2026-09-04,2026-09-15,active,
LMND,"Lemonade, Inc. Common Stock",,,NYSE,2026-09-04,2026-09-15,active,
LMNR,Limoneira Co - Common Stock,,,Nasdaq,2026-09-04,2026-09-15,active,
LMRI,"Lumexa Imaging Holdings, Inc. - Common Stock",,,Nasdaq,2026-09-04,2026-09-15,active,
LMT,Lockheed Martin,Industrials,Aerospace & Defense,S&P 500,2026-09-04,2026-09-15,active,
LNAI,Lunai Bioworks Inc. - Common Stock,,,Nasdaq,2026-09-04,2026-09-15,active,
LNC,Lincoln Financial,Financials,Multi-line Insurance,S&P 600,2026-09-04,2026-09-15,active,
LND,Brasilagro Brazilian Agric Real Estate Co Sponsored ADR (Brazil),,,NYSE,2026-09-04,2026-09-15,active,
LNG,"Cheniere Energy, Inc. Common Stock",,,NYSE,2026-09-04,2026-09-15,active,
LNKS,Linkers Industries Limited - Class A Ordinary Shares,,,Nasdaq,2026-09-04,2026-09-15,active,
LNN,Lindsay Corporation,Materials,Agricultural & Farm Machinery,S&P 600,2026-09-04,2026-09-15,active,
LNSR,"LENSAR, Inc. - Common Stock",,,Nasdaq,2026-09-04,2026-09-15,active,
LNT,Alliant Energy,Utilities,Electric Utilities,S&P 500,2026-09-04,2026-09-15,active,
LNTH,Lantheus Holdings,Health Care,Health Care Supplies,S&P 400,2026-09-04,2026-09-15,active,
LNZA,"LanzaTech Global, Inc. - Common Stock",,,Nasdaq,2026-09-04,2026-09-15,active,
LOAN,"Manhattan Bridge Capital, Inc - Common Stock",,,Nasdaq,2026-09-04,2026-09-15,active,
LOAR,Loar Holdings Inc. Common Stock,,,NYSE,2026-09-04,2026-09-15,active,
LOB,"Live Oak Bancshares, Inc. Common Stock",,,NYSE,2026-09-04,2026-09-15,active,
LOCL,Local Bounti Corporation Common Stock,,,NYSE,2026-09-04,2026-09-15,active,
LOCO,"El Pollo Loco Holdings, Inc. - Common Stock",,,Nasdaq,2026-09-04,2026-09-15,active,
LODE,Comstock Inc. Common Stock,,,NYSE American,2026-09-04,2026-09-15,active,
LOGI,Logitech International S.A. - Registered Shares,,,Nasdaq,2026-09-04,2026-09-15,active,
LOMA,Loma Negra Compania Industrial Argentina Sociedad Anonima ADS,,,NYSE,2026-09-04,2026-09-15,active,
LONA,"LeonaBio, Inc. - Common Stock",,,Nasdaq,2026-09-04,2026-09-15,active,
LOPE,Grand Canyon Education,Consumer Discretionary,Education Services,S&P 400,2026-09-04,2026-09-15,active,
LOVE,The Lovesac Company - Common Stock,,,Nasdaq,2026-09-04,2026-09-15,active,
LOW,Lowe's,Consumer Discretionary,Home Improvement Retail,S&P 500,2026-09-04,2026-09-15,active,
LPA,Logistic Properties of the Americas Ordinary Shares,,,NYSE American,2026-09-04,2026-09-15,active,
LPAA,Launch One Acquisition Corp. - Class A Ordinary Shares,,,Nasdaq,2026-09-04,2026-09-15,active,
LPBB,Launch Two Acquisition Corp. - Class A Ordinary Shares,,,Nasdaq,2026-09-04,2026-09-15,active,
LPCN,Lipocine Inc. - Common Stock,,,Nasdaq,2026-09-04,2026-09-15,active,
LPCV,Launchpad Cadenza Acquisition Corp I - Class A Ordinary Share,,,Nasdaq,2026-09-04,2026-09-15,active,
LPG,Dorian LPG Ltd.,Energy,Oil & Gas Storage & Transportation,S&P 600,2026-09-04,2026-09-15,active,
LPL,"LG Display Co, Ltd AMERICAN DEPOSITORY SHARES",,,NYSE,2026-09-04,2026-09-15,active,
LPLA,LPL Financial Holdings Inc. - Common Stock,,,Nasdaq,2026-09-04,2026-09-15,active,
LPSN,"LivePerson, Inc. - Common Stock",,,Nasdaq,2026-09-04,2026-09-04,dropped,2026-09-04
LPTH,"LightPath Technologies, Inc. - Class A Common Stock",,,Nasdaq,2026-09-04,2026-09-15,active,
LPX,Louisiana-Pacific,Industrials,Building Products,S&P 400,2026-09-04,2026-09-15,active,
LQDA,Liquidia Corporation,Health Care,Pharmaceuticals,S&P 600,2026-09-04,2026-09-15,active,
LQDT,"Liquidity Services, Inc.",Industrials,Diversified Support Services,S&P 600,2026-09-04,2026-09-15,active,
LRCX,Lam Research,Information Technology,Semiconductor Materials & Equipment,S&P 500,2026-09-04,2026-09-15,active,
LRMR,"Larimar Therapeutics, Inc. - Common Stock",,,Nasdaq,2026-09-04,2026-09-15,active,
LRN,"Stride, Inc.",Consumer Discretionary,Education Services,S&P 600,2026-09-04,2026-09-15,active,
LSAK,"Lesaka Technologies, Inc. - Common Stock",,,Nasdaq,2026-09-04,2026-09-15,active,
LSBK,"Lake Shore Bancorp, Inc. - Common Stock",,,Nasdaq,2026-09-04,2026-09-15,active,
LSCC,Lattice Semiconductor,Information Technology,Semiconductors,S&P 400,2026-09-04,2026-09-15,active,
LSE,"Leishen Energy Holding Co., Ltd. - Class A Ordinary Shares",,,Nasdaq,2026-09-04,2026-09-15,active,
LSF,"Laird Superfood, Inc. Common Stock",,,NYSE American,2026-09-04,2026-09-15,active,
LSPD,Lightspeed Commerce Inc. Subordinate Voting Shares,,,NYSE,2026-09-04,2026-09-15,active,
LSTA,"Lisata Therapeutics, Inc. - Common Stock",,,Nasdaq,2026-09-04,2026-09-15,active,
LSTR,Landstar System,Industrials,Cargo Ground Transportation,S&P 400,2026-09-04,2026-09-15,active,
LTBR,Lightbridge Corporation - Common Stock,,,Nasdaq,2026-09-04,2026-09-15,active,
LTC,"LTC Properties, Inc.",Real Estate,Health Care REITs,S&P 600,2026-09-04,2026-09-15,active,
LTGO,"Latigo Biotherapeutics, Inc. - Common Stock",,,Nasdaq,2026-09-04,2026-09-15,active,
LTGR,Long Table Growth Corp. - Class A Ordinary Shares,,,Nasdaq,2026-09-04,2026-09-15,active,
LTH,"Life Time Group Holdings, Inc.",Consumer Discretionary,Leisure Facilities,S&P 600,2026-09-04,2026-09-15,active,
LTRN,Lantern Pharma Inc. - Common Stock,,,Nasdaq,2026-09-04,2026-09-15,active,
LTRX,"Lantronix, Inc. - Common Stock",,,Nasdaq,2026-09-04,2026-09-15,active,
LUCD,Lucid Diagnostics Inc. - Common Stock,,,Nasdaq,2026-09-04,2026-09-15,active,
LUCK,Lucky Strike Entertainment Corporation Class A Common Stock,,,NYSE,2026-09-04,2026-09-15,active,
LUCY,"Innovative Eyewear, Inc. - Common Stock",,,Nasdaq,2026-09-04,2026-09-15,active,
LUD,Luda Technology Group Limited Ordinary Shares,,,NYSE American,2026-09-04,2026-09-15,active,
LULU,Lululemon Athletica,Consumer Discretionary,"Apparel, Accessories & Luxury Goods",S&P 500,2026-09-04,2026-09-15,active,
LUMN,Lumen Technologies,Communication Services,Alternative Carriers,S&P 600,2026-09-04,2026-09-15,active,
LUNG,Pulmonx Corporation - Common Stock,,,Nasdaq,2026-09-04,2026-09-15,active,
LUNR,"Intuitive Machines, Inc. - Class A Common Stock",,,Nasdaq,2026-09-04,2026-09-15,active,
LUV,Southwest Airlines,Industrials,Passenger Airlines,S&P 500,2026-09-04,2026-09-15,active,
LVLU,"Lulu's Fashion Lounge Holdings, Inc. - Common Stock",,,Nasdaq,2026-09-04,2026-09-15,active,
LVO,"LiveOne, Inc. - Common Stock",,,Nasdaq,2026-09-04,2026-09-15,active,
LVS,Las Vegas Sands,Consumer Discretionary,Casinos & Gaming,S&P 500,2026-09-04,2026-09-15,active,
LVWR,"LiveWire Group, Inc. Common Stock",,,NYSE,2026-09-04,2026-09-15,active,
LW,Lamb Weston,Consumer Staples,Packaged Foods & Meats,S&P 600,2026-09-04,2026-09-15,active,
LWAC,LightWave Acquisition Corp. - Class A Ordinary Shares,,,Nasdaq,2026-09-04,2026-09-15,active,
LWAY,"Lifeway Foods, Inc. - Common Stock",,,Nasdaq,2026-09-04,2026-09-15,active,
LWLG,"Lightwave Logic, Inc. - Common Stock",,,Nasdaq,2026-09-04,2026-09-15,active,
LXEO,"Lexeo Therapeutics, Inc. - Common Stock",,,Nasdaq,2026-09-04,2026-09-15,active,
LXFR,Luxfer Holdings PLC Ordinary Shares,,,NYSE,2026-09-04,2026-09-15,active,
LXP,Lexington Realty Trust,Real Estate,Diversified REITs,S&P 600,2026-09-04,2026-09-15,active,
LXRX,"Lexicon Pharmaceuticals, Inc. - Common Stock",,,Nasdaq,2026-09-04,2026-09-15,active,
LXU,"LSB Industries, Inc. Common Stock",,,NYSE,2026-09-04,2026-09-15,active,
LYB,LyondellBasell,Materials,Specialty Chemicals,S&P 500,2026-09-04,2026-09-15,active,
LYEL,"Lyell Immunopharma, Inc. - Common Stock",,,Nasdaq,2026-09-04,2026-09-15,active,
LYFT,"Lyft, Inc.",Industrials,Passenger Ground Transportation,S&P 600,2026-09-04,2026-09-15,active,
LYNX,Lyntris Inc. Common Stock,,,NYSE,2026-09-04,2026-09-15,active,
LYTS,LSI Industries Inc. - Common Stock,,,Nasdaq,2026-09-04,2026-09-15,active,
LYV,Live Nation Entertainment,Communication Services,Movies & Entertainment,S&P 500,2026-09-04,2026-09-15,active,
LZ,"LegalZoom.com, Inc.",Industrials,Research & Consulting Services,S&P 600,2026-09-04,2026-09-15,active,
LZB,"La-Z-Boy, Inc.",Consumer Discretionary,Home Furnishings,S&P 600,2026-09-04,2026-09-15,active,
LZM,Lifezone Metals Limited Ordinary Shares,,,NYSE,2026-09-04,2026-09-15,active,
LZMH,LZ Technology Holdings Limited - Class B Ordinary Shares,,,Nasdaq,2026-09-04,2026-09-15,active,
M,Macy's,Consumer Discretionary,Broadline Retail,S&P 400,2026-09-04,2026-09-15,active,
MA,Mastercard,Financials,Transaction & Payment Processing Services,S&P 500,2026-09-04,2026-09-15,active,
MAA,Mid-America Apartment Communities,Real Estate,Multi-Family Residential REITs,S&P 500,2026-09-04,2026-09-15,active,
MAAS,Maase Inc. - Class A Ordinary Shares,,,Nasdaq,2026-09-04,2026-09-15,active,
MAC,Macerich,Real Estate,Retail REITs,S&P 600,2026-09-04,2026-09-15,active,
MACI,Melar Acquisition Corp. I - Class A Ordinary Shares,,,Nasdaq,2026-09-04,2026-09-15,active,
MAGN,Magnera Corporation Common Stock,,,NYSE,2026-09-04,2026-09-15,active,
MAIA,"MAIA Biotechnology, Inc. Common Stock",,,NYSE American,2026-09-04,2026-09-15,active,
MAIN,Main Street Capital Corporation Common Stock,,,NYSE,2026-09-04,2026-09-15,active,
MAIR,Madison Air Solutions Corporation Class A Common Stock,,,NYSE,2026-09-04,2026-09-15,active,
MAKO,Mako Mining Corp - Common Stock,,,Nasdaq,2026-09-04,2026-09-15,active,
MAMA,"Mama's Creations, Inc. - Common Stock",,,Nasdaq,2026-09-04,2026-09-15,active,
MAMO,Massimo Group - Common Stock,,,Nasdaq,2026-09-04,2026-09-15,active,
MAN,ManpowerGroup,Industrials,Human Resource & Employment Services,S&P 600,2026-09-04,2026-09-15,active,
MANE,"Veradermics, Incorporated Common Stock",,,NYSE,2026-09-04,2026-09-15,active,
MANH,Manhattan Associates,Information Technology,Application Software,S&P 400,2026-09-04,2026-09-15,active,
MANU,Manchester United Ltd. Class A Ordinary Shares,,,NYSE,2026-09-04,2026-09-15,active,
MAR,Marriott International,Consumer Discretionary,"Hotels, Resorts & Cruise Lines",S&P 500,2026-09-04,2026-09-15,active,
MARA,"MARA Holdings, Inc.",Information Technology,Internet Services & Infrastructure,S&P 600,2026-09-04,2026-09-15,active,
MAS,Masco,Industrials,Building Products,S&P 500,2026-09-04,2026-09-15,active,
MASK,3 E Network Technology Group Ltd - Class A Ordinary Shares,,,Nasdaq,2026-09-04,2026-09-15,active,
MASS,908 Devices Inc. - Common Stock,,,Nasdaq,2026-09-04,2026-09-15,active,
MAT,Mattel,Consumer Discretionary,Leisure Products,S&P 400,2026-09-04,2026-09-15,active,
MATH,Metalpha Technology Holding Limited - Ordinary Shares,,,Nasdaq,2026-09-04,2026-09-15,active,
MATV,"Mativ Holdings, Inc. Common Stock",,,NYSE,2026-09-04,2026-09-15,active,
MATW,Matthews International Corporation,Consumer Discretionary,Specialized Consumer Services,S&P 600,2026-09-04,2026-09-15,active,
MATX,"Matson, Inc.",Industrials,Marine Transportation,S&P 600,2026-09-04,2026-09-15,active,
MAX,"MediaAlpha, Inc. Class A Common Stock",,,NYSE,2026-09-04,2026-09-15,active,
MAYS,"J. W. Mays, Inc. - Common Stock",,,Nasdaq,2026-09-04,2026-09-15,active,
MAZE,"Maze Therapeutics, Inc. - Common Stock",,,Nasdaq,2026-09-04,2026-09-15,active,
MB,MasterBeef Group - Ordinary Shares,,,Nasdaq,2026-09-04,2026-09-15,active,
MBAI,MBody AI Ltd. - Ordinary Share,,,Nasdaq,2026-09-04,2026-09-15,active,
MBBC,"Marathon Bancorp, Inc. - Common Stock",,,Nasdaq,2026-09-04,2026-09-15,active,
MBC,"MasterBrand, Inc.",Industrials,Building Products,S&P 600,2026-09-04,2026-09-15,active,
MBGL,"Mobility Global, Inc.",Industrials,Data Processing & Outsourced Services,S&P 600,2026-09-04,2026-09-15,active,
MBI,MBIA Inc. Common Stock,,,NYSE,2026-09-04,2026-09-15,active,
MBIN,Merchants Bancorp,Financials,Regional Banks,S&P 600,2026-09-04,2026-09-15,active,
MBLY,Mobileye Global Inc. - Class A Common Stock,,,Nasdaq,2026-09-04,2026-09-15,active,
MBOT,Microbot Medical Inc.  - Common Stock,,,Nasdaq,2026-09-04,2026-09-15,active,
MBRX,"Moleculin Biotech, Inc. - Common Stock",,,Nasdaq,2026-09-04,2026-09-15,active,
MBUU,"Malibu Boats, Inc. - Common Stock",,,Nasdaq,2026-09-04,2026-09-15,active,
MBVI,M3-Brigade Acquisition VI Corp. - Class A Ordinary Shares,,,Nasdaq,2026-09-04,2026-09-15,active,
MBWM,Mercantile Bank Corporation - Common Stock,,,Nasdaq,2026-09-04,2026-09-15,active,
MBX,"MBX Biosciences, Inc. - Common Stock",,,Nasdaq,2026-09-04,2026-09-15,active,
MC,Moelis & Company,Financials,Investment Banking & Brokerage,S&P 600,2026-09-04,2026-09-15,active,
MCAH,Mountain Crest Acquisition 6 Corp. - Ordinary Shares,,,Nasdaq,2026-09-04,2026-09-15,active,
MCB,Metropolitan Bank Holding Corp. Common Stock,,,NYSE,2026-09-04,2026-09-15,active,
MCBS,"MetroCity Bankshares, Inc. - Common Stock",,,Nasdaq,2026-09-04,2026-09-15,active,
MCD,McDonald's,Consumer Discretionary,Restaurants,S&P 500,2026-09-04,2026-09-15,active,
MCFT,"MasterCraft Boat Holdings, Inc. - Common Stock",,,Nasdaq,2026-09-04,2026-09-15,active,
MCGA,Yorkville Acquisition Corp. - Class A Ordinary Share,,,Nasdaq,2026-09-04,2026-09-15,active,
MCHB,Mechanics Bancorp - Class A Common Stock,,,Nasdaq,2026-09-04,2026-09-15,active,
MCHP,Microchip Technology,Information Technology,Semiconductors,S&P 500,2026-09-04,2026-09-15,active,
MCHX,"Marchex, Inc. - Class B Common Stock",,,Nasdaq,2026-09-04,2026-09-15,active,
MCI,Barings Corporate Investors Common Stock,,,NYSE,2026-09-04,2026-09-15,active,
MCK,McKesson Corporation,Health Care,Health Care Distributors,S&P 500,2026-09-04,2026-09-15,active,
MCN,XAI Madison Equity Premium Income Fund Common Shares,,,NYSE,2026-09-04,2026-09-15,active,
MCO,Moody's Corporation,Financials,Financial Exchanges & Data,S&P 500,2026-09-04,2026-09-15,active,
MCRB,"Seres Therapeutics, Inc. - Common Stock",,,Nasdaq,2026-09-04,2026-09-15,active,
MCRI,"Monarch Casino & Resort, Inc.",Consumer Discretionary,Casinos & Gaming,S&P 600,2026-09-04,2026-09-15,active,
MCRP,Micropolis AI Robotics Ordinary Shares,,,NYSE American,2026-09-04,2026-09-15,active,
MCS,Marcus Corporation (The) Common Stock,,,NYSE,2026-09-04,2026-09-15,active,
MCTA,Charming Medical Limited - Class A Ordinary Shares,,,Nasdaq,2026-09-04,2026-09-15,active,
MCY,Mercury General,Financials,Property & Casualty Insurance,S&P 600,2026-09-04,2026-09-15,active,
MD,Pediatrix Medical Group,Health Care,Health Care Services,S&P 600,2026-09-04,2026-09-15,active,
MDA,MDA Space Ltd. Common Shares,,,NYSE,2026-09-04,2026-09-15,active,
MDAI,"Spectral AI, Inc. - Class A Common Stock",,,Nasdaq,2026-09-04,2026-09-15,active,
MDB,"MongoDB, Inc. - Class A Common Stock",,,Nasdaq,2026-09-04,2026-09-15,active,
MDBH,"MDB Capital Holdings, LLC - Class A common",,,Nasdaq,2026-09-04,2026-09-15,active,
MDGL,"Madrigal Pharmaceuticals, Inc. - Common Stock",,,Nasdaq,2026-09-04,2026-09-15,active,
MDIA,Mediaco Holding Inc. - Class A Common Stock,,,Nasdaq,2026-09-15,2026-09-15,active,
MDLN,Medline Inc. - Class A common stock,,,Nasdaq,2026-09-04,2026-09-15,active,
MDLZ,Mondelez International,Consumer Staples,Packaged Foods & Meats,S&P 500,2026-09-04,2026-09-15,active,
MDRR,"Medalist Diversified, Inc. - Common Stock",,,Nasdaq,2026-09-04,2026-09-15,active,
MDT,Medtronic,Health Care,Health Care Equipment,S&P 500,2026-09-04,2026-09-15,active,
MDU,"MDU Resources Group, Inc.",Utilities,Multi-Utilities,S&P 600,2026-09-04,2026-09-15,active,
MDWD,MediWound Ltd. - Ordinary Shares,,,Nasdaq,2026-09-04,2026-09-15,active,
MDXG,"MiMedx Group, Inc - Common Stock",,,Nasdaq,2026-09-04,2026-09-15,active,
MEC,"Mayville Engineering Company, Inc. Common Stock",,,NYSE,2026-09-04,2026-09-15,active,
MED,MEDIFAST INC Common Stock,,,NYSE,2026-09-04,2026-09-15,active,
MEDP,Medpace,Health Care,Life Sciences Tools & Services,S&P 400,2026-09-04,2026-09-15,active,
MEGI,NYLIM CBRE Global Infrastructure Megatrends Term Fund Common Shares,,,NYSE,2026-09-04,2026-09-15,active,
MEGL,Magic Empire Global Limited - Class A Ordinary Shares,,,Nasdaq,2026-09-04,2026-09-15,active,
MEI,"Methode Electronics, Inc. Common Stock",,,NYSE,2026-09-04,2026-09-15,active,
MELI,"MercadoLibre, Inc. - Common Stock",,,Nasdaq,2026-09-04,2026-09-15,active,
MENS,Jyong Biotech Ltd. - Ordinary shares,,,Nasdaq,2026-09-04,2026-09-15,active,
MEOH,Methanex Corporation - Common Stock,,,Nasdaq,2026-09-04,2026-09-15,active,
MESH,Meshflow Acquisition Corp. - Class A Ordinary Shares,,,Nasdaq,2026-09-04,2026-09-15,active,
MET,MetLife,Financials,Life & Health Insurance,S&P 500,2026-09-04,2026-09-15,active,
META,Meta Platforms,Communication Services,Interactive Media & Services,S&P 500,2026-09-04,2026-09-15,active,
METC,"Ramaco Resources, Inc. - Class A Common Stock",,,Nasdaq,2026-09-04,2026-09-15,active,
METCB,"Ramaco Resources, Inc. - Class B Common Stock",,,Nasdaq,2026-09-04,2026-09-15,active,
METCI,"Ramaco Resources, Inc. - 8.250% Senior Notes due 2030",,,Nasdaq,2026-09-04,2026-09-15,active,
MEVO,M Evo Global Acquisition Corp II - Class A Ordinary Shares,,,Nasdaq,2026-09-04,2026-09-15,active,
MF,MindForge Inc. - Class A Ordinary Shares,,,Nasdaq,2026-09-04,2026-09-15,active,
MFA,"MFA Financial, Inc.",,,NYSE,2026-09-04,2026-09-15,active,
MFAN,"MFA Financial, Inc. 8.875% Senior Notes due 2029",,,NYSE,2026-09-04,2026-09-15,active,
MFAO,"MFA Financial, Inc. 9.000% Senior Notes due 2029",,,NYSE,2026-09-04,2026-09-15,active,
MFC,Manulife Financial Corporation Common Stock,,,NYSE,2026-09-04,2026-09-15,active,
MFG,"Mizuho Financial Group, Inc. Sponosred ADR (Japan)",,,NYSE,2026-09-04,2026-09-15,active,
MFI,mF International Limited - Class A Ordinary Shares,,,Nasdaq,2026-09-04,2026-09-15,active,
MFIC,MidCap Financial Investment Corporation - Closed End Fund,,,Nasdaq,2026-09-04,2026-09-15,active,
MFIN,Medallion Financial Corp. - Common Stock,,,Nasdaq,2026-09-04,2026-09-15,active,
MFP,"Midera Food Processing, Inc.",Industrials,Industrial Machinery & Supplies & Components,S&P 600,2026-09-04,2026-09-15,active,
MG,Mistras Group Inc Common Stock,,,NYSE,2026-09-04,2026-09-15,active,
MGA,"Magna International, Inc. Common Stock",,,NYSE,2026-09-04,2026-09-15,active,
MGEE,"MGE Energy, Inc.",Utilities,Electric Utilities,S&P 600,2026-09-04,2026-09-15,active,
MGIH,Millennium Group International Holdings Limited - Ordinary Shares,,,Nasdaq,2026-09-04,2026-09-15,active,
MGLD,"The Marygold Companies, Inc. Common Stock",,,NYSE American,2026-09-04,2026-09-15,active,
MGM,MGM Resorts,Consumer Discretionary,Casinos & Gaming,S&P 500,2026-09-04,2026-09-15,active,
MGNI,"Magnite, Inc. - Common Stock",,,Nasdaq,2026-09-04,2026-09-15,active,
MGNX,"MacroGenics, Inc. - Common Stock",,,Nasdaq,2026-09-04,2026-09-15,active,
MGPI,"MGP Ingredients, Inc. - Common Stock",,,Nasdaq,2026-09-04,2026-09-15,active,
MGR,"Affiliated Managers Group, Inc. 5.875% Junior Subordinated Notes due 2059",,,NYSE,2026-09-04,2026-09-15,active,
MGRB,"Affiliated Managers Group, Inc. 4.750% Junior Subordinated Notes due 2060",,,NYSE,2026-09-04,2026-09-15,active,
MGRC,McGrath RentCorp - Common Stock,,,Nasdaq,2026-09-04,2026-09-15,active,
MGRD,"Affiliated Managers Group, Inc. 4.200% Junior Subordinated Notes due 2061",,,NYSE,2026-09-04,2026-09-15,active,
MGRE,"Affiliated Managers Group, Inc. 6.750% Junior Subordinated Notes due 2064",,,NYSE,2026-09-04,2026-09-15,active,
MGRT,Mega Fortune Company Limited - Ordinary Shares,,,Nasdaq,2026-09-04,2026-09-15,active,
MGTX,MeiraGTx Holdings plc - Ordinary Shares,,,Nasdaq,2026-09-04,2026-09-15,active,
MGX,"Metagenomi Therapeutics, Inc. - Common Stock",,,Nasdaq,2026-09-04,2026-09-15,active,
MGY,"Magnolia Oil & Gas, Corp.",Energy,Oil & Gas Exploration & Production,S&P 600,2026-09-04,2026-09-15,active,
MGYR,"Magyar Bancorp, Inc. - Common Stock",,,Nasdaq,2026-09-04,2026-09-15,active,
MH,"McGraw Hill, Inc. Common Stock",,,NYSE,2026-09-04,2026-09-15,active,
MHD,"Blackrock MuniHoldings Fund, Inc. Common Stock",,,NYSE,2026-09-04,2026-09-15,active,
MHF,"Western Asset Municipal High Income Fund, Inc. Common Stock",,,NYSE,2026-09-04,2026-09-15,active,
MHH,"Mastech Digital, Inc Common Stock",,,NYSE American,2026-09-04,2026-09-15,active,
MHK,Mohawk Industries,Consumer Discretionary,Home Furnishings,S&P 600,2026-09-04,2026-09-15,active,
MHLA,"Maiden Holdings, Ltd. 6.625% Notes due 2046",,,NYSE,2026-09-04,2026-09-15,active,
MHNC,"Maiden Holdings North America, Ltd. 7.75% Notes due 2043",,,NYSE,2026-09-04,2026-09-15,active,
MHO,"M/I Homes, Inc.",Consumer Discretionary,Homebuilding,S&P 600,2026-09-04,2026-09-15,active,
MI,NFT Limited Class A Ordinary Share,,,NYSE American,2026-09-04,2026-09-15,active,
MIAC,Meridian3 Industrials Acquisition Corp - Class A Ordinary Shares,,,Nasdaq,2026-09-04,2026-09-15,active,
MIAX,"Miami International Holdings, Inc. Common Stock",,,NYSE,2026-09-04,2026-09-15,active,
MICC,The Magnum Ice Cream Company N.V. Ordinary Shares,,,NYSE,2026-09-04,2026-09-15,active,
MIDD,Middleby,Industrials,Industrial Machinery & Supplies & Components,S&P 400,2026-09-04,2026-09-15,active,
MIMI,Mint Incorporation Limited - Class A Ordinary Shares,,,Nasdaq,2026-09-04,2026-09-15,active,
MIND,"MIND Technology, Inc. - Common Stock",,,Nasdaq,2026-09-04,2026-09-15,active,
MINE,Mayfair Gold Corp. Common Shares,,,NYSE American,2026-09-04,2026-09-15,active,
MIR,"Mirion Technologies, Inc.",Information Technology,Electronic Equipment & Instruments,S&P 600,2026-09-04,2026-09-15,active,
MIRM,"Mirum Pharmaceuticals, Inc. - common stock",,,Nasdaq,2026-09-04,2026-09-15,active,
MIST,Milestone Pharmaceuticals Inc. - Common Shares,,,Nasdaq,2026-09-04,2026-09-15,active,
MITK,"Mitek Systems, Inc. - Common Stock",,,Nasdaq,2026-09-04,2026-09-15,active,
MITN,"TPG Mortgage Investment Trust, Inc. 9.500% Senior Notes due 2029",,,NYSE,2026-09-04,2026-09-15,active,
MITP,"TPG Mortgage Investment Trust, Inc. 9.500% Senior Notes due 2029",,,NYSE,2026-09-04,2026-09-15,active,
MITQ,"Moving iMage Technologies, Inc. Common Stock",,,NYSE American,2026-09-04,2026-09-15,active,
MITT,"TPG Mortgage Investment Trust, Inc. Common Stock",,,NYSE,2026-09-04,2026-09-15,active,
MIY,"Blackrock MuniYield Michigan Quality Fund, Inc. Common Stock",,,NYSE,2026-09-04,2026-09-15,active,
MKC,McCormick & Company,Consumer Staples,Packaged Foods & Meats,S&P 500,2026-09-04,2026-09-15,active,
MKDW,MKDWELL Tech Inc. - Ordinary Shares,,,Nasdaq,2026-09-04,2026-09-15,active,
MKL,Markel Group Inc. Common Stock,,,NYSE,2026-09-04,2026-09-15,active,
MKLY,McKinley Acquisition Corporation - Class A Ordinary Shares,,,Nasdaq,2026-09-04,2026-09-15,active,
MKSI,MKS Instruments,Information Technology,Semiconductor Materials & Equipment,S&P 400,2026-09-04,2026-09-15,active,
MKTW,"MarketWise, Inc. - Class A Common Stock",,,Nasdaq,2026-09-04,2026-09-15,active,
MKTX,MarketAxess,Financials,Financial Exchanges & Data,S&P 600,2026-09-04,2026-09-15,active,
MKZR,"MacKenzie Realty Capital, Inc. - Common Stock",,,Nasdaq,2026-09-04,2026-09-15,active,
MLAA,Mountain Lake Acquisition Corp. II - Class A Ordinary Shares,,,Nasdaq,2026-09-04,2026-09-15,active,
MLAB,"Mesa Laboratories, Inc. - Common Stock",,,Nasdaq,2026-09-04,2026-09-15,active,
MLCI,Mount Logan Capital Inc. - Common Stock,,,Nasdaq,2026-09-04,2026-09-15,active,
MLEC,Moolec Science SA - Ordinary Shares,,,Nasdaq,2026-09-04,2026-09-15,active,
MLGO,"MicroAlgo, Inc. - Ordinary Shares",,,Nasdaq,2026-09-04,2026-09-15,active,
MLI,Mueller Industries,Industrials,Industrial Machinery & Supplies & Components,S&P 400,2026-09-04,2026-09-15,active,
MLKN,"MillerKnoll, Inc.",Industrials,Office Services & Supplies,S&P 600,2026-09-04,2026-09-15,active,
MLM,Martin Marietta Materials,Materials,Construction Materials,S&P 500,2026-09-04,2026-09-15,active,
MLP,"Maui Land & Pineapple Company, Inc. Common Stock",,,NYSE,2026-09-04,2026-09-15,active,
MLR,"Miller Industries, Inc. Common Stock",,,NYSE,2026-09-04,2026-09-15,active,
MLSS,"Milestone Scientific, Inc. Common Stock",,,NYSE American,2026-09-04,2026-09-15,active,
MLTX,MoonLake Immunotherapeutics - Class A Ordinary Shares,,,Nasdaq,2026-09-04,2026-09-15,active,
MLYS,"Mineralys Therapeutics, Inc. - Common Stock",,,Nasdaq,2026-09-04,2026-09-15,active,
MMA,Mixed Martial Arts Group Limited Ordinary Shares,,,NYSE American,2026-09-04,2026-09-15,active,
MMD,NYLIM MacKay DefinedTerm Muni Opportunities Fund Common Shares,,,NYSE,2026-09-04,2026-09-15,active,
MMED,"MiniMed Group, Inc. - Common Stock",,,Nasdaq,2026-09-04,2026-09-15,active,
MMI,"Marcus & Millichap, Inc.",Real Estate,Real Estate Services,S&P 600,2026-09-04,2026-09-15,active,
MMLP,Martin Midstream Partners L.P. - Common Units Representing Limited Partnership Interests,,,Nasdaq,2026-09-04,2026-09-15,active,
MMM,3M,Industrials,Industrial Conglomerates,S&P 500,2026-09-04,2026-09-15,active,
MMS,Maximus Inc.,Industrials,Data Processing & Outsourced Services,S&P 400,2026-09-04,2026-09-15,active,
MMSI,"Merit Medical Systems, Inc.",Health Care,Health Care Supplies,S&P 600,2026-09-04,2026-09-15,active,
MMTX,Miluna Acquisition Corp - Class A Ordinary Shares,,,Nasdaq,2026-09-04,2026-09-15,active,
MMU,"Western Asset Managed Municipals Fund, Inc. Common Stock",,,NYSE,2026-09-04,2026-09-15,active,
MMYT,MakeMyTrip Limited - Ordinary Shares,,,Nasdaq,2026-09-04,2026-09-15,active,
MNDR,Mobile-health Network Solutions - Class A Ordinary Shares,,,Nasdaq,2026-09-04,2026-09-15,active,
MNDY,monday.com Ltd. - Ordinary Shares,,,Nasdaq,2026-09-04,2026-09-15,active,
MNKD,MannKind Corporation - Common Stock,,,Nasdaq,2026-09-04,2026-09-15,active,
MNOV,"MediciNova, Inc. - Common Stock",,,Nasdaq,2026-09-04,2026-09-15,active,
MNPR,Monopar Therapeutics Inc. - Common Stock,,,Nasdaq,2026-09-04,2026-09-15,active,
MNR,Mach Natural Resources LP Common Units representing Limited Partner Interests,,,NYSE,2026-09-04,2026-09-15,active,
MNRO,"Monro, Inc.  - Common Stock",,,Nasdaq,2026-09-04,2026-09-15,active,
MNSB,"MainStreet Bancshares, Inc. - Common Stock",,,Nasdaq,2026-09-04,2026-09-15,active,
MNST,Monster Beverage,Consumer Staples,Soft Drinks & Non-alcoholic Beverages,S&P 500,2026-09-04,2026-09-15,active,
MNTK,"Montauk Renewables, Inc. - Common Stock",,,Nasdaq,2026-09-04,2026-09-15,active,
MNTN,"MNTN, Inc. Class A Common Stock",,,NYSE,2026-09-04,2026-09-15,active,
MNTS,Momentus Inc. - Class A Common Stock,,,Nasdaq,2026-09-04,2026-09-15,active,
MO,Altria,Consumer Staples,Tobacco,S&P 500,2026-09-04,2026-09-15,active,
MOB,Mobilicom Limited - Ordinary Shares,,,Nasdaq,2026-09-04,2026-09-15,active,
MOBI,"Mobia Medical, Inc. - Common Stock",,,Nasdaq,2026-09-04,2026-09-15,active,
MOBX,"Mobix Labs, Inc. - Class A Common Stock",,,Nasdaq,2026-09-04,2026-09-15,active,
MOD,Modine Manufacturing Company Common Stock,,,NYSE,2026-09-04,2026-09-15,active,
MODD,"Modular Medical, Inc. - common stock",,,Nasdaq,2026-09-04,2026-09-15,active,
MOG.A,Moog Inc.,Industrials,Aerospace & Defense,S&P 400,2026-09-04,2026-09-15,active,
MOH,Molina Healthcare,Health Care,Managed Health Care,S&P 400,2026-09-04,2026-09-15,active,
MORN,"Morningstar, Inc.",Financials,Financial Exchanges & Data,S&P 400,2026-09-04,2026-09-15,active,
MOS,Mosaic Company (The),Materials,Fertilizers & Agricultural Chemicals,S&P 500,2026-09-04,2026-09-15,active,
MOV,Movado Group Inc. Common Stock,,,NYSE,2026-09-04,2026-09-15,active,
MOVE,"Corvex, Inc. - Common Stock",,,Nasdaq,2026-09-04,2026-09-15,active,
MP,MP Materials,Materials,Diversified Metals & Mining,S&P 400,2026-09-04,2026-09-15,active,
MPA,Blackrock MuniYield Pennsylvania Quality Fund Common Stock,,,NYSE,2026-09-04,2026-09-15,active,
MPAA,"Motorcar Parts of America, Inc. - Common Stock",,,Nasdaq,2026-09-04,2026-09-15,active,
MPB,Mid Penn Bancorp - Common Stock,,,Nasdaq,2026-09-04,2026-09-15,active,
MPC,Marathon Petroleum,Energy,Oil & Gas Refining & Marketing,S&P 500,2026-09-04,2026-09-15,active,
MPLT,"MapLight Therapeutics, Inc. - Common Stock",,,Nasdaq,2026-09-04,2026-09-15,active,
MPLX,MPLX LP Common Units Representing Limited Partner Interests,,,NYSE,2026-09-04,2026-09-15,active,
MPT,Medical Properties Trust,Real Estate,Health Care REITs,S&P 600,2026-09-04,2026-09-15,active,
MPTI,"M-tron Industries, Inc. Common Stock",,,NYSE American,2026-09-04,2026-09-15,active,
MPU,Mega Matrix Inc. Class A Ordinary Shares,,,NYSE American,2026-09-04,2026-09-15,active,
MPV,Barings Participation Investors Common Stock,,,NYSE,2026-09-04,2026-09-15,active,
MPWR,Monolithic Power Systems,Information Technology,Semiconductors,S&P 500,2026-09-04,2026-09-15,active,
MQ,"Marqeta, Inc. - Class A Common Stock",,,Nasdaq,2026-09-04,2026-09-15,active,
MQY,"Blackrock MuniYield Quality Fund, Inc. Common Stock",,,NYSE,2026-09-04,2026-09-15,active,
MRAM,"Everspin Technologies, Inc. - Common Stock",,,Nasdaq,2026-09-04,2026-09-15,active,
MRBK,Meridian Corporation - Common Stock,,,Nasdaq,2026-09-04,2026-09-15,active,
MRCO,Mercator Acquisition Corp. - Class A Ordinary Shares,,,Nasdaq,2026-09-04,2026-09-15,active,
MRCY,Mercury Systems,Industrials,Electrical Components & Equipment,S&P 600,2026-09-04,2026-09-15,active,
MRDN,Meridian Holdings Inc. - Common Stock,,,Nasdaq,2026-09-04,2026-09-15,active,
MRK,Merck & Co.,Health Care,Pharmaceuticals,S&P 500,2026-09-04,2026-09-15,active,
MRKR,"Marker Therapeutics, Inc. - Common Stock",,,Nasdaq,2026-09-04,2026-09-15,active,
MRLN,"Merlin, Inc. - Common Stock",,,Nasdaq,2026-09-04,2026-09-15,active,
MRNA,Moderna,Health Care,Biotechnology,S&P 500,2026-09-04,2026-09-15,active,
MRP,"Millrose Properties, Inc.",Real Estate,Single-Family Residential REITs,S&P 600,2026-09-04,2026-09-15,active,
MRSH,Marsh McLennan,Financials,Insurance Brokers,S&P 500,2026-09-04,2026-09-15,active,
MRT,"Marti Technologies, Inc. Class A Ordinary Shares",,,NYSE American,2026-09-04,2026-09-15,active,
MRTN,"Marten Transport, Ltd.",Industrials,Cargo Ground Transportation,S&P 600,2026-09-04,2026-09-15,active,
MRVI,"Maravai LifeSciences Holdings, Inc. - Class A common stock",,,Nasdaq,2026-09-04,2026-09-15,active,
MRVL,Marvell Technology,Information Technology,Semiconductors,S&P 500,2026-09-04,2026-09-15,active,
MRX,Marex Group Limited - Ordinary Shares,,,Nasdaq,2026-09-04,2026-09-15,active,
MS,Morgan Stanley,Financials,Investment Banking & Brokerage,S&P 500,2026-09-04,2026-09-15,active,
MSA,MSA Safety,Industrials,Office Services & Supplies,S&P 400,2026-09-04,2026-09-15,active,
MSAI,"MultiSensor AI Holdings, Inc. - Common Stock",,,Nasdaq,2026-09-04,2026-09-15,active,
MSB,Mesabi Trust Common Stock,,,NYSE,2026-09-04,2026-09-15,active,
MSBI,"Midland States Bancorp, Inc. - Common Stock",,,Nasdaq,2026-09-04,2026-09-15,active,
MSCI,MSCI,Financials,Financial Exchanges & Data,S&P 500,2026-09-04,2026-09-15,active,
MSD,"Morgan Stanley Emerging Markets Debt Fund, Inc. Common Stock",,,NYSE,2026-09-04,2026-09-15,active,
MSDL,Morgan Stanley Direct Lending Fund Common Stock,,,NYSE,2026-09-04,2026-09-15,active,
MSEX,Middlesex Water Company,Utilities,Water Utilities,S&P 600,2026-09-04,2026-09-15,active,
MSFT,Microsoft,Information Technology,Systems Software,S&P 500,2026-09-04,2026-09-15,active,
MSGE,Madison Square Garden Entertainment Corp. Class A Common Stock,,,NYSE,2026-09-04,2026-09-15,active,
MSGM,Motorsport Games Inc. - Class A Common Stock,,,Nasdaq,2026-09-04,2026-09-15,active,
MSGS,Madison Square Garden Sports Corp.,Communication Services,Movies & Entertainment,S&P 600,2026-09-04,2026-09-15,active,
MSGY,Masonglory Limited - Class A Ordinary Shares,,,Nasdaq,2026-09-04,2026-09-15,active,
MSI,Motorola Solutions,Information Technology,Communications Equipment,S&P 500,2026-09-04,2026-09-15,active,
MSIF,"MSC Income Fund, Inc. Common Stock",,,NYSE,2026-09-04,2026-09-15,active,
MSLE,Satellos Bioscience Inc. - Common Stock,,,Nasdaq,2026-09-04,2026-09-15,active,
MSM,MSC Industrial Direct,Industrials,Trading Companies & Distributors,S&P 400,2026-09-04,2026-09-15,active,
MSN,Emerson Radio Corporation Common Stock,,,NYSE American,2026-09-04,2026-09-15,active,
MSTR,Strategy Inc - Class A Common Stock,,,Nasdaq,2026-09-04,2026-09-15,active,
MT,Arcelor Mittal NY Registry Shares NEW,,,NYSE,2026-09-04,2026-09-15,active,
MTA,Metalla Royalty & Streaming Ltd. Common Shares,,,NYSE American,2026-09-04,2026-09-15,active,
MTAL,Metals Acquisition Corp. II Class A Ordinary Shares,,,NYSE,2026-09-04,2026-09-15,active,
MTB,M&T Bank,Financials,Regional Banks,S&P 500,2026-09-04,2026-09-15,active,
MTC,"MMTec, Inc. - Common Shares",,,Nasdaq,2026-09-04,2026-09-15,active,
MTCH,Match Group,Communication Services,Interactive Media & Services,S&P 600,2026-09-04,2026-09-15,active,
MTD,Mettler Toledo,Health Care,Life Sciences Tools & Services,S&P 500,2026-09-04,2026-09-15,active,
MTDR,Matador Resources,Energy,Oil & Gas Exploration & Production,S&P 400,2026-09-04,2026-09-15,active,
MTEK,Maris-Tech Ltd. - ordinary shares,,,Nasdaq,2026-09-04,2026-09-15,active,
MTEN,Mingteng International Corporation Inc. - Class A Ordinary Shares,,,Nasdaq,2026-09-04,2026-09-15,active,
MTG,MGIC Investment Corporation,Financials,Reinsurance,S&P 400,2026-09-04,2026-09-15,active,
MTH,Meritage Homes Corporation,Consumer Discretionary,Homebuilding,S&P 600,2026-09-04,2026-09-15,active,
MTN,Vail Resorts,Consumer Discretionary,"Hotels, Resorts & Cruise Lines",S&P 400,2026-09-04,2026-09-15,active,
MTNB,"Matinas Biopharma Holdings, Inc. Common Stock",,,NYSE American,2026-09-04,2026-09-15,active,
MTNE,CH4 Natural Solutions Corporation Class A Ordinary Shares,,,NYSE,2026-09-04,2026-09-15,active,
MTR,Mesa Royalty Trust Common Stock,,,NYSE,2026-09-04,2026-09-15,active,
MTRN,Materion Corp.,Materials,Diversified Metals & Mining,S&P 600,2026-09-04,2026-09-15,active,
MTRX,Matrix Service Company - Common Stock,,,Nasdaq,2026-09-04,2026-09-15,active,
MTSI,MACOM Technology Solutions,Information Technology,Semiconductors,S&P 400,2026-09-04,2026-09-15,active,
MTUS,Metallus Inc,Materials,Steel,S&P 600,2026-09-04,2026-09-15,active,
MTVA,MetaVia Inc.  - Common Stock,,,Nasdaq,2026-09-04,2026-09-15,active,
MTW,"Manitowoc Company, Inc. (The) Common Stock",,,NYSE,2026-09-04,2026-09-15,active,
MTX,Minerals Technologies,Materials,Specialty Chemicals,S&P 600,2026-09-04,2026-09-15,active,
MTZ,MasTec,Industrials,Construction & Engineering,S&P 400,2026-09-04,2026-09-15,active,
MU,Micron Technology,Information Technology,Semiconductors,S&P 500,2026-09-04,2026-09-15,active,
MUA,"Blackrock MuniAssets Fund, Inc Common Stock",,,NYSE,2026-09-04,2026-09-15,active,
MUC,"Blackrock MuniHoldings California Quality Fund, Inc.  Common Stock",,,NYSE,2026-09-04,2026-09-15,active,
MUFG,"Mitsubishi UFJ Financial Group, Inc. Common Stock",,,NYSE,2026-09-04,2026-09-15,active,
MUJ,"Blackrock MuniHoldings New Jersey Quality Fund, Inc. Common Stock",,,NYSE,2026-09-04,2026-09-15,active,
MUR,Murphy Oil,Energy,Oil & Gas Exploration & Production,S&P 400,2026-09-04,2026-09-15,active,
MUSA,Murphy USA,Consumer Discretionary,Automotive Retail,S&P 400,2026-09-04,2026-09-15,active,
MUX,McEwen Inc. Common Stock,,,NYSE,2026-09-04,2026-09-15,active,
MUZE,Muzero Acquisition Corp - Class A Ordinary Shares,,,Nasdaq,2026-09-04,2026-09-15,active,
MVBF,MVB Financial Corp. - Common Stock,,,Nasdaq,2026-09-04,2026-09-15,active,
MVIS,"MicroVision, Inc. - Common Stock",,,Nasdaq,2026-09-04,2026-09-15,active,
MWA,Mueller Water Products,Industrials,Industrial Machinery & Supplies & Components,S&P 600,2026-09-04,2026-09-15,active,
MWG,Multi Ways Holdings Limited Class A Ordinary Shares,,,NYSE American,2026-09-04,2026-09-15,active,
MWH,"SOLV Energy, Inc. - Class A common stock",,,Nasdaq,2026-09-04,2026-09-15,active,
MWYN,"Marwynn Holdings, Inc. - Common stock",,,Nasdaq,2026-09-04,2026-09-15,active,
MX,Magnachip Semiconductor Corporation Common Stock,,,NYSE,2026-09-04,2026-09-15,active,
MXC,Mexco Energy Corporation Common Stock,,,NYSE American,2026-09-04,2026-09-15,active,
MXCT,"MaxCyte, Inc. - Common Stock",,,Nasdaq,2026-09-04,2026-09-15,active,
MXE,"Mexico Equity and Income Fund, Inc. (The) Common Stock",,,NYSE,2026-09-04,2026-09-15,active,
MXF,"Mexico Fund, Inc. (The) Common Stock",,,NYSE,2026-09-04,2026-09-15,active,
MXL,"MaxLinear, Inc.",Information Technology,Semiconductors,S&P 600,2026-09-04,2026-09-15,active,
MYE,"Myers Industries, Inc. Common Stock",,,NYSE,2026-09-04,2026-09-15,active,
MYFW,"First Western Financial, Inc. - Common Stock",,,Nasdaq,2026-09-04,2026-09-15,active,
MYGN,"Myriad Genetics, Inc. - Common Stock",,,Nasdaq,2026-09-04,2026-09-15,active,
MYI,"Blackrock MuniYield Quality Fund III, Inc Common Stock",,,NYSE,2026-09-04,2026-09-15,active,
MYN,"Blackrock MuniYield New York Quality Fund, Inc.Common Stock",,,NYSE,2026-09-04,2026-09-15,active,
MYO,Myomo Inc. Common Stock,,,NYSE American,2026-09-04,2026-09-15,active,
MYRG,"MYR Group, Inc.",Industrials,Construction & Engineering,S&P 600,2026-09-04,2026-09-15,active,
MYSE,"Myseum.AI, Inc. - Common Stock",,,Nasdaq,2026-09-04,2026-09-15,active,
MYX,Maywood Acquisition Corp. 2 - Class A Ordinary Share,,,Nasdaq,2026-09-04,2026-09-15,active,
MZTI,The Marzetti Company,Consumer Staples,Packaged Foods & Meats,S&P 400,2026-09-04,2026-09-15,active,
MZYX,MOZAYYX Acquisition Corp. Class A Ordinary Shares,,,NYSE,2026-09-04,2026-09-15,active,
NA,Nano Labs Ltd - Class A Ordinary Shares,,,Nasdaq,2026-09-04,2026-09-15,active,
NABL,"N-able, Inc.",Information Technology,Systems Software,S&P 600,2026-09-04,2026-09-15,active,
NAC,Nuveen California Quality Municipal Income Fund,,,NYSE,2026-09-04,2026-09-15,active,
NAD,Nuveen Quality Municipal Income Fund Common Stock,,,NYSE,2026-09-04,2026-09-15,active,
NAGE,"Niagen Bioscience, Inc. - Common Stock",,,Nasdaq,2026-09-04,2026-09-15,active,
NAII,"Natural Alternatives International, Inc. - Common Stock",,,Nasdaq,2026-09-04,2026-09-15,active,
NAK,"Northern Dynasty Minerals, Ltd. Common Stock",,,NYSE American,2026-09-04,2026-09-15,active,
NAKA,Nakamoto Inc. - Common Stock,,,Nasdaq,2026-09-04,2026-09-15,active,
NAMM,Namib Minerals - Ordinary Shares,,,Nasdaq,2026-09-04,2026-09-15,active,
NAMS,NewAmsterdam Pharma Company N.V. - Ordinary Shares,,,Nasdaq,2026-09-04,2026-09-15,active,
NAN,Nuveen New York Quality Municipal Income Fund Common Stock,,,NYSE,2026-09-04,2026-09-15,active,
NAT,Nordic American Tankers Limited Common Stock,,,NYSE,2026-09-04,2026-09-15,active,
NATH,"Nathan's Famous, Inc. - Common Stock",,,Nasdaq,2026-09-04,2026-09-15,active,
NATL,NCR Atleos,Financials,Transaction & Payment Processing Services,S&P 600,2026-09-04,2026-09-15,active,
NATR,"Nature's Sunshine Products, Inc. - Common Stock",,,Nasdaq,2026-09-04,2026-09-15,active,
NAUT,"Nautilus Biotechnology, Inc. - Common Stock",,,Nasdaq,2026-09-04,2026-09-15,active,
NAVI,Navient,Financials,Consumer Finance,S&P 600,2026-09-04,2026-09-15,active,
NAVN,"Navan, Inc. - Class A Common Stock",,,Nasdaq,2026-09-04,2026-09-15,active,
NAZ,Nuveen Arizona Quality Municipal Income Fund Common Stock,,,NYSE,2026-09-04,2026-09-15,active,
NB,NioCorp Developments Ltd. - Common Stock,,,Nasdaq,2026-09-04,2026-09-15,active,
NBBK,"NB Bancorp, Inc. - Common Stock",,,Nasdaq,2026-09-04,2026-09-15,active,
NBH,Neuberger Municipal Fund Inc. Common Stock,,,NYSE American,2026-09-04,2026-09-15,active,
NBHC,National Bank Holdings Corporation,Financials,Regional Banks,S&P 600,2026-09-04,2026-09-15,active,
NBIS,Nebius Group N.V. - Class A Ordinary Shares,,,Nasdaq,2026-09-04,2026-09-15,active,
NBIX,Neurocrine Biosciences,Health Care,Biotechnology,S&P 400,2026-09-04,2026-09-15,active,
NBN,Northeast Bank - Common Stock,,,Nasdaq,2026-09-04,2026-09-15,active,
NBR,Nabors Industries Ltd.,,,NYSE,2026-09-04,2026-09-15,active,
NBRG,Newbridge Acquisition Limited - Class A Ordinary Share,,,Nasdaq,2026-09-04,2026-09-15,active,
NBTB,"NBT Bancorp, Inc.",Financials,Regional Banks,S&P 600,2026-09-04,2026-09-15,active,
NBTX,Nanobiotix S.A. - ADSs,,,Nasdaq,2026-09-04,2026-09-15,active,
NBXG,Neuberger Next Generation Connectivity Fund Inc. Common Stock,,,NYSE,2026-09-04,2026-09-15,active,
NC,"NACCO Industries, Inc. Common Stock",,,NYSE,2026-09-04,2026-09-15,active,
NCA,Nuveen California Municipal Value Fund,,,NYSE,2026-09-04,2026-09-15,active,
NCDL,Nuveen Churchill Direct Lending Corp. Common Stock,,,NYSE,2026-09-04,2026-09-15,active,
NCEL,NewcelX Ltd. - Ordinary Shares,,,Nasdaq,2026-09-04,2026-09-15,active,
NCEW,New Century Logistics (BVI) Limited - Ordinary Shares,,,Nasdaq,2026-09-04,2026-09-15,active,
NCI,Neo-Concept International Group Holdings Limited - Class A Ordinary Shares,,,Nasdaq,2026-09-04,2026-09-15,active,
NCLH,Norwegian Cruise Line Holdings,Consumer Discretionary,"Hotels, Resorts & Cruise Lines",S&P 500,2026-09-04,2026-09-15,active,
NCMI,"National CineMedia, Inc. - Common Stock",,,Nasdaq,2026-09-04,2026-09-15,active,
NCNO,"nCino, Inc. - Common Stock",,,Nasdaq,2026-09-04,2026-09-15,active,
NCO,Southern Cross Acquisition I Corp. - Ordinary Shares,,,Nasdaq,2026-09-04,2026-09-15,active,
NCRA,"Nocera, Inc. - common stock",,,Nasdaq,2026-09-04,2026-09-15,active,
NCT,Intercont (Cayman) Limited - Class A Ordinary shares,,,Nasdaq,2026-09-04,2026-09-15,active,
NCTY,The9 Limited - American Depository Shares,,,Nasdaq,2026-09-04,2026-09-15,active,
NDAQ,"Nasdaq, Inc.",Financials,Financial Exchanges & Data,S&P 500,2026-09-04,2026-09-15,active,
NDLS,Noodles & Company - Class A Common Stock,,,Nasdaq,2026-09-04,2026-09-15,active,
NDRA,ENDRA Life Sciences Inc. - Common Stock,,,Nasdaq,2026-09-04,2026-09-15,active,
NDSN,Nordson Corporation,Industrials,Industrial Machinery & Supplies & Components,S&P 500,2026-09-04,2026-09-15,active,
NE,Noble Corporation,Energy,Oil & Gas Drilling,S&P 600,2026-09-04,2026-09-15,active,
NECB,"NorthEast Community Bancorp, Inc. - Common Stock",,,Nasdaq,2026-09-04,2026-09-15,active,
NEE,NextEra Energy,Utilities,Multi-Utilities,S&P 500,2026-09-04,2026-09-15,active,
NEGG,"Newegg Commerce, Inc. - Common Shares",,,Nasdaq,2026-09-04,2026-09-15,active,
NEM,Newmont,Materials,Gold,S&P 500,2026-09-04,2026-09-15,active,
NEO,"NeoGenomics Laboratories, Inc.",Health Care,Health Care Services,S&P 600,2026-09-04,2026-09-15,active,
NEOG,Neogen,Health Care,Health Care Supplies,S&P 600,2026-09-04,2026-09-15,active,
NEOV,NeoVolta Inc. - Common Stock,,,Nasdaq,2026-09-04,2026-09-15,active,
NEPH,"Nephros, Inc. - Common Stock",,,Nasdaq,2026-09-04,2026-09-15,active,
NERV,"Minerva Neurosciences, Inc - Common Stock",,,Nasdaq,2026-09-04,2026-09-15,active,
NESR,National Energy Services Reunited Corp - Ordinary Shares,,,Nasdaq,2026-09-04,2026-09-15,active,
NET,"Cloudflare, Inc. Class A Common Stock",,,NYSE,2026-09-04,2026-09-15,active,
NEU,NewMarket Corporation,Materials,Specialty Chemicals,S&P 400,2026-09-04,2026-09-15,active,
NEUP,Neuphoria Therapeutics Inc. - Common Stock,,,Nasdaq,2026-09-04,2026-09-15,active,
NEWP,New Pacific Metals Corp. Common Shares,,,NYSE American,2026-09-04,2026-09-15,active,
NEWT,"NewtekOne, Inc. - Common Stock",,,Nasdaq,2026-09-04,2026-09-15,active,
NEWTG,"NewtekOne, Inc. - 8.50% Fixed Rate Senior Notes due 2029",,,Nasdaq,2026-09-04,2026-09-15,active,
NEWTH,"NewtekOne, Inc. - 8.625% Fixed Rate Senior Notes due 2029",,,Nasdaq,2026-09-04,2026-09-15,active,
NEWTI,"NewtekOne, Inc. - 8.00% Fixed Rate Senior Notes due 2028",,,Nasdaq,2026-09-04,2026-09-15,active,
NEWTO,"NewtekOne, Inc. - 8.50% Fixed Rate Senior Notes due 2031",,,Nasdaq,2026-09-04,2026-09-15,active,
NEXA,Nexa Resources S.A. Common Shares,,,NYSE,2026-09-04,2026-09-15,active,
NEXM,NexMetals Mining Corp. - Common Stock,,,Nasdaq,2026-09-04,2026-09-15,active,
NEXN,Nexxen International Ltd. - Ordinary Shares,,,Nasdaq,2026-09-04,2026-09-15,active,
NEXR,Nexera Technologies Ltd - Ordinary Shares,,,Nasdaq,2026-09-04,2026-09-15,active,
NEXT,NextDecade Corporation - Common Stock,,,Nasdaq,2026-09-04,2026-09-15,active,
NFG,National Fuel Gas,Utilities,Gas Utilities,S&P 400,2026-09-04,2026-09-15,active,
NFGC,New Found Gold Corp Common Shares,,,NYSE American,2026-09-04,2026-09-15,active,
NFLX,Netflix,Communication Services,Movies & Entertainment,S&P 500,2026-09-04,2026-09-15,active,
NG,Novagold Resources Inc.,,,NYSE American,2026-09-04,2026-09-15,active,
NGEN,NervGen Pharma Corp. - Common stock,,,Nasdaq,2026-09-04,2026-09-15,active,
NGL,NGL ENERGY PARTNERS LP Common Units representing Limited Partner Interests,,,NYSE,2026-09-04,2026-09-15,active,
NGNE,Neurogene Inc. - Common Stock,,,Nasdaq,2026-09-04,2026-09-15,active,
NGS,"Natural Gas Services Group, Inc. Common Stock",,,NYSE,2026-09-04,2026-09-15,active,
NGVC,"Natural Grocers by Vitamin Cottage, Inc. Common Stock",,,NYSE,2026-09-04,2026-09-15,active,
NGVT,"Ingevity, Corp.",Materials,Specialty Chemicals,S&P 600,2026-09-04,2026-09-15,active,
NHC,"National Healthcare, Corp.",Health Care,Health Care Facilities,S&P 600,2026-09-04,2026-09-15,active,
NHI,"National Health Investors, Inc.",Real Estate,Health Care REITs,S&P 600,2026-09-04,2026-09-15,active,
NHIC,NewHold Investment Corp III - Class A Ordinary shares,,,Nasdaq,2026-09-04,2026-09-15,active,
NHIV,NewHold Investment Corp IV - Class A Ordinary Shares,,,Nasdaq,2026-09-04,2026-09-15,active,
NHP,"National Healthcare Properties, Inc. - Class A Common Stock",,,Nasdaq,2026-09-04,2026-09-15,active,
NHS,Neuberger High Yield Strategies Fund Inc. Common Stock,,,NYSE American,2026-09-04,2026-09-15,active,
NHTC,Natural Health Trends Corp. - Common Stock,,,Nasdaq,2026-09-04,2026-09-15,active,
NI,NiSource,Utilities,Multi-Utilities,S&P 500,2026-09-04,2026-09-15,active,
NIC,Nicolet Bankshares,Financials,Regional Banks,S&P 600,2026-09-04,2026-09-15,active,
NIKI,"Niki BioSolutions, Inc. - Common Stock",,,Nasdaq,2026-09-04,2026-09-15,active,
NIM,Nuveen Select Maturities Municipal Fund Common Stock,,,NYSE,2026-09-04,2026-09-15,active,
NINE,"Nine Energy Service, Inc. Common Stock",,,NYSE American,2026-09-04,2026-09-15,active,
NIQ,NIQ Global Intelligence plc Ordinary Shares,,,NYSE,2026-09-04,2026-09-15,active,
NIVF,NewGenIvf Group Limited - Class A Ordinary Shares,,,Nasdaq,2026-09-04,2026-09-15,active,
NIXX,"Nixxy, Inc. - Common Stock",,,Nasdaq,2026-09-04,2026-09-09,dropped,2026-09-09
NJR,New Jersey Resources,Utilities,Gas Utilities,S&P 400,2026-09-04,2026-09-15,active,
NKE,"Nike, Inc.",Consumer Discretionary,"Apparel, Accessories & Luxury Goods",S&P 500,2026-09-04,2026-09-15,active,
NKLR,Terra Innovatum Global N.V. - Ordinary shares,,,Nasdaq,2026-09-04,2026-09-15,active,
NKSH,"National Bankshares, Inc. - Common Stock",,,Nasdaq,2026-09-04,2026-09-15,active,
NKTR,Nektar Therapeutics - Common Stock,,,Nasdaq,2026-09-04,2026-09-15,active,
NKTX,"Nkarta, Inc. - Common Stock",,,Nasdaq,2026-09-04,2026-09-15,active,
NKX,Nuveen California AMT-Free Quality Municipal Income Fund,,,NYSE,2026-09-04,2026-09-15,active,
NL,"NLI Holdings, Inc. Common Stock",,,NYSE,2026-09-04,2026-09-15,active,
NLY,Annaly Capital Management,Financials,Mortgage REITs,S&P 400,2026-09-04,2026-09-15,active,
NMAD,"Nomad Power Solutions, Inc. - Common Stock",,,Nasdaq,2026-09-04,2026-09-15,active,
NMAX,"Newsmax, Inc. Class B Common Stock",,,NYSE,2026-09-04,2026-09-15,active,
NMCO,Nuveen Municipal Credit Opportunities Fund Common Shares,,,NYSE,2026-09-04,2026-09-15,active,
NMFC,New Mountain Finance Corporation - Common Stock,,,Nasdaq,2026-09-04,2026-09-15,active,
NMG,Nouveau Monde Graphite Inc. Common Shares,,,NYSE,2026-09-04,2026-09-15,active,
NMI,"Nuveen Municipal Income Fund, Inc. Common Stock",,,NYSE,2026-09-04,2026-09-15,active,
NMIH,"NMI Holdings, Inc.",Financials,Commercial & Residential Mortgage Finance,S&P 600,2026-09-04,2026-09-15,active,
NML,Neuberger Energy Infrastructure and Income Fund Inc. Common Stock,,,NYSE American,2026-09-04,2026-09-15,active,
NMM,Navios Maritime Partners LP Common Units Representing Limited Partner Interests,,,NYSE,2026-09-04,2026-09-15,active,
NMP,NMP Acquisition Corp. - Class A Ordinary Shares,,,Nasdaq,2026-09-04,2026-09-15,active,
NMRA,"Neumora Therapeutics, Inc. - Common Stock",,,Nasdaq,2026-09-04,2026-09-15,active,
NMRK,"Newmark Group, Inc. - Class A Common Stock",,,Nasdaq,2026-09-04,2026-09-15,active,
NMS,Nuveen Minnesota Quality Municipal Income Fund,,,NYSE,2026-09-04,2026-09-15,active,
NMT,Nuveen Massachusetts Quality Municipal Income Fund Common Stock,,,NYSE,2026-09-04,2026-09-15,active,
NMTC,NeuroOne Medical Technologies Corporation - Common Stock,,,Nasdaq,2026-09-04,2026-09-15,active,
NMZ,"Nuveen Municipal High Income Opportunity Fund Common Stock, $0.01 par value, per share",,,NYSE,2026-09-04,2026-09-15,active,
NN,NextNav Inc. - Common stock,,,Nasdaq,2026-09-04,2026-09-15,active,
NNBR,"NN, Inc. - Common Stock",,,Nasdaq,2026-09-04,2026-09-15,active,
NNE,Nano Nuclear Energy Inc. - common stock,,,Nasdaq,2026-09-04,2026-09-15,active,
NNI,"Nelnet, Inc. Common Stock",,,NYSE,2026-09-04,2026-09-15,active,
NNN,NNN Reit,Real Estate,Retail REITs,S&P 400,2026-09-04,2026-09-15,active,
NNNN,Anbio Biotechnology - Class A Ordinary Shares,,,Nasdaq,2026-09-04,2026-09-15,active,
NNOX,NANO-X IMAGING LTD - Ordinary Shares,,,Nasdaq,2026-09-04,2026-09-15,active,
NNVC,"NanoViricides, Inc. Common Stock",,,NYSE American,2026-09-04,2026-09-15,active,
NNY,Nuveen New York Municipal Value Fund Common Stock,,,NYSE,2026-09-04,2026-09-15,active,
NOA,North American Construction Group Ltd. Common Shares (no par),,,NYSE,2026-09-04,2026-09-15,active,
NOC,Northrop Grumman,Industrials,Aerospace & Defense,S&P 500,2026-09-04,2026-09-15,active,
NODK,"NI Holdings, Inc. - Common Stock",,,Nasdaq,2026-09-04,2026-09-15,active,
NOEM,CO2 Energy Transition Corp. - Common Stock,,,Nasdaq,2026-09-04,2026-09-15,active,
NOG,"Northern Oil and Gas, Inc.",Energy,Oil & Gas Exploration & Production,S&P 600,2026-09-04,2026-09-15,active,
NOMA,NOMADAR Corp. - Class A Common Stock,,,Nasdaq,2026-09-04,2026-09-15,active,
NOMD,Nomad Foods Limited Ordinary Shares,,,NYSE,2026-09-04,2026-09-15,active,
NOV,NOV Inc.,Energy,Oil & Gas Equipment & Services,S&P 400,2026-09-04,2026-09-15,active,
NOVT,Novanta,Information Technology,Electronic Equipment & Instruments,S&P 400,2026-09-04,2026-09-15,active,
NOW,ServiceNow,Information Technology,Systems Software,S&P 500,2026-09-04,2026-09-15,active,
NP,Neptune Insurance Holdings Inc. Class A Common Stock,,,NYSE,2026-09-04,2026-09-15,active,
NPAC,New Providence Acquisition Corp. III - Ordinary Shares,,,Nasdaq,2026-09-04,2026-09-15,active,
NPB,"Northpointe Bancshares, Inc. Common Stock",,,NYSE,2026-09-04,2026-09-15,active,
NPCE,"Neuropace, Inc. - Common Stock",,,Nasdaq,2026-09-04,2026-09-15,active,
NPK,"National Presto Industries, Inc.",Industrials,Aerospace & Defense,S&P 600,2026-09-04,2026-09-15,active,
NPKI,NPK International Inc. Common Stock,,,NYSE,2026-09-04,2026-09-15,active,
NPO,"EnPro Industries, Inc.",Industrials,Industrial Machinery & Supplies & Components,S&P 600,2026-09-04,2026-09-15,active,
NPT,Texxon Holding Limited - Ordinary shares,,,Nasdaq,2026-09-04,2026-09-15,active,
NPV,Nuveen Virginia Quality Municipal Income Fund Common Stock,,,NYSE,2026-09-04,2026-09-15,active,
NPWR,NET Power Inc. Class A Common Stock,,,NYSE,2026-09-04,2026-09-15,active,
NRC,NRC Health - Common Stock,,,Nasdaq,2026-09-04,2026-09-15,active,
NRDS,"NerdWallet, Inc. - Class A Common Stock",,,Nasdaq,2026-09-04,2026-09-15,active,
NRDY,Nerdy Inc. Class A Common Stock,,,NYSE,2026-09-04,2026-09-15,active,
NREF,"NexPoint Real Estate Finance, Inc. Common Stock",,,NYSE,2026-09-04,2026-09-15,active,
NRG,NRG Energy,Utilities,Independent Power Producers & Energy Traders,S&P 500,2026-09-04,2026-09-15,active,
NRGV,"Energy Vault Holdings, Inc. Common Stock",,,NYSE,2026-09-04,2026-09-15,active,
NRIM,Northrim BanCorp Inc - Common Stock,,,Nasdaq,2026-09-04,2026-09-15,active,
NRIX,"Nurix Therapeutics, Inc. - Common stock",,,Nasdaq,2026-09-04,2026-09-15,active,
NRK,Nuveen New York AMT-Free Quality Municipal Income Fund,,,NYSE,2026-09-04,2026-09-15,active,
NRO,Neuberger Real Estate Securities Income Fund Inc. Common Stock,,,NYSE American,2026-09-04,2026-09-15,active,
NRP,Natural Resource Partners LP Limited Partnership,,,NYSE,2026-09-04,2026-09-15,active,
NRT,North European Oil Royality Trust Common Stock,,,NYSE,2026-09-04,2026-09-15,active,
NRUC,National Rural Utilities Cooperative Finance Corporation 5.500% Subordinated Notes due 2064 (Subordinated Deferrable Interest Notes),,,NYSE,2026-09-04,2026-09-15,active,
NRXP,"NRX Pharmaceuticals, Inc. - Common Stock",,,Nasdaq,2026-09-04,2026-09-15,active,
NRXS,"Neuraxis, Inc. Common Stock",,,NYSE American,2026-09-04,2026-09-15,active,
NSAI,NorthStrive Acquisition Corp I. - Class A Ordinary Shares,,,Nasdaq,2026-09-04,2026-09-15,active,
NSC,Norfolk Southern,Industrials,Rail Transportation,S&P 500,2026-09-04,2026-09-15,active,
NSIT,"Insight Enterprises, Inc.",Industrials,Technology Distributors,S&P 600,2026-09-04,2026-09-15,active,
NSLR,Neostellar Capital Corp. - Closed End Fund,,,Nasdaq,2026-09-04,2026-09-15,active,
NSP,Insperity,Industrials,Human Resource & Employment Services,S&P 600,2026-09-04,2026-09-15,active,
NSRX,Nasus Pharma Ltd. Ordinary Shares,,,NYSE American,2026-09-04,2026-09-15,active,
NSSC,Napco Security Technologies,Information Technology,Electronic Equipment & Instruments,S&P 600,2026-09-04,2026-09-15,active,
NSTS,"NSTS Bancorp, Inc. - Common Stock",,,Nasdaq,2026-09-04,2026-09-15,active,
NSYS,Nortech Systems Incorporated - Common Stock,,,Nasdaq,2026-09-04,2026-09-15,active,
NTAP,NetApp,Information Technology,"Technology Hardware, Storage & Peripherals",S&P 500,2026-09-04,2026-09-15,active,
NTB,Bank of N.T. Butterfield & Son Limited (The) Voting Ordinary Shares,,,NYSE,2026-09-04,2026-09-15,active,
NTCL,NETCLASS TECHNOLOGY INC - Class A Ordinary Shares,,,Nasdaq,2026-09-04,2026-09-15,active,
NTCT,"NETSCOUT Systems, Inc.",Information Technology,Communications Equipment,S&P 600,2026-09-04,2026-09-15,active,
NTGR,"NETGEAR, Inc. - Common Stock",,,Nasdaq,2026-09-04,2026-09-15,active,
NTHI,"NeOnc Technologies Holdings, Inc. - Common Stock",,,Nasdaq,2026-09-04,2026-09-15,active,
NTIC,Northern Technologies International Corporation - Common Stock,,,Nasdaq,2026-09-04,2026-09-15,active,
NTIP,"Network-1 Technologies, Inc. Common Stock",,,NYSE American,2026-09-04,2026-09-15,active,
NTLA,"Intellia Therapeutics, Inc. - Common Stock",,,Nasdaq,2026-09-04,2026-09-15,active,
NTNX,Nutanix,Information Technology,Systems Software,S&P 400,2026-09-04,2026-09-15,active,
NTR,Nutrien Ltd. Common Shares,,,NYSE,2026-09-04,2026-09-15,active,
NTRA,"Natera, Inc. - Common Stock",,,Nasdaq,2026-09-04,2026-09-15,active,
NTRB,Nutriband Inc. - Common Stock,,,Nasdaq,2026-09-04,2026-09-15,active,
NTRP,"NextTrip, Inc. - Common Stock",,,Nasdaq,2026-09-04,2026-09-15,active,
NTRS,Northern Trust,Financials,Asset Management & Custody Banks,S&P 500,2026-09-04,2026-09-15,active,
NTSK,"Netskope, Inc. - Class A Common Stock",,,Nasdaq,2026-09-04,2026-09-15,active,
NTST,NETSTREIT Corp.,Real Estate,Retail REITs,S&P 600,2026-09-04,2026-09-15,active,
NTWK,NETSOL Technologies Inc. - Common Stock,,,Nasdaq,2026-09-04,2026-09-15,active,
NTWO,Newbury Street II Acquisition Corp - Class A Ordinary Shares,,,Nasdaq,2026-09-04,2026-09-15,active,
NU,Nu Holdings Ltd. Class A Ordinary Shares,,,NYSE,2026-09-04,2026-09-15,active,
NUAI,"New Era Energy & Digital, Inc. - Common Stock",,,Nasdaq,2026-09-04,2026-09-15,active,
NUCL,Eagle Nuclear Energy Corp. - Common stock,,,Nasdaq,2026-09-04,2026-09-15,active,
NUE,Nucor,Materials,Steel,S&P 500,2026-09-04,2026-09-15,active,
NUR,Nuran Wireless Inc. - Common Shares,,,Nasdaq,2026-09-04,2026-09-15,active,
NUS,"Nu Skin Enterprises, Inc. Common Stock",,,NYSE,2026-09-04,2026-09-15,active,
NUTX,Nutex Health Inc. - Common Stock,,,Nasdaq,2026-09-04,2026-09-15,active,
NUV,"Nuveen Municipal Value Fund, Inc. Common Stock",,,NYSE,2026-09-04,2026-09-15,active,
NUVB,Nuvation Bio Inc. Class A Common Stock,,,NYSE,2026-09-04,2026-09-15,active,
NUW,Nuveen AMT-Free Municipal Value Fund,,,NYSE,2026-09-04,2026-09-15,active,
NUWE,"Nuwellis, Inc. - Common Stock",,,Nasdaq,2026-09-04,2026-09-15,active,
NVA,Nova Minerals Corp Common Stock,,,NYSE American,2026-09-04,2026-09-15,active,
NVAX,"Novavax, Inc. - Common Stock",,,Nasdaq,2026-09-04,2026-09-15,active,
NVCR,NovoCure Limited - Ordinary Shares,,,Nasdaq,2026-09-04,2026-09-15,active,
NVCT,"Nuvectis Pharma, Inc. - Common Stock",,,Nasdaq,2026-09-04,2026-09-15,active,
NVDA,Nvidia,Information Technology,Semiconductors,S&P 500,2026-09-04,2026-09-15,active,
NVEC,NVE Corporation - Common Stock,,,Nasdaq,2026-09-04,2026-09-15,active,
NVG,Nuveen AMT-Free Municipal Credit Income Fund,,,NYSE,2026-09-04,2026-09-15,active,
NVGS,Navigator Holdings Ltd. Ordinary Shares (Marshall Islands),,,NYSE,2026-09-04,2026-09-15,active,
NVMI,Nova Ltd. - Ordinary Shares,,,Nasdaq,2026-09-04,2026-09-15,active,
NVNO,enVVeno Medical Corporation - Common Stock,,,Nasdaq,2026-09-04,2026-09-15,active,
NVO,Novo Nordisk A/S Common Stock,,,NYSE,2026-09-04,2026-09-15,active,
NVR,"NVR, Inc.",Consumer Discretionary,Homebuilding,S&P 500,2026-09-04,2026-09-15,active,
NVRI,Enviri Corporation Common Stock,,,NYSE,2026-09-04,2026-09-15,active,
NVS,Novartis AG Common Stock,,,NYSE,2026-09-04,2026-09-15,active,
NVST,Envista Holdings,Health Care,Health Care Supplies,S&P 400,2026-09-04,2026-09-15,active,
NVT,nVent Electric plc,Industrials,Electrical Components & Equipment,S&P 400,2026-09-04,2026-09-15,active,
NVTS,Navitas Semiconductor Corporation - Common Stock,,,Nasdaq,2026-09-04,2026-09-15,active,
NVX,NOVONIX Limited - American Depository Shares,,,Nasdaq,2026-09-12,2026-09-15,active,
NWAX,New America Acquisition I Corp. Class A Common Stock,,,NYSE,2026-09-04,2026-09-15,active,
NWBI,"Northwest Bancshares, Inc.",Financials,Regional Banks,S&P 600,2026-09-04,2026-09-15,active,
NWE,NorthWestern Energy,Utilities,Multi-Utilities,S&P 400,2026-09-04,2026-09-15,active,
NWFL,Norwood Financial Corp. - Common Stock,,,Nasdaq,2026-09-04,2026-09-15,active,
NWL,Newell Brands,Consumer Discretionary,Housewares & Specialties,S&P 600,2026-09-04,2026-09-15,active,
NWN,NW Natural,Utilities,Gas Utilities,S&P 600,2026-09-04,2026-09-15,active,
NWPX,"NWPX Infrastructure, Inc. - Common Stock",,,Nasdaq,2026-09-04,2026-09-15,active,
NWS,News Corp (Class B),Communication Services,Publishing,S&P 500,2026-09-04,2026-09-15,active,
NWSA,News Corp (Class A),Communication Services,Publishing,S&P 500,2026-09-04,2026-09-15,active,
NX,Quanex Building Products Corporation,Industrials,Building Products,S&P 600,2026-09-04,2026-09-15,active,
NXAT,Nexus Advanced Technologies Inc. - Ordinary Shares,,,Nasdaq,2026-09-09,2026-09-15,active,
NXB,NextBoat Inc. Common Stcok,,,NYSE American,2026-09-04,2026-09-15,active,
NXDR,"Nextdoor Holdings, Inc. Class A Common Stock",,,NYSE,2026-09-04,2026-09-15,active,
NXDT,NexPoint Diversified Real Estate Trust Common Stock,,,NYSE,2026-09-04,2026-09-15,active,
NXE,Nexgen Energy Ltd. Common Shares,,,NYSE,2026-09-04,2026-09-15,active,
NXH,"Neighborhood Intelligence, Inc.  - Common Stock",,,Nasdaq,2026-09-04,2026-09-15,active,
NXP,Nuveen Select Tax Free Income Portfolio Common Stock,,,NYSE,2026-09-04,2026-09-15,active,
NXPI,NXP Semiconductors,Information Technology,Semiconductors,S&P 500,2026-09-04,2026-09-15,active,
NXPL,NextPlat Corp - Common Stock,,,Nasdaq,2026-09-04,2026-09-15,active,
NXRT,"NexPoint Residential Trust, Inc.",Real Estate,Multi-Family Residential REITs,S&P 600,2026-09-04,2026-09-15,active,
NXST,Nexstar Media Group,Communication Services,Broadcasting,S&P 400,2026-09-04,2026-09-15,active,
NXT,Nextpower,Industrials,Electrical Components & Equipment,S&P 400,2026-09-04,2026-09-15,active,
NXTC,"NextCure, Inc. - Common Stock",,,Nasdaq,2026-09-04,2026-09-15,active,
NXTS,Nexentis Technologies Inc. - Common Stock,,,Nasdaq,2026-09-04,2026-09-08,dropped,2026-09-08
NXTT,Next Technology Holding Inc. - Ordinary Shares,,,Nasdaq,2026-09-04,2026-09-15,active,
NYAX,Nayax Ltd. - Ordinary Shares,,,Nasdaq,2026-09-04,2026-09-15,active,
NYC,American Strategic Investment Co. Class A Common Stock,,,NYSE,2026-09-04,2026-09-15,active,
NYT,New York Times Company,Communication Services,Publishing,S&P 400,2026-09-04,2026-09-15,active,
NYXH,Nyxoah SA - Ordinary Shares,,,Nasdaq,2026-09-04,2026-09-15,active,
NZF,Nuveen Municipal Credit Income Fund,,,NYSE,2026-09-04,2026-09-15,active,
O,Realty Income,Real Estate,Retail REITs,S&P 500,2026-09-04,2026-09-15,active,
OABI,"OmniAb, Inc. - Common Stock",,,Nasdaq,2026-09-04,2026-09-15,active,
OACC,Oaktree Acquisition Corp. III Life Sciences - Class A Ordinary Share,,,Nasdaq,2026-09-04,2026-09-15,active,
OBA,Oxley Bridge Acquisition Limited - Class A Ordinary Shares,,,Nasdaq,2026-09-04,2026-09-15,active,
OBDC,Blue Owl Capital Corporation Common Stock,,,NYSE,2026-09-04,2026-09-15,active,
OBE,Obsidian Energy Ltd. Common Shares,,,NYSE American,2026-09-04,2026-09-15,active,
OBIO,"Orchestra BioMed Holdings, Inc. - Ordinary Shares",,,Nasdaq,2026-09-04,2026-09-15,active,
OBK,"Origin Bancorp, Inc. Common Stock",,,NYSE,2026-09-04,2026-09-15,active,
OBT,"Orange County Bancorp, Inc. - Common Stock",,,Nasdaq,2026-09-04,2026-09-15,active,
OBX,"Obsidian Therapeutics, Inc. - Common Stock",,,Nasdaq,2026-09-04,2026-09-15,active,
OC,Owens Corning,Industrials,Building Products,S&P 400,2026-09-04,2026-09-15,active,
OCAC,Ocean Capital Acquisition Corporation Ordinary Shares,,,NYSE,2026-09-04,2026-09-15,active,
OCC,Optical Cable Corporation - Common Stock,,,Nasdaq,2026-09-04,2026-09-15,active,
OCCI,"OFS Credit Company, Inc. - Closed End Fund",,,Nasdaq,2026-09-04,2026-09-15,active,
OCFC,OceanFirst Financial Corp. - Common Stock,,,Nasdaq,2026-09-04,2026-09-15,active,
OCG,Oriental Culture Holding LTD - Ordinary Shares,,,Nasdaq,2026-09-04,2026-09-15,active,
OCGN,"Ocugen, Inc. - Common Stock",,,Nasdaq,2026-09-04,2026-09-15,active,
OCLT,OceanLight Acquisition Corporation - Ordinary Shares,,,Nasdaq,2026-09-11,2026-09-15,active,
OCS,Oculis Holding AG - Ordinary shares,,,Nasdaq,2026-09-04,2026-09-15,active,
OCSL,Oaktree Specialty Lending Corporation - Closed End Fund,,,Nasdaq,2026-09-04,2026-09-15,active,
OCTV,Octave Intelligence plc - Class B Ordinary Shares,,,Nasdaq,2026-09-04,2026-09-15,active,
OCUL,"Ocular Therapeutix, Inc. - Common Stock",,,Nasdaq,2026-09-04,2026-09-15,active,
ODC,Oil-Dri Corporation Of America Common Stock,,,NYSE,2026-09-04,2026-09-15,active,
ODD,ODDITY Tech Ltd. - Class A Ordinary Shares,,,Nasdaq,2026-09-04,2026-09-15,active,
ODFL,Old Dominion,Industrials,Cargo Ground Transportation,S&P 500,2026-09-04,2026-09-15,active,
ODTX,"Odyssey Therapeutics, Inc. - Common Stock",,,Nasdaq,2026-09-04,2026-09-15,active,
ODYS,Odysight.ai Inc. - Common Stock,,,Nasdaq,2026-09-04,2026-09-15,active,
OEC,Orion S.A. Common Shares,,,NYSE,2026-09-04,2026-09-15,active,
OESX,"Orion Energy Systems, Inc. - Common Stock",,,Nasdaq,2026-09-04,2026-09-15,active,
OFG,OFG Bancorp,Financials,Regional Banks,S&P 600,2026-09-04,2026-09-15,active,
OFIX,Orthofix Medical Inc.  - Common Stock,,,Nasdaq,2026-09-04,2026-09-15,active,
OFLX,"Omega Flex, Inc. - Common Stock",,,Nasdaq,2026-09-04,2026-09-15,active,
OFRM,"Once Upon a Farm, PBC Common Stock",,,NYSE,2026-09-04,2026-09-15,active,
OFS,OFS Capital Corporation - Closed End Fund,,,Nasdaq,2026-09-04,2026-09-15,active,
OFSSH,OFS Capital Corporation - 4.95% Notes due 2028,,,Nasdaq,2026-09-04,2026-09-15,active,
OFSSO,OFS Capital Corporation - 7.50% Notes due 2028,,,Nasdaq,2026-09-04,2026-09-15,active,
OGC,OceanaGold Corporation Common Shares,,,NYSE,2026-09-04,2026-09-15,active,
OGE,OGE Energy,Utilities,Multi-Utilities,S&P 400,2026-09-04,2026-09-15,active,
OGEN,Oragenics Inc. Common Stock,,,NYSE American,2026-09-04,2026-09-15,active,
OGG,Osisko Gold Group Inc. Common Shares,,,NYSE,2026-09-04,2026-09-15,active,
OGI,Organigram Global Inc. - Common Shares,,,Nasdaq,2026-09-04,2026-09-15,active,
OGN,Organon & Co.,Health Care,Pharmaceuticals,S&P 600,2026-09-04,2026-09-15,active,
OGS,One Gas,Utilities,Gas Utilities,S&P 400,2026-09-04,2026-09-15,active,
OHAC,Oceanhawk Acquisition Corp. - Class A Ordinary Shares,,,Nasdaq,2026-09-04,2026-09-15,active,
OHI,Omega Healthcare Investors,Real Estate,Health Care REITs,S&P 400,2026-09-04,2026-09-15,active,
OI,"O-I Glass, Inc.",Materials,"Metal, Glass & Plastic Containers",S&P 600,2026-09-04,2026-09-15,active,
OIA,Invesco Municipal Income Opportunities Trust Common Stock,,,NYSE,2026-09-04,2026-09-15,active,
OII,"Oceaneering International, Inc.",Energy,Oil & Gas Equipment & Services,S&P 600,2026-09-04,2026-09-15,active,
OIM,OneIM Acquisition Corp. - Class A Ordinary Shares,,,Nasdaq,2026-09-04,2026-09-15,active,
OIO,OIO Group - Ordinary Shares,,,Nasdaq,2026-09-04,2026-09-15,active,
OIS,"Oil States International, Inc. Common Stock",,,NYSE,2026-09-04,2026-09-15,active,
OKE,Oneok,Energy,Oil & Gas Storage & Transportation,S&P 500,2026-09-04,2026-09-15,active,
OKLO,Oklo Inc. Class A common stock,,,NYSE,2026-09-04,2026-09-15,active,
OKTA,"Okta, Inc.",Information Technology,Application Software,S&P 400,2026-09-04,2026-09-15,active,
OKUR,"OnKure Therapeutics, Inc. - Class A Common Stock",,,Nasdaq,2026-09-04,2026-09-15,active,
OKYO,OKYO Pharma Limited - Ordinary Shares,,,Nasdaq,2026-09-04,2026-09-15,active,
OLED,Universal Display,Information Technology,Semiconductors,S&P 400,2026-09-04,2026-09-15,active,
OLLI,Ollie's Bargain Outlet,Consumer Discretionary,Broadline Retail,S&P 400,2026-09-04,2026-09-15,active,
OLMA,"Olema Pharmaceuticals, Inc. - Common Stock",,,Nasdaq,2026-09-04,2026-09-15,active,
OLN,Olin Corporation,Materials,Diversified Chemicals,S&P 400,2026-09-04,2026-09-15,active,
OLOX,Olenox Industries Inc. - Common Stock,,,Nasdaq,2026-09-04,2026-09-15,active,
OLP,"One Liberty Properties, Inc. Common Stock",,,NYSE,2026-09-04,2026-09-15,active,
OM,"Outset Medical, Inc. - Common Stock",,,Nasdaq,2026-09-04,2026-09-15,active,
OMC,Omnicom Group,Communication Services,Advertising,S&P 500,2026-09-04,2026-09-15,active,
OMCL,Omnicell,Health Care,Health Care Technology,S&P 600,2026-09-04,2026-09-15,active,
OMDA,"Omada Health, Inc. - Common Stock",,,Nasdaq,2026-09-04,2026-09-15,active,
OMER,Omeros Corporation - Common Stock,,,Nasdaq,2026-09-04,2026-09-15,active,
OMF,"OneMain Holdings, Inc. Common Stock",,,NYSE,2026-09-04,2026-09-15,active,
OMSE,OMS Energy Technologies Inc. - Ordinary Shares,,,Nasdaq,2026-09-04,2026-09-15,active,
ON,ON Semiconductor,Information Technology,Semiconductors,S&P 500,2026-09-04,2026-09-15,active,
ONB,Old National Bank,Financials,Regional Banks,S&P 400,2026-09-04,2026-09-15,active,
ONCH,1RT Acquisition Corp. - Class A Ordinary Share,,,Nasdaq,2026-09-04,2026-09-15,active,
ONCO,"Onconetix, Inc.  - Common Stock",,,Nasdaq,2026-09-04,2026-09-15,active,
ONDS,Ondas Inc - Common Stock,,,Nasdaq,2026-09-04,2026-09-15,active,
ONEG,OneConstruction Group Limited - Ordinary Shares,,,Nasdaq,2026-09-04,2026-09-15,active,
ONEW,OneWater Marine Inc. - Class A Common Stock,,,Nasdaq,2026-09-04,2026-09-15,active,
ONIT,Onity Group Inc. Common Stock,,,NYSE,2026-09-04,2026-09-15,active,
ONL,Orion Properties Inc. Common Stock,,,NYSE,2026-09-04,2026-09-15,active,
ONON,On Holding AG Class A Ordinary Shares,,,NYSE,2026-09-04,2026-09-15,active,
ONT,"Onterris, Inc. Common Stock",,,NYSE,2026-09-04,2026-09-15,active,
ONTO,Onto Innovation,Information Technology,Semiconductor Materials & Equipment,S&P 400,2026-09-04,2026-09-15,active,
OOMA,"Ooma, Inc. Common Stock",,,NYSE,2026-09-04,2026-09-15,active,
OPAD,Offerpad Solutions Inc.  - Class A Common Stock,,,Nasdaq,2026-09-04,2026-09-15,active,
OPAL,OPAL Fuels Inc. - Class A Common Stock,,,Nasdaq,2026-09-04,2026-09-15,active,
OPBK,OP Bancorp - Common Stock,,,Nasdaq,2026-09-04,2026-09-15,active,
OPCH,Option Care Health,Health Care,Health Care Facilities,S&P 400,2026-09-04,2026-09-15,active,
OPEN,Opendoor Technologies Inc  - Common Stock,,,Nasdaq,2026-09-04,2026-09-15,active,
OPFI,OppFi Inc. Class A Common Stock,,,NYSE,2026-09-04,2026-09-15,active,
OPHC,"OptimumBank Holdings, Inc. Common Stock",,,NYSE American,2026-09-04,2026-09-15,active,
OPK,"Opko Health, Inc. - Common Stock",,,Nasdaq,2026-09-04,2026-09-15,active,
OPLN,"OPENLANE, Inc.",Industrials,Diversified Support Services,S&P 600,2026-09-04,2026-09-15,active,
OPP,"RiverNorth/DoubleLine Strategic Opportunity Fund, Inc. Common Stock",,,NYSE,2026-09-04,2026-09-15,active,
OPRT,Oportun Financial Corporation - common stock,,,Nasdaq,2026-09-04,2026-09-15,active,
OPRX,OptimizeRx Corporation - Common Stock,,,Nasdaq,2026-09-04,2026-09-15,active,
OPTH,Optimi Health Corp. - Common Shares,,,Nasdaq,2026-09-04,2026-09-15,active,
OPTT,"Ocean Power Technologies, Inc. Common Stock",,,NYSE American,2026-09-04,2026-09-15,active,
OPTU,"Optimum Communications, Inc. Class A common stock",,,NYSE,2026-09-04,2026-09-15,active,
OPTX,"Syntec Optics Holdings, Inc. - Class A Common Stock",,,Nasdaq,2026-09-04,2026-09-15,active,
OPXS,"Optex Systems Holdings, Inc. - Common Stock",,,Nasdaq,2026-09-04,2026-09-15,active,
OPY,"Oppenheimer Holdings, Inc. Class A Common Stock (DE)",,,NYSE,2026-09-04,2026-09-15,active,
OR,OR Royalties Inc. Common Shares,,,NYSE,2026-09-04,2026-09-15,active,
ORA,Ormat Technologies,Utilities,Renewable Electricity,S&P 400,2026-09-04,2026-09-15,active,
ORC,"Orchid Island Capital, Inc. Common Stock",,,NYSE,2026-09-04,2026-09-15,active,
ORCL,Oracle Corporation,Information Technology,Application Software,S&P 500,2026-09-04,2026-09-15,active,
ORGO,Organogenesis Holdings Inc.  - Class A,,,Nasdaq,2026-09-04,2026-09-15,active,
ORI,Old Republic International,Financials,Property & Casualty Insurance,S&P 400,2026-09-04,2026-09-15,active,
ORIC,"Oric Pharmaceuticals, Inc. - Common Stock",,,Nasdaq,2026-09-04,2026-09-15,active,
ORIQ,Origin Investment Corp I - Ordinary Shares,,,Nasdaq,2026-09-04,2026-09-15,active,
ORKA,"Oruka Therapeutics, Inc. - Common Stock",,,Nasdaq,2026-09-04,2026-09-15,active,
ORKT,Orangekloud Technology Inc. - Class A Ordinary Shares,,,Nasdaq,2026-09-04,2026-09-15,active,
ORLY,O'Reilly Automotive,Consumer Discretionary,Automotive Retail,S&P 500,2026-09-04,2026-09-15,active,
ORMP,Oramed Pharmaceuticals Inc. - Common Stock,,,Nasdaq,2026-09-04,2026-09-15,active,
ORN,"Orion Group Holdings, Inc. Common",,,NYSE,2026-09-04,2026-09-15,active,
ORRF,"Orrstown Financial Services, Inc. - Common Stock",,,Nasdaq,2026-09-04,2026-09-15,active,
OSBC,"Old Second Bancorp, Inc. - Common Stock",,,Nasdaq,2026-09-04,2026-09-15,active,
OSCR,"Oscar Health, Inc. Class A Common Stock",,,NYSE,2026-09-04,2026-09-15,active,
OSG,"Octave Specialty Group, Inc. Common Stock",,,NYSE,2026-09-04,2026-09-15,active,
OSIS,"OSI Systems, Inc.",Information Technology,Electronic Equipment & Instruments,S&P 600,2026-09-04,2026-09-15,active,
OSK,Oshkosh,Industrials,Construction Machinery & Heavy Transportation Equipment,S&P 400,2026-09-04,2026-09-15,active,
OSPN,OneSpan Inc. - Common Stock,,,Nasdaq,2026-09-04,2026-09-15,active,
OSPR,Osprey Acquisition Corp. III - Class A Ordinary Shares,,,Nasdaq,2026-09-04,2026-09-15,active,
OSS,"One Stop Systems, Inc. - Common Stock",,,Nasdaq,2026-09-04,2026-09-15,active,
OST,"Ostin Technology Group Co., Ltd. - Class A Ordinary Shares",,,Nasdaq,2026-09-04,2026-09-15,active,
OSTX,OS Therapies Incorporated Common Stock,,,NYSE American,2026-09-04,2026-09-15,active,
OSUR,"OraSure Technologies, Inc. - Common Stock",,,Nasdaq,2026-09-04,2026-09-15,active,
OSW,OneSpaWorld Holdings Limited,Consumer Discretionary,Leisure Facilities,S&P 600,2026-09-04,2026-09-15,active,
OTAI,Starlink AI Acquisition Corporation Ordinary Shares,,,NYSE,2026-09-04,2026-09-15,active,
OTEX,Open Text Corporation - Common Shares,,,Nasdaq,2026-09-04,2026-09-15,active,
OTF,Blue Owl Technology Finance Corp. Common Stock,,,NYSE,2026-09-04,2026-09-15,active,
OTGA,OTG Acquisition Corp. I - Class A Ordinary Share,,,Nasdaq,2026-09-04,2026-09-15,active,
OTIS,Otis Worldwide,Industrials,Industrial Machinery & Supplies & Components,S&P 500,2026-09-04,2026-09-15,active,
OTLK,"Outlook Therapeutics, Inc. - Common Stock",,,Nasdaq,2026-09-04,2026-09-15,active,
OTTR,Otter Tail Corporation,Utilities,Electric Utilities,S&P 600,2026-09-04,2026-09-15,active,
OUST,"Ouster, Inc. - Common Stock",,,Nasdaq,2026-09-04,2026-09-15,active,
OUT,Outfront Media,Real Estate,Other Specialized REITs,S&P 600,2026-09-04,2026-09-15,active,
OVBC,Ohio Valley Banc Corp. - Common Stock,,,Nasdaq,2026-09-04,2026-09-15,active,
OVID,Ovid Therapeutics Inc. - Common Stock,,,Nasdaq,2026-09-04,2026-09-15,active,
OVLY,Oak Valley Bancorp (CA) - Common Stock,,,Nasdaq,2026-09-04,2026-09-15,active,
OVV,Ovintiv,Energy,Oil & Gas Exploration & Production,S&P 400,2026-09-04,2026-09-15,active,
OWL,Blue Owl Capital Inc. Class A Common Stock,,,NYSE,2026-09-04,2026-09-15,active,
OWLS,OBOOK Holdings Inc. - Class A Common Shares,,,Nasdaq,2026-09-04,2026-09-15,active,
OWLT,"Owlet, Inc. Class A Common Stock",,,NYSE,2026-09-04,2026-09-15,active,
OXBR,Oxbridge Re Holdings Limited - Ordinary Shares,,,Nasdaq,2026-09-04,2026-09-15,active,
OXLC,Oxford Lane Capital Corp. - Closed End Fund,,,Nasdaq,2026-09-04,2026-09-15,active,
OXLCG,Oxford Lane Capital Corp. - 7.95% Notes due 2032,,,Nasdaq,2026-09-04,2026-09-15,active,
OXLCI,Oxford Lane Capital Corp. - 8.75% Notes due 2030,,,Nasdaq,2026-09-04,2026-09-15,active,
OXM,"Oxford Industries, Inc. Common Stock",,,NYSE,2026-09-04,2026-09-15,active,
OXSQ,Oxford Square Capital Corp. - Closed End Fund,,,Nasdaq,2026-09-04,2026-09-15,active,
OXSQG,Oxford Square Capital Corp. - 5.50% Notes due 2028,,,Nasdaq,2026-09-04,2026-09-15,active,
OXSQH,Oxford Square Capital Corp. - 7.75% Notes due 2030,,,Nasdaq,2026-09-04,2026-09-15,active,
OXY,Occidental Petroleum,Energy,Oil & Gas Exploration & Production,S&P 500,2026-09-04,2026-09-15,active,
OYSE,Oyster Enterprises II Acquisition Corp - Class A Ordinary Shares,,,Nasdaq,2026-09-04,2026-09-15,active,
OZ,"Belpointe PREP, LLC Class A Units",,,NYSE American,2026-09-04,2026-09-15,active,
OZK,Bank OZK,Financials,Regional Banks,S&P 400,2026-09-04,2026-09-15,active,
P,Everpure,Information Technology,"Technology Hardware, Storage & Peripherals",S&P 400,2026-09-04,2026-09-15,active,
PAA,"Plains All American Pipeline, L.P. - Common Units representing Limited Partner Interests",,,Nasdaq,2026-09-04,2026-09-15,active,
PAAC,Proem Acquisition Corp I - Ordinary Shares,,,Nasdaq,2026-09-04,2026-09-15,active,
PAAI,"Paradium.AI, Inc. Common Stock",,,NYSE American,2026-09-04,2026-09-15,active,
PAAS,Pan American Silver Corp. Common Stock,,,NYSE,2026-09-04,2026-09-15,active,
PAC,"Grupo Aeroportuario Del Pacifico, S.A. B. de C.V. Grupo Aeroportuario Del Pacifico, S.A. de C.V. (each representing 10 Series B shares)",,,NYSE,2026-09-04,2026-09-15,active,
PACB,"Pacific Biosciences of California, Inc. - Common Stock",,,Nasdaq,2026-09-04,2026-09-15,active,
PACH,Pioneer Acquisition I Corp - Class A Ordinary Shares,,,Nasdaq,2026-09-04,2026-09-15,active,
PACK,Ranpak Holdings Corp Class A Common Stock,,,NYSE,2026-09-04,2026-09-15,active,
PACS,"PACS Group, Inc. Common Stock",,,NYSE,2026-09-04,2026-09-15,active,
PAG,Penske Automotive Group,Consumer Discretionary,Automotive Retail,S&P 400,2026-09-04,2026-09-15,active,
PAGP,"Plains GP Holdings, L.P. - Class A Shares representing limited partner interests",,,Nasdaq,2026-09-04,2026-09-15,active,
PAGS,PagSeguro Digital Ltd. Class A Common Shares,,,NYSE,2026-09-04,2026-09-15,active,
PAHC,Phibro Animal Health,Health Care,Pharmaceuticals,S&P 600,2026-09-04,2026-09-15,active,
PAI,Western Asset Investment Grade Income Fund Inc.,,,NYSE,2026-09-04,2026-09-15,active,
PAII,Pyrophyte Acquisition Corp. II Class A Ordinary Shares,,,NYSE,2026-09-04,2026-09-15,active,
PAL,"Proficient Auto Logistics, Inc. - Common Stock",,,Nasdaq,2026-09-04,2026-09-15,active,
PALI,"Palisade Bio, Inc. - Common Stock",,,Nasdaq,2026-09-04,2026-09-15,active,
PALO,Paloma Acquisition Corp I - Class A Ordinary Shares,,,Nasdaq,2026-09-04,2026-09-15,active,
PAM,Pampa Energia S.A.,,,NYSE,2026-09-04,2026-09-15,active,
PAMT,PAMT CORP - Common Stock,,,Nasdaq,2026-09-04,2026-09-15,active,
PANL,Pangaea Logistics Solutions Ltd. - Common Stock,,,Nasdaq,2026-09-04,2026-09-15,active,
PANW,Palo Alto Networks,Information Technology,Systems Software,S&P 500,2026-09-04,2026-09-15,active,
PAPL,Pineapple Financial Inc. Common Stock,,,NYSE American,2026-09-04,2026-09-15,active,
PAR,PAR Technology Corporation Common Stock,,,NYSE,2026-09-04,2026-09-15,active,
PARA,"Banzai International, Inc. - Class A Common Stock",,,Nasdaq,2026-09-04,2026-09-15,active,
PARK,"Park Dental Partners, Inc. - Common Stock",,,Nasdaq,2026-09-04,2026-09-15,active,
PARR,"Par Pacific Holdings, Inc.",Energy,Oil & Gas Refining & Marketing,S&P 600,2026-09-04,2026-09-15,active,
PASG,"Passage Bio, Inc. - Common Stock",,,Nasdaq,2026-09-04,2026-09-15,active,
PATH,UiPath,Information Technology,Systems Software,S&P 400,2026-09-04,2026-09-15,active,
PATK,"Patrick Industries, Inc.",Consumer Discretionary,Automotive Parts & Equipment,S&P 600,2026-09-04,2026-09-15,active,
PAVM,PAVmed Inc. - Common Stock,,,Nasdaq,2026-09-04,2026-09-15,active,
PAVS,Paranovus Entertainment Technology Ltd. - Class A Ordinary Shares,,,Nasdaq,2026-09-04,2026-09-15,active,
PAX,Patria Investments Limited - Class A Common Shares,,,Nasdaq,2026-09-04,2026-09-15,active,
PAY,"Paymentus Holdings, Inc. Class A Common Stock",,,NYSE,2026-09-04,2026-09-15,active,
PAYC,Paycom,Industrials,Human Resource & Employment Services,S&P 600,2026-09-04,2026-09-15,active,
PAYO,Payoneer Global Inc.,Financials,Transaction & Payment Processing Services,S&P 600,2026-09-04,2026-09-15,active,
PAYP,PayPay Corporation - American Depository Shares,,,Nasdaq,2026-09-04,2026-09-15,active,
PAYS,"Paysign, Inc. - Common Stock",,,Nasdaq,2026-09-04,2026-09-15,active,
PAYX,Paychex,Industrials,Human Resource & Employment Services,S&P 500,2026-09-04,2026-09-15,active,
PB,Prosperity Bancshares,Financials,Regional Banks,S&P 400,2026-09-04,2026-09-15,active,
PBA,Pembina Pipeline Corp. Ordinary Shares (Canada),,,NYSE,2026-09-04,2026-09-15,active,
PBAM,"Private Bancorp of America, Inc. - Common Stock",,,Nasdaq,2026-09-04,2026-09-15,active,
PBF,PBF Energy,Energy,Oil & Gas Refining & Marketing,S&P 400,2026-09-04,2026-09-15,active,
PBFS,"Pioneer Bancorp, Inc. - Common Stock",,,Nasdaq,2026-09-04,2026-09-15,active,
PBH,Prestige Consumer Healthcare,Health Care,Pharmaceuticals,S&P 600,2026-09-04,2026-09-15,active,
PBHC,"Pathfinder Bancorp, Inc. - Common Stock",,,Nasdaq,2026-09-04,2026-09-15,active,
PBI,"Pitney Bowes, Inc.",Industrials,Office Services & Supplies,S&P 600,2026-09-04,2026-09-15,active,
PBLS,"Parabilis Medicines, Inc. - Common Stock",,,Nasdaq,2026-09-04,2026-09-15,active,
PBM,Psyence Biomedical Ltd. - Common Shares,,,Nasdaq,2026-09-04,2026-09-15,active,
PBR,Petroleo Brasileiro S.A. Petrobras ADS,,,NYSE,2026-09-04,2026-09-15,active,
PBT,Permian Basin Royalty Trust Common Stock,,,NYSE,2026-09-04,2026-09-15,active,
PBYI,Puma Biotechnology Inc - Common Stock,,,Nasdaq,2026-09-04,2026-09-15,active,
PC,Premium Catering (Holdings) Limited - Ordinary Shares,,,Nasdaq,2026-09-04,2026-09-14,dropped,2026-09-14
PCAP,ProCap Acquisition Corp - Class A Ordinary Shares,,,Nasdaq,2026-09-04,2026-09-15,active,
PCAR,Paccar,Industrials,Construction Machinery & Heavy Transportation Equipment,S&P 500,2026-09-04,2026-09-15,active,
PCB,PCB Bancorp - Common Stock,,,Nasdaq,2026-09-04,2026-09-15,active,
PCF,High Income Securities Fund Common Stock,,,NYSE,2026-09-04,2026-09-15,active,
PCG,PG&E Corporation,Utilities,Multi-Utilities,S&P 500,2026-09-04,2026-09-15,active,
PCM,"PCM Fund, Inc. Common Stock",,,NYSE,2026-09-04,2026-09-15,active,
PCN,Pimco Corporate & Income Strategy Fund Common Stock,,,NYSE,2026-09-04,2026-09-15,active,
PCOR,"Procore Technologies, Inc. Common Stock",,,NYSE,2026-09-04,2026-09-15,active,
PCQ,PIMCO California Municipal Income Fund Common Stock,,,NYSE,2026-09-04,2026-09-15,active,
PCRX,"Pacira BioSciences, Inc.",Health Care,Pharmaceuticals,S&P 600,2026-09-04,2026-09-15,active,
PCSA,"Processa Pharmaceuticals, Inc. - Common Stock",,,Nasdaq,2026-09-04,2026-09-15,active,
PCT,"PureCycle Technologies, Inc. - Common stock",,,Nasdaq,2026-09-04,2026-09-15,active,
PCTY,Paylocity,Industrials,Human Resource & Employment Services,S&P 400,2026-09-04,2026-09-15,active,
PCVX,"Vaxcyte, Inc. - Common Stock",,,Nasdaq,2026-09-04,2026-09-15,active,
PCYO,Pure Cycle Corporation - Common Stock,,,Nasdaq,2026-09-04,2026-09-15,active,
PD,"PagerDuty, Inc. Common Stock",,,NYSE,2026-09-04,2026-09-15,active,
PDCC,Pearl Diver Credit Company Inc. Common Stock,,,NYSE,2026-09-04,2026-09-15,active,
PDEX,"Pro-Dex, Inc. - Common Stock",,,Nasdaq,2026-09-04,2026-09-15,active,
PDFS,"PDF Solutions, Inc.",Information Technology,Semiconductor Materials & Equipment,S&P 600,2026-09-04,2026-09-15,active,
PDI,PIMCO Dynamic Income Fund Common Stock,,,NYSE,2026-09-04,2026-09-15,active,
PDLB,"Ponce Financial Group, Inc. - Common Stock",,,Nasdaq,2026-09-04,2026-09-15,active,
PDM,"Piedmont Realty Trust, Inc. Class A Common Stock",,,NYSE,2026-09-04,2026-09-15,active,
PDS,Precision Drilling Corporation Common Stock,,,NYSE,2026-09-04,2026-09-15,active,
PDT,John Hancock Premium Dividend Fund,,,NYSE,2026-09-04,2026-09-15,active,
PDYN,Palladyne AI Corp. - Common stock,,,Nasdaq,2026-09-04,2026-09-15,active,
PEB,Pebblebrook Hotel Trust,Real Estate,Hotel & Resort REITs,S&P 600,2026-09-04,2026-09-15,active,
PEBK,"Peoples Bancorp of North Carolina, Inc. - Common Stock",,,Nasdaq,2026-09-04,2026-09-15,active,
PEBO,Peoples Bancorp Inc. - Common Stock,,,Nasdaq,2026-09-04,2026-09-15,active,
PECE,Peace Acquisition Corp - Ordinary Shares,,,Nasdaq,2026-09-04,2026-09-15,active,
PECO,Phillips Edison & Company,Real Estate,Retail REITs,S&P 600,2026-09-04,2026-09-15,active,
PED,Pedevco Corp. Common Stock,,,NYSE American,2026-09-04,2026-09-15,active,
PEG,Public Service Enterprise Group,Utilities,Electric Utilities,S&P 500,2026-09-04,2026-09-15,active,
PEGA,Pegasystems,Information Technology,Application Software,S&P 400,2026-09-04,2026-09-15,active,
PEN,"Penumbra, Inc.",Health Care,Health Care Equipment,S&P 400,2026-09-04,2026-09-15,active,
PENG,"Penguin Solutions, Inc.",Information Technology,Semiconductors,S&P 600,2026-09-04,2026-09-15,active,
PENN,Penn Entertainment,Consumer Discretionary,Casinos & Gaming,S&P 600,2026-09-04,2026-09-15,active,
PEO,"Adams Natural Resources Fund, Inc. Common Stock",,,NYSE,2026-09-04,2026-09-15,active,
PEP,PepsiCo,Consumer Staples,Soft Drinks & Non-alcoholic Beverages,S&P 500,2026-09-04,2026-09-15,active,
PEPG,PepGen Inc. - Common Stock,,,Nasdaq,2026-09-04,2026-09-15,active,
PERF,Perfect Corp. Class A Ordinary Share,,,NYSE,2026-09-04,2026-09-15,active,
PERI,Perion Network Ltd - Ordinary Shares,,,Nasdaq,2026-09-04,2026-09-15,active,
PESI,"Perma-Fix Environmental Services, Inc. - Common Stock",,,Nasdaq,2026-09-04,2026-09-15,active,
PETS,"PetMed Express, Inc. - Common Stock",,,Nasdaq,2026-09-04,2026-09-15,active,
PETZ,"TDH Holdings, Inc. - Common Shares",,,Nasdaq,2026-09-04,2026-09-15,active,
PEW,GrabAGun Digital Holdings Inc. Common Stock,,,NYSE,2026-09-04,2026-09-15,active,
PFAI,Pinnacle Food Group Limited - Class A Common Shares,,,Nasdaq,2026-09-04,2026-09-15,active,
PFBC,Preferred Bank,Financials,Regional Banks,S&P 600,2026-09-04,2026-09-15,active,
PFE,Pfizer,Health Care,Pharmaceuticals,S&P 500,2026-09-04,2026-09-15,active,
PFG,Principal Financial Group,Financials,Life & Health Insurance,S&P 500,2026-09-04,2026-09-15,active,
PFGC,Performance Food Group,Consumer Staples,Food Distributors,S&P 400,2026-09-04,2026-09-15,active,
PFH,"Prudential Financial, Inc. 4.125% Junior Subordinated Notes due 2060",,,NYSE,2026-09-04,2026-09-15,active,
PFIS,Peoples Financial Services Corp.  - Common Stock,,,Nasdaq,2026-09-04,2026-09-15,active,
PFLA,PennantPark Floating Rate Capital Ltd. 7.375% Notes Due 2031,,,NYSE,2026-09-04,2026-09-15,active,
PFLT,PennantPark Floating Rate Capital Ltd. Common Stock,,,NYSE,2026-09-04,2026-09-15,active,
PFN,PIMCO Income Strategy Fund II,,,NYSE,2026-09-04,2026-09-15,active,
PFS,"Provident Financial Services, Inc.",Financials,Regional Banks,S&P 600,2026-09-04,2026-09-15,active,
PFSA,"Profusa, Inc. - Common Stock",,,Nasdaq,2026-09-10,2026-09-15,active,
PFSI,"PennyMac Financial Services, Inc. Common Stock",,,NYSE,2026-09-04,2026-09-15,active,
PFX,PhenixFIN Corporation  - Common Stock,,,Nasdaq,2026-09-04,2026-09-15,active,
PG,Procter & Gamble,Consumer Staples,Personal Care Products,S&P 500,2026-09-04,2026-09-15,active,
PGC,Peapack-Gladstone Financial Corporation - Common Stock,,,Nasdaq,2026-09-04,2026-09-15,active,
PGEN,"Precigen, Inc. - Common Stock",,,Nasdaq,2026-09-04,2026-09-15,active,
PGNY,"Progyny, Inc.",Health Care,Health Care Services,S&P 600,2026-09-04,2026-09-15,active,
PGR,Progressive Corporation,Financials,Property & Casualty Insurance,S&P 500,2026-09-04,2026-09-15,active,
PGY,Pagaya Technologies Ltd. - Class A Ordinary Shares,,,Nasdaq,2026-09-04,2026-09-15,active,
PH,Parker Hannifin,Industrials,Industrial Machinery & Supplies & Components,S&P 500,2026-09-04,2026-09-15,active,
PHAR,"Pharming Group N.V. - ADS, each representing 10 ordinary shares",,,Nasdaq,2026-09-04,2026-09-15,active,
PHAT,"Phathom Pharmaceuticals, Inc. - Common Stock",,,Nasdaq,2026-09-04,2026-09-15,active,
PHG,Koninklijke Philips N.V. NY Registry Shares,,,NYSE,2026-09-04,2026-09-15,active,
PHGE,BiomX Inc. Common Stock,,,NYSE American,2026-09-04,2026-09-10,dropped,2026-09-10
PHI,PLDT Inc. Sponsored ADR,,,NYSE,2026-09-04,2026-09-15,active,
PHIN,"PHINIA, Inc.",Consumer Discretionary,Automotive Retail,S&P 600,2026-09-04,2026-09-15,active,
PHIO,Phio Pharmaceuticals Corp. - Common Stock,,,Nasdaq,2026-09-04,2026-09-15,active,
PHK,Pimco High Income Fund,,,NYSE,2026-09-04,2026-09-15,active,
PHM,PulteGroup,Consumer Discretionary,Homebuilding,S&P 500,2026-09-04,2026-09-15,active,
PHOE,Phoenix Asia Holdings Limited - Ordinary Shares,,,Nasdaq,2026-09-04,2026-09-15,active,
PHR,"Phreesia, Inc. Common Stock",,,NYSE,2026-09-04,2026-09-15,active,
PHUN,"Phunware, Inc. - Common Stock",,,Nasdaq,2026-09-04,2026-09-15,active,
PHVS,Pharvaris N.V. - Ordinary Shares,,,Nasdaq,2026-09-04,2026-09-15,active,
PI,"Impinj, Inc.",Information Technology,Electronic Equipment & Instruments,S&P 600,2026-09-04,2026-09-15,active,
PICS,PicS N.V. - Class A Common Shares,,,Nasdaq,2026-09-04,2026-09-15,active,
PII,Polaris,Consumer Discretionary,Leisure Products,S&P 400,2026-09-04,2026-09-15,active,
PIII,P3 Health Partners Inc. - Class A Common Stock,,,Nasdaq,2026-09-04,2026-09-15,active,
PINE,"Alpine Income Property Trust, Inc. Common Stock",,,NYSE,2026-09-04,2026-09-15,active,
PINS,Pinterest,Communication Services,Interactive Home Entertainment,S&P 400,2026-09-04,2026-09-15,active,
PIPR,Piper Sandler Companies,Financials,Investment Banking & Brokerage,S&P 600,2026-09-04,2026-09-15,active,
PJT,"PJT Partners, Inc.",Financials,Investment Banking & Brokerage,S&P 600,2026-09-04,2026-09-15,active,
PK,Park Hotels & Resorts,Real Estate,Hotel & Resort REITs,S&P 400,2026-09-04,2026-09-15,active,
PKBK,"Parke Bancorp, Inc. - Common Stock",,,Nasdaq,2026-09-04,2026-09-15,active,
PKE,Park Aerospace Corp. Common Stock,,,NYSE,2026-09-04,2026-09-15,active,
PKG,Packaging Corporation of America,Materials,Paper & Plastic Packaging Products & Materials,S&P 500,2026-09-04,2026-09-15,active,
PKOH,Park-Ohio Holdings Corp. - Common Stock,,,Nasdaq,2026-09-04,2026-09-15,active,
PL,Planet Labs PBC Class A Common Stock,,,NYSE,2026-09-04,2026-09-15,active,
PLAB,"Photronics, Inc.",Information Technology,Semiconductor Materials & Equipment,S&P 600,2026-09-04,2026-09-15,active,
PLAG,Planet Green Holdings Corp. Common Stock,,,NYSE American,2026-09-04,2026-09-15,active,
PLAY,"Dave & Buster's Entertainment, Inc. - Common Stock",,,Nasdaq,2026-09-04,2026-09-15,active,
PLBC,Plumas Bancorp - Common Stock,,,Nasdaq,2026-09-04,2026-09-15,active,
PLBL,Polibeli Group Ltd - Class A Ordinary Shares,,,Nasdaq,2026-09-04,2026-09-15,active,
PLBY,"Playboy, Inc. - Common Stock",,,Nasdaq,2026-09-04,2026-09-15,active,
PLCE,"Children's Place, Inc. (The) - Common Stock",,,Nasdaq,2026-09-04,2026-09-15,active,
PLCI,Pelican Acquisition II Corporation - Ordinary Shares,,,Nasdaq,2026-09-04,2026-09-15,active,
PLD,Prologis,Real Estate,Industrial REITs,S&P 500,2026-09-04,2026-09-15,active,
PLG,Platinum Group Metals Ltd. Ordinary Shares (Canada),,,NYSE American,2026-09-04,2026-09-15,active,
PLGO,Pelagos Insurance Capital Limited Common Shares,,,NYSE,2026-09-04,2026-09-15,active,
PLMK,Plum Acquisition Corp. IV - Class A Ordinary Shares,,,Nasdaq,2026-09-04,2026-09-15,active,
PLMR,"Palomar Holdings, Inc.",Financials,Property & Casualty Insurance,S&P 600,2026-09-04,2026-09-15,active,
PLNT,Planet Fitness,Consumer Discretionary,Leisure Facilities,S&P 400,2026-09-04,2026-09-15,active,
PLOW,"Douglas Dynamics, Inc. Common Stock",,,NYSE,2026-09-04,2026-09-15,active,
PLPC,Preformed Line Products Company - Common Stock,,,Nasdaq,2026-09-04,2026-09-15,active,
PLRX,"Pliant Therapeutics, Inc. - Common Stock",,,Nasdaq,2026-09-04,2026-09-15,active,
PLRZ,Polyrizon Ltd. - Ordinary Shares,,,Nasdaq,2026-09-04,2026-09-15,active,
PLSE,"Pulse Biosciences, Inc - Common Stock",,,Nasdaq,2026-09-04,2026-09-15,active,
PLSM,Pulsenmore Ltd. - Ordinary Shares,,,Nasdaq,2026-09-04,2026-09-15,active,
PLTK,Playtika Holding Corp. - Common Stock,,,Nasdaq,2026-09-04,2026-09-15,active,
PLTR,Palantir Technologies,Information Technology,Application Software,S&P 500,2026-09-04,2026-09-15,active,
PLUG,"Plug Power, Inc. - Common Stock",,,Nasdaq,2026-09-04,2026-09-15,active,
PLUN,Plutonian Acquisition Corp II Class A Ordinary Shares,,,NYSE,2026-09-04,2026-09-15,active,
PLUS,"ePlus, Inc.",Information Technology,Technology Distributors,S&P 600,2026-09-04,2026-09-15,active,
PLUT,Plutus Financial Group Limited - Ordinary Shares,,,Nasdaq,2026-09-04,2026-09-15,active,
PLX,"Protalix BioTherapeutics, Inc. (DE) Common Stock",,,NYSE American,2026-09-04,2026-09-15,active,
PLXS,Plexus Corp.,Information Technology,Electronic Manufacturing Services,S&P 600,2026-09-04,2026-09-15,active,
PLYX,"Polaryx Therapeutics, Inc. - Common Stock",,,Nasdaq,2026-09-04,2026-09-15,active,
PM,Philip Morris International,Consumer Staples,Tobacco,S&P 500,2026-09-04,2026-09-15,active,
PMAX,Powell Max Limited - Class A Ordinary Shares,,,Nasdaq,2026-09-04,2026-09-15,active,
PMI,"Picard Medical, Inc. Common Stock",,,NYSE American,2026-09-04,2026-09-15,active,
PMN,ProMIS Neurosciences Inc. - Common Shares,,,Nasdaq,2026-09-04,2026-09-15,active,
PMT,PennyMac Mortgage Investment Trust,Real Estate,Mortgage REITs,S&P 600,2026-09-04,2026-09-15,active,
PMTR,Perimeter Acquisition Corp. I - Class A Ordinary Shares,,,Nasdaq,2026-09-04,2026-09-15,active,
PMTS,CPI Card Group Inc. - Common Stock,,,Nasdaq,2026-09-04,2026-09-15,active,
PMTU,PennyMac Mortgage Investment Trust 8.50% Senior Notes due 2028,,,NYSE,2026-09-04,2026-09-15,active,
PMTV,PennyMac Mortgage Investment Trust 9.00% Senior Notes due 2030,,,NYSE,2026-09-04,2026-09-15,active,
PMTW,PennyMac Mortgage Investment Trust 9.00% Senior Notes due 2030,,,NYSE,2026-09-04,2026-09-15,active,
PMVP,"PMV Pharmaceuticals, Inc. - Common Stock",,,Nasdaq,2026-09-04,2026-09-15,active,
PN,PN Smart Energy Limited - Class A Ordinary Shares,,,Nasdaq,2026-09-04,2026-09-15,active,
PNBK,Patriot National Bancorp Inc. - Common Stock,,,Nasdaq,2026-09-04,2026-09-15,active,
PNC,PNC Financial Services,Financials,Diversified Banks,S&P 500,2026-09-04,2026-09-15,active,
PNFP,Pinnacle Financial Partners,Financials,Regional Banks,S&P 400,2026-09-04,2026-09-15,active,
PNNT,PennantPark Investment Corporation Common Stock,,,NYSE,2026-09-04,2026-09-15,active,
PNR,Pentair,Industrials,Industrial Machinery & Supplies & Components,S&P 500,2026-09-04,2026-09-15,active,
PNRG,PrimeEnergy Resources Corporation - Common Stock,,,Nasdaq,2026-09-04,2026-09-15,active,
PNTG,"The Pennant Group, Inc. - Common Stock",,,Nasdaq,2026-09-04,2026-09-15,active,
PNW,Pinnacle West Capital,Utilities,Multi-Utilities,S&P 500,2026-09-04,2026-09-15,active,
POAS,Phaos Technology Holdings (Cayman) Limited Class A Ordinary Shares,,,NYSE American,2026-09-04,2026-09-15,active,
POCI,"Precision Optics Corporation, Inc. - Common stock",,,Nasdaq,2026-09-04,2026-09-15,active,
PODC,"PodcastOne, Inc. - Common Stock",,,Nasdaq,2026-09-04,2026-09-15,active,
PODD,Insulet Corporation,Health Care,Health Care Equipment,S&P 500,2026-09-04,2026-09-15,active,
POET,POET Technologies Inc. - Common Shares,,,Nasdaq,2026-09-04,2026-09-15,active,
POLE,Andretti Acquisition Corp. II - Class A Ordinary Shares,,,Nasdaq,2026-09-04,2026-09-15,active,
PONO,"Pono Capital Four, Inc. - Class A Ordinary Shares",,,Nasdaq,2026-09-04,2026-09-15,active,
POOL,Pool Corporation,Consumer Discretionary,Distributors,S&P 600,2026-09-04,2026-09-15,active,
POR,Portland General Electric,Utilities,Electric Utilities,S&P 400,2026-09-04,2026-09-15,active,
POST,Post Holdings,Consumer Staples,Packaged Foods & Meats,S&P 400,2026-09-04,2026-09-15,active,
POWI,Power Integrations,Information Technology,Semiconductors,S&P 600,2026-09-04,2026-09-15,active,
POWL,"Powell Industries, Inc.",Industrials,Electrical Components & Equipment,S&P 600,2026-09-04,2026-09-15,active,
POWW,Outdoor Holding Company - Common Stock,,,Nasdaq,2026-09-04,2026-09-15,active,
PPC,Pilgrim's Pride,Consumer Staples,Packaged Foods & Meats,S&P 400,2026-09-04,2026-09-15,active,
PPCB,"Propanc Biopharma, Inc. - Common Stock",,,Nasdaq,2026-09-04,2026-09-15,active,
PPG,PPG Industries,Materials,Specialty Chemicals,S&P 500,2026-09-04,2026-09-15,active,
PPHC,"Public Policy Holding Company, Inc. - Common Stock",,,Nasdaq,2026-09-04,2026-09-15,active,
PPIH,"Perma-Pipe International Holdings, Inc. - Common Stock",,,Nasdaq,2026-09-04,2026-09-15,active,
PPL,PPL Corporation,Utilities,Electric Utilities,S&P 500,2026-09-04,2026-09-15,active,
PPLC,PPL Corporation Corporate Units,,,NYSE,2026-09-04,2026-09-15,active,
PPLI,People Inc.,Communication Services,Interactive Media & Services,S&P 600,2026-09-04,2026-09-15,active,
PPSI,"Pioneer Power Solutions, Inc. - Common Stock",,,Nasdaq,2026-09-04,2026-09-15,active,
PPTA,Perpetua Resources Corp. - Common Shares,,,Nasdaq,2026-09-04,2026-09-15,active,
PR,Permian Resources,Energy,Oil & Gas Exploration & Production,S&P 400,2026-09-04,2026-09-15,active,
PRAA,"PRA Group, Inc. - Common Stock",,,Nasdaq,2026-09-04,2026-09-15,active,
PRAX,"Praxis Precision Medicines, Inc. - Common Stock",,,Nasdaq,2026-09-04,2026-09-15,active,
PRCH,"Porch Group, Inc. - Common Stock",,,Nasdaq,2026-09-04,2026-09-15,active,
PRCT,PROCEPT BioRobotics Corporation - Common Stock,,,Nasdaq,2026-09-04,2026-09-15,active,
PRDO,Perdoceo Education Corp.,Consumer Discretionary,Education Services,S&P 600,2026-09-04,2026-09-15,active,
PRE,Prenetics Global Limited - Class A Ordinary Share,,,Nasdaq,2026-09-04,2026-09-15,active,
PRFX,PRF Technologies Ltd. - Ordinary Shares,,,Nasdaq,2026-09-04,2026-09-15,active,
PRG,"PROG Holdings, Inc.",Financials,Consumer Finance,S&P 600,2026-09-04,2026-09-15,active,
PRGO,Perrigo,Health Care,Pharmaceuticals,S&P 600,2026-09-04,2026-09-15,active,
PRGS,Progress Software Corporation,Information Technology,Systems Software,S&P 600,2026-09-04,2026-09-15,active,
PRH,"Prudential Financial, Inc. 5.950% Junior Subordinated Notes due 2062",,,NYSE,2026-09-04,2026-09-15,active,
PRHI,"Presurance Holdings, Inc. - Common Stock",,,Nasdaq,2026-09-04,2026-09-15,active,
PRI,Primerica,Financials,Life & Health Insurance,S&P 400,2026-09-04,2026-09-15,active,
PRIM,Primoris Services Corporation,Industrials,Construction & Engineering,S&P 600,2026-09-04,2026-09-15,active,
PRK,Park National Corp.,Financials,Regional Banks,S&P 600,2026-09-04,2026-09-15,active,
PRKS,United Parks & Resorts,Consumer Discretionary,Leisure Facilities,S&P 600,2026-09-04,2026-09-15,active,
PRLB,Protolabs,Industrials,Industrial Machinery & Supplies & Components,S&P 600,2026-09-04,2026-09-15,active,
PRLD,Prelude Therapeutics Incorporated - Common Stock,,,Nasdaq,2026-09-04,2026-09-15,active,
PRM,"Perimeter Solutions, SA Common Stock",,,NYSE,2026-09-04,2026-09-15,active,
PRMB,Primo Brands Corporation Class A Common Stock,,,NYSE,2026-09-04,2026-09-15,active,
PRME,"Prime Medicine, Inc. - Common Stock",,,Nasdaq,2026-09-04,2026-09-15,active,
PROF,Profound Medical Corp. - common stock,,,Nasdaq,2026-09-04,2026-09-15,active,
PROK,ProKidney Corp. - Class A Ordinary Shares,,,Nasdaq,2026-09-04,2026-09-15,active,
PROV,"Provident Financial Holdings, Inc. - Common Stock",,,Nasdaq,2026-09-04,2026-09-15,active,
PRPL,"Purple Innovation, Inc. - Common Stock",,,Nasdaq,2026-09-04,2026-09-15,active,
PRPO,"Precipio, Inc. - Common Stock",,,Nasdaq,2026-09-04,2026-09-15,active,
PRQR,ProQR Therapeutics N.V. - Ordinary Shares,,,Nasdaq,2026-09-04,2026-09-15,active,
PRS,"Prudential Financial, Inc. 5.625% Junior Subordinated Notes due 2058",,,NYSE,2026-09-04,2026-09-15,active,
PRSU,"Pursuit Attractions & Hospitality, Inc.",Consumer Discretionary,"Hotels, Resorts & Cruise Lines",S&P 600,2026-09-04,2026-09-15,active,
PRTA,Prothena Corporation plc - Ordinary Shares,,,Nasdaq,2026-09-04,2026-09-15,active,
PRTH,"Priority Technology Holdings, Inc. - Common Stock",,,Nasdaq,2026-09-04,2026-09-15,active,
PRTS,"CarParts.com, Inc. - Common Stock",,,Nasdaq,2026-09-04,2026-09-15,active,
PRU,Prudential Financial,Financials,Life & Health Insurance,S&P 500,2026-09-04,2026-09-15,active,
PRVA,"Privia Health Group, Inc.",Health Care,Health Care Services,S&P 600,2026-09-04,2026-09-15,active,
PS,Pershing Square Inc. Common Stock,,,NYSE,2026-09-04,2026-09-15,active,
PSA,Public Storage,Real Estate,Self-Storage REITs,S&P 500,2026-09-04,2026-09-15,active,
PSBD,Palmer Square Capital BDC Inc. Common Stock,,,NYSE,2026-09-04,2026-09-15,active,
PSEC,Prospect Capital Corporation - Closed End Fund,,,Nasdaq,2026-09-04,2026-09-15,active,
PSFE,Paysafe Limited Common Shares,,,NYSE,2026-09-04,2026-09-15,active,
PSHG,Performance Shipping Inc. - Common Shares,,,Nasdaq,2026-09-04,2026-09-15,active,
PSIX,"Power Solutions International, Inc. - Common Stock",,,Nasdaq,2026-09-04,2026-09-15,active,
PSKY,Paramount Skydance Corporation,Communication Services,Movies & Entertainment,S&P 500,2026-09-04,2026-09-15,active,
PSMT,PriceSmart,Consumer Staples,Consumer Staples Merchandise Retail,S&P 600,2026-09-04,2026-09-15,active,
PSN,Parsons Corporation,Industrials,Aerospace & Defense,S&P 400,2026-09-04,2026-09-15,active,
PSNL,"Personalis, Inc. - Common Stock",,,Nasdaq,2026-09-04,2026-09-15,active,
PSNY,Polestar Automotive Holding UK Limited - Class A ADS,,,Nasdaq,2026-09-04,2026-09-15,active,
PSO,"Pearson, Plc Common Stock",,,NYSE,2026-09-04,2026-09-15,active,
PSQH,"PSQ Holdings, Inc. Class A Common Stock",,,NYSE,2026-09-04,2026-09-15,active,
PSQL,Pasqal Holding SA - Ordinary Shares,,,Nasdaq,2026-09-04,2026-09-15,active,
PSTL,"Postal Realty Trust, Inc. Class A Common Stock",,,NYSE,2026-09-04,2026-09-15,active,
PSUS,"Pershing Square USA, Ltd. Common Shares",,,NYSE,2026-09-04,2026-09-15,active,
PSX,Phillips 66,Energy,Oil & Gas Refining & Marketing,S&P 500,2026-09-04,2026-09-15,active,
PTAC,Patriot Acquisition Corp. - Class A Ordinary Shares,,,Nasdaq,2026-09-04,2026-09-15,active,
PTC,PTC Inc.,Information Technology,Application Software,S&P 500,2026-09-04,2026-09-15,active,
PTCT,"PTC Therapeutics, Inc.",Health Care,Pharmaceuticals,S&P 600,2026-09-04,2026-09-15,active,
PTEN,"Patterson-UTI Energy, Inc.",Energy,Oil & Gas Drilling,S&P 600,2026-09-04,2026-09-15,active,
PTGX,"Protagonist Therapeutics, Inc.",Health Care,Biotechnology,S&P 600,2026-09-04,2026-09-15,active,
PTHS,Pelthos Therapeutics Inc. Common Stock,,,NYSE American,2026-09-04,2026-09-15,active,
PTLE,PTL LTD - Class A Ordinary Shares,,,Nasdaq,2026-09-04,2026-09-15,active,
PTLO,Portillo's Inc. - Class A Common Stock,,,Nasdaq,2026-09-04,2026-09-15,active,
PTN,"Palatin Technologies, Inc. - Common Stock",,,Nasdaq,2026-09-04,2026-09-15,active,
PTON,"Peloton Interactive, Inc.",Consumer Discretionary,Leisure Products,S&P 600,2026-09-04,2026-09-15,active,
PTOR,Praetorian Acquisition Corp. - Class A Ordinary Shares,,,Nasdaq,2026-09-04,2026-09-15,active,
PTRN,Pattern Group Inc. - Series A Common Stock,,,Nasdaq,2026-09-04,2026-09-15,active,
PTY,Pimco Corporate & Income Opportunity Fund,,,NYSE,2026-09-04,2026-09-15,active,
PUBM,"PubMatic, Inc. - Class A Common Stock",,,Nasdaq,2026-09-04,2026-09-15,active,
PUK,Prudential Public Limited Company Common Stock,,,NYSE,2026-09-04,2026-09-15,active,
PULM,"Pulmatrix, Inc. - Common Stock",,,Nasdaq,2026-09-04,2026-09-15,active,
PUMP,ProPetro Holding Corp. Common Stock,,,NYSE,2026-09-04,2026-09-15,active,
PURR,Hyperliquid Strategies Inc - Common Stock,,,Nasdaq,2026-09-04,2026-09-15,active,
PUSA,Aureus Greenway Holdings Inc. - Common Stock,,,Nasdaq,2026-09-04,2026-09-15,active,
PVH,PVH Corp.,Consumer Discretionary,"Apparel, Accessories & Luxury Goods",S&P 400,2026-09-04,2026-09-15,active,
PVLA,"Palvella Therapeutics, Inc. - Common Stock",,,Nasdaq,2026-09-04,2026-09-15,active,
PW,Power REIT (MD) Common Stock,,,NYSE American,2026-09-04,2026-09-15,active,
PWCM,"PowerCompute, Inc. - Common Stock",,,Nasdaq,2026-09-04,2026-09-15,active,
PWP,Perella Weinberg Partners - Class A Common Stock,,,Nasdaq,2026-09-04,2026-09-15,active,
PWR,Quanta Services,Industrials,Construction & Engineering,S&P 500,2026-09-04,2026-09-15,active,
PWRL,Powerlaw Corp. - Common Stock,,,Nasdaq,2026-09-04,2026-09-15,active,
PXED,"Phoenix Education Partners, Inc. Common Stock",,,NYSE,2026-09-04,2026-09-15,active,
PXLW,"Pixelworks, Inc. - Common Stock",,,Nasdaq,2026-09-04,2026-09-15,active,
PXS,Pyxis Tankers Inc. - Common Stock,,,Nasdaq,2026-09-04,2026-09-15,active,
PYPD,PolyPid Ltd. - Ordinary Shares,,,Nasdaq,2026-09-04,2026-09-15,active,
PYPL,PayPal,Financials,Transaction & Payment Processing Services,S&P 500,2026-09-04,2026-09-15,active,
PYT,PPlus Tr GSC-2 Tr Ctf Fltg Rate,,,NYSE,2026-09-04,2026-09-15,active,
PYXS,"Pyxis Oncology, Inc. - Common Stock",,,Nasdaq,2026-09-04,2026-09-15,active,
PZG,Paramount Gold Nevada Corp. Common Stock,,,NYSE American,2026-09-04,2026-09-15,active,
PZZA,Papa John's Pizza,Consumer Discretionary,Restaurants,S&P 600,2026-09-04,2026-09-15,active,
Q,Qnity Electronics,Information Technology,Semiconductor Materials & Equipment,S&P 500,2026-09-04,2026-09-15,active,
QADR,QDRO Acquisition Corp. - Class A Ordinary Shares,,,Nasdaq,2026-09-04,2026-09-15,active,
QBTS,D-Wave Quantum Inc. - Common Stock,,,Nasdaq,2026-09-04,2026-09-15,active,
QCLS,"Q/C Technologies, Inc. - Common Stock",,,Nasdaq,2026-09-04,2026-09-15,active,
QCOM,Qualcomm,Information Technology,Semiconductors,S&P 500,2026-09-04,2026-09-15,active,
QCRH,"QCR Holdings, Inc. - Common Stock",,,Nasdaq,2026-09-04,2026-09-15,active,
QDEL,QuidelOrtho,Health Care,Health Care Supplies,S&P 600,2026-09-04,2026-09-15,active,
QGEN,Qiagen N.V. Common Shares,,,NYSE,2026-09-04,2026-09-15,active,
QH,Quhuo Limited - Class A Ordinary Shares,,,Nasdaq,2026-09-04,2026-09-15,active,
QLEP,Quantum Leap Acquisition Corp Class A Ordinary Shares,,,NYSE,2026-09-04,2026-09-15,active,
QLYS,Qualys,Information Technology,Systems Software,S&P 400,2026-09-04,2026-09-15,active,
QMCO,Quantum Corporation - Common Stock,,,Nasdaq,2026-09-04,2026-09-15,active,
QMLS,"QumulusAI, Inc. - Common Stock",,,Nasdaq,2026-09-04,2026-09-15,active,
QNBC,QNB Corp. - Common Stock,,,Nasdaq,2026-09-04,2026-09-15,active,
QNC,Quantum eMotion Corp. Common Shares,,,NYSE American,2026-09-04,2026-09-15,active,
QNCX,"Quince Therapeutics, Inc. - Common Stock",,,Nasdaq,2026-09-04,2026-09-08,dropped,2026-09-08
QNST,"QuinStreet, Inc.",Communication Services,Interactive Media & Services,S&P 600,2026-09-04,2026-09-15,active,
QNT,Quantinuum Inc. - Class A Common Stock,,,Nasdaq,2026-09-04,2026-09-15,active,
QNTM,Quantum Biopharma Ltd. - Class B Subordinate Voting Shares,,,Nasdaq,2026-09-04,2026-09-15,active,
QQQX,Nuveen NASDAQ 100 Dynamic Overwrite Fund - Closed End Fund,,,Nasdaq,2026-09-04,2026-09-15,active,
QRED,QuasarEdge Acquisition Corporation Ordinary Shares,,,NYSE,2026-09-04,2026-09-15,active,
QRHC,Quest Resource Holding Corporation - Common Stock,,,Nasdaq,2026-09-04,2026-09-15,active,
QRVO,Qorvo,Information Technology,Semiconductors,S&P 600,2026-09-04,2026-09-15,active,
QS,QuantumScape Corporation - Common Stock,,,Nasdaq,2026-09-04,2026-09-15,active,
QSEA,Quartzsea Acquisition Corporation - Ordinary Shares,,,Nasdaq,2026-09-04,2026-09-15,active,
QSR,Restaurant Brands International Inc. Common Shares,,,NYSE,2026-09-04,2026-09-15,active,
QTEX,QTREX Quantum Ltd. - Ordinary Shares,,,Nasdaq,2026-09-04,2026-09-15,active,
QTI,"QT Imaging Holdings, Inc. - Common Stock",,,Nasdaq,2026-09-04,2026-09-15,active,
QTRX,Quanterix Corporation - Common Stock,,,Nasdaq,2026-09-04,2026-09-15,active,
QTTB,Q32 Bio Inc. - Common Stock,,,Nasdaq,2026-09-04,2026-09-15,active,
QTWO,"Q2 Holdings, Inc.",Information Technology,Application Software,S&P 600,2026-09-04,2026-09-15,active,
QUAD,"Quad Graphics, Inc Class A Common Stock",,,NYSE,2026-09-04,2026-09-15,active,
QUBT,Quantum Computing Inc. - Common Stock,,,Nasdaq,2026-09-04,2026-09-15,active,
QUCY,Quantum Cyber N.V. - Ordinary Shares,,,Nasdaq,2026-09-04,2026-09-15,active,
QUIK,QuickLogic Corporation - Common Stock,,,Nasdaq,2026-09-04,2026-09-15,active,
QUMS,Quantumsphere Acquisition Corp. - Ordinary Shares,,,Nasdaq,2026-09-04,2026-09-15,active,
QURE,uniQure N.V. - Ordinary Shares,,,Nasdaq,2026-09-04,2026-09-15,active,
QVCG,"QVC Group, Inc. - Common Stock",,,Nasdaq,2026-09-04,2026-09-15,active,
QXL,Quantum X Labs Inc. - Common Stock,,,Nasdaq,2026-09-04,2026-09-15,active,
QXO,"QXO, Inc. Common Stock",,,NYSE,2026-09-04,2026-09-15,active,
R,Ryder,Industrials,Cargo Ground Transportation,S&P 400,2026-09-04,2026-09-15,active,
RA,Brookfield Real Assets Income Fund Inc. Common Stock,,,NYSE,2026-09-04,2026-09-15,active,
RAC,Rithm Acquisition Corp. Class A Ordinary Shares,,,NYSE,2026-09-04,2026-09-15,active,
RACC,Research Alliance Corporation III - Class A Ordinary Shares,,,Nasdaq,2026-09-04,2026-09-15,active,
RACD,Research Alliance Corporation IV - Class A Ordinary Shares,,,Nasdaq,2026-09-04,2026-09-15,active,
RACE,Ferrari N.V. Common Shares,,,NYSE,2026-09-04,2026-09-15,active,
RAIL,"Freightcar America, Inc. - Common Stock",,,Nasdaq,2026-09-04,2026-09-15,active,
RAL,Ralliant Corp,Information Technology,Electronic Equipment & Instruments,S&P 600,2026-09-04,2026-09-15,active,
RAMP,"LiveRamp Holdings, Inc.",Information Technology,Application Software,S&P 600,2026-09-04,2026-09-15,active,
RAND,Rand Capital Corporation - Closed End Fund,,,Nasdaq,2026-09-04,2026-09-15,active,
RANG,Range Capital Acquisition Corp. - Ordinary Shares,,,Nasdaq,2026-09-04,2026-09-15,active,
RAPP,"Rapport Therapeutics, Inc. - Common Stock",,,Nasdaq,2026-09-04,2026-09-15,active,
RARE,Ultragenyx Pharmaceutical Inc. - Common Stock,,,Nasdaq,2026-09-04,2026-09-15,active,
RAVE,"Rave Restaurant Group, Inc. - Common Stock",,,Nasdaq,2026-09-04,2026-09-15,active,
RAY,Raytech Holding Limited - Ordinary Shares,,,Nasdaq,2026-09-04,2026-09-09,dropped,2026-09-09
RAYA,Erayak Power Solution Group Inc. - Class A Ordinary Shares,,,Nasdaq,2026-09-04,2026-09-15,active,
RBA,RB Global,Industrials,Diversified Support Services,S&P 400,2026-09-04,2026-09-15,active,
RBB,RBB Bancorp - Common Stock,,,Nasdaq,2026-09-04,2026-09-15,active,
RBBN,Ribbon Communications Inc.  - Common Stock,,,Nasdaq,2026-09-04,2026-09-15,active,
RBC,RBC Bearings,Industrials,Industrial Machinery & Supplies & Components,S&P 400,2026-09-04,2026-09-15,active,
RBCAA,"Republic Bancorp, Inc. - Class A Common Stock",,,Nasdaq,2026-09-04,2026-09-15,active,
RBKB,"Rhinebeck Bancorp, Inc. - Common Stock",,,Nasdaq,2026-09-04,2026-09-15,active,
RBLX,Roblox Corporation Class A Common Stock,,,NYSE,2026-09-04,2026-09-15,active,
RBNE,Robin Energy Ltd. - Common Stock,,,Nasdaq,2026-09-04,2026-09-15,active,
RBRK,"Rubrik, Inc. Class A Common Stock",,,NYSE,2026-09-04,2026-09-15,active,
RC,Ready Capital Corporation Common Stock,,,NYSE,2026-09-04,2026-09-15,active,
RCAT,"Red Cat Holdings, Inc. - Common Stock",,,Nasdaq,2026-09-04,2026-09-15,active,
RCBC,River City Bank - Common stock,,,Nasdaq,2026-09-04,2026-09-15,active,
RCD,Ready Capital Corporation 9.00% Senior Notes due 2029,,,NYSE,2026-09-04,2026-09-15,active,
RCEL,"Avita Medical, Inc. - Common Stock",,,Nasdaq,2026-09-04,2026-09-15,active,
RCG,"RENN Fund, Inc Common Stock",,,NYSE American,2026-09-04,2026-09-15,active,
RCI,"Rogers Communication, Inc. Common Stock",,,NYSE,2026-09-04,2026-09-15,active,
RCKT,"Rocket Pharmaceuticals, Inc. - Common Stock",,,Nasdaq,2026-09-04,2026-09-15,active,
RCKY,"Rocky Brands, Inc. - Common Stock",,,Nasdaq,2026-09-04,2026-09-15,active,
RCL,Royal Caribbean Group,Consumer Discretionary,"Hotels, Resorts & Cruise Lines",S&P 500,2026-09-04,2026-09-15,active,
RCMT,"RCM Technologies, Inc. - Common Stock",,,Nasdaq,2026-09-04,2026-09-15,active,
RCS,"PIMCO Strategic Income Fund, Inc.",,,NYSE,2026-09-04,2026-09-15,active,
RCUS,"Arcus Biosciences, Inc.",Health Care,Biotechnology,S&P 600,2026-09-04,2026-09-15,active,
RDAG,Republic Digital Acquisition Company - Class A Ordinary Shares,,,Nasdaq,2026-09-04,2026-09-15,active,
RDCM,Radcom Ltd. - Ordinary Shares,,,Nasdaq,2026-09-04,2026-09-15,active,
RDDT,Reddit,Communication Services,Interactive Media & Services,S&P 500,2026-09-04,2026-09-15,active,
RDGT,"Ridgetech, Inc. - Ordinary Shares",,,Nasdaq,2026-09-04,2026-09-15,active,
RDI,Reading International Inc - Class A Non-voting Common Stock,,,Nasdaq,2026-09-04,2026-09-15,active,
RDIB,Reading International Inc - Class B Voting Common Stock,,,Nasdaq,2026-09-04,2026-09-15,active,
RDN,"Radian Group, Inc.",Financials,Property & Casualty Insurance,S&P 600,2026-09-04,2026-09-15,active,
RDNT,"RadNet, Inc.",Health Care,Health Care Services,S&P 600,2026-09-04,2026-09-15,active,
RDNW,"RideNow Group, Inc. - Class B Common Stock",,,Nasdaq,2026-09-04,2026-09-15,active,
RDVT,"Red Violet, Inc. - Common Stock",,,Nasdaq,2026-09-04,2026-09-15,active,
RDW,Redwire Corporation Common Stock,,,NYSE,2026-09-04,2026-09-15,active,
RDWR,Radware Ltd. - Ordinary Shares,,,Nasdaq,2026-09-04,2026-09-15,active,
RDY,Dr. Reddy's Laboratories Ltd Common Stock,,,NYSE,2026-09-04,2026-09-15,active,
RDZN,"Roadzen, Inc. - Ordinary Shares",,,Nasdaq,2026-09-04,2026-09-15,active,
REA,"Rare Earths Americas, Inc. Common Stock",,,NYSE American,2026-09-04,2026-09-15,active,
REAL,"The RealReal, Inc. - Common Stock",,,Nasdaq,2026-09-04,2026-09-15,active,
REAX,Real REMAX Group Inc. - Common Stock,,,Nasdaq,2026-09-04,2026-09-15,active,
RECT,Rectitude Holdings Ltd - Ordinary Shares,,,Nasdaq,2026-09-04,2026-09-15,active,
REED,"Reed's, Inc. Common Stock",,,NYSE American,2026-09-04,2026-09-15,active,
REF,Reformation Inc. Common Stock,,,NYSE,2026-09-04,2026-09-15,active,
REFI,"Chicago Atlantic Real Estate Finance, Inc. - Common Stock",,,Nasdaq,2026-09-04,2026-09-15,active,
REG,Regency Centers,Real Estate,Retail REITs,S&P 500,2026-09-04,2026-09-15,active,
REGN,Regeneron Pharmaceuticals,Health Care,Biotechnology,S&P 500,2026-09-04,2026-09-15,active,
REI,"Ring Energy, Inc. Common Stock",,,NYSE American,2026-09-04,2026-09-15,active,
RELL,"Richardson Electronics, Ltd. - Common Stock",,,Nasdaq,2026-09-04,2026-09-15,active,
RELY,Remitly,Financials,Transaction & Payment Processing Services,S&P 600,2026-09-04,2026-09-15,active,
RENT,"Rent the Runway, Inc. - Class A Common Stock",,,Nasdaq,2026-09-04,2026-09-15,active,
RENX,RenX Enterprises Corp. - Common Stock,,,Nasdaq,2026-09-04,2026-09-15,active,
REPL,"Replimune Group, Inc. - Common Stock",,,Nasdaq,2026-09-04,2026-09-15,active,
REPX,"Riley Exploration Permian, Inc. Common Stock",,,NYSE American,2026-09-04,2026-09-15,active,
RES,"RPC, Inc.",Energy,Oil & Gas Equipment & Services,S&P 600,2026-09-04,2026-09-15,active,
RETO,"ReTo Eco-Solutions, Inc. - Class A Shares",,,Nasdaq,2026-09-04,2026-09-15,active,
REVB,"Revelation Biosciences, Inc. - Common Stock",,,Nasdaq,2026-09-04,2026-09-15,active,
REX,REX American Resources Corporation,Energy,Oil & Gas Refining & Marketing,S&P 600,2026-09-04,2026-09-15,active,
REXR,Rexford Industrial Realty,Real Estate,Industrial REITs,S&P 400,2026-09-04,2026-09-15,active,
REYN,Reynolds Consumer Products,Consumer Staples,Household Products,S&P 600,2026-09-04,2026-09-15,active,
REZI,"Resideo Technologies, Inc.",Industrials,Trading Companies & Distributors,S&P 600,2026-09-04,2026-09-15,active,
RF,Regions Financial Corporation,Financials,Regional Banks,S&P 500,2026-09-04,2026-09-15,active,
RFAI,RF Acquisition Corp II - Ordinary Shares,,,Nasdaq,2026-09-04,2026-09-15,active,
RFAM,RF Acquisition Corp III - Ordinary Shares,,,Nasdaq,2026-09-04,2026-09-15,active,
RFI,"Cohen & Steers Total Return Realty Fund, Inc. Common Stock",,,NYSE,2026-09-04,2026-09-15,active,
RFIL,"RF Industries, Ltd. - Common Stock",,,Nasdaq,2026-09-04,2026-09-15,active,
RFL,"Rafael Holdings, Inc. Class B Common Stock",,,NYSE,2026-09-04,2026-09-15,active,
RFM,"RiverNorth Flexible Municipal Income Fund, Inc. Common Stock",,,NYSE,2026-09-04,2026-09-15,active,
RFMZ,"RiverNorth Flexible Municipal Income Fund II, Inc. Common Stock",,,NYSE,2026-09-04,2026-09-15,active,
RGA,Reinsurance Group of America,Financials,Reinsurance,S&P 400,2026-09-04,2026-09-15,active,
RGC,Regencell Bioscience Holdings Limited - Ordinary Shares,,,Nasdaq,2026-09-04,2026-09-15,active,
RGCO,RGC Resources Inc. - Common Stock,,,Nasdaq,2026-09-04,2026-09-15,active,
RGEN,Repligen,Health Care,Biotechnology,S&P 400,2026-09-04,2026-09-15,active,
RGLD,Royal Gold,Materials,Gold,S&P 400,2026-09-04,2026-09-15,active,
RGNT,Regentis Biomaterials Ltd. Ordinary Shares,,,NYSE American,2026-09-04,2026-09-15,active,
RGNX,REGENXBIO Inc. - Common Stock,,,Nasdaq,2026-09-04,2026-09-15,active,
RGP,"Resources Connection, Inc. - Common Stock",,,Nasdaq,2026-09-04,2026-09-15,active,
RGR,"Sturm, Ruger & Company, Inc. Common Stock",,,NYSE,2026-09-04,2026-09-15,active,
RGS,Regis Corporation - Common Stock,,,Nasdaq,2026-09-04,2026-09-15,active,
RGT,"Royce Global Trust, Inc. Common Stock",,,NYSE,2026-09-04,2026-09-15,active,
RGTI,"Rigetti Computing, Inc.  - Common stock",,,Nasdaq,2026-09-04,2026-09-15,active,
RH,RH,Consumer Discretionary,Homefurnishing Retail,S&P 400,2026-09-04,2026-09-15,active,
RHI,Robert Half,Industrials,Human Resource & Employment Services,S&P 600,2026-09-04,2026-09-15,active,
RHLD,Resolute Holdings Management Common Stock,,,NYSE,2026-09-04,2026-09-15,active,
RHP,Ryman Hospitality Properties,Real Estate,Hotel & Resort REITs,S&P 600,2026-09-04,2026-09-15,active,
RIBB,Ribbon Acquisition Corp - Class A Ordinary Shares,,,Nasdaq,2026-09-04,2026-09-15,active,
RICK,"RCI Hospitality Holdings, Inc. - Common Stock",,,Nasdaq,2026-09-04,2026-09-15,active,
RIG,Transocean Ltd (Switzerland) Common Stock,,,NYSE,2026-09-04,2026-09-15,active,
RIGL,"Rigel Pharmaceuticals, Inc. - Common Stock",,,Nasdaq,2026-09-04,2026-09-15,active,
RILY,"BRC Group Holdings, Inc. - Common Stock",,,Nasdaq,2026-09-04,2026-09-15,active,
RILYG,"BRC Group Holdings, Inc. - 5.00% Senior Notes due 2026",,,Nasdaq,2026-09-04,2026-09-15,active,
RILYN,"BRC Group Holdings, Inc. - 6.50% Senior Notes Due 2026",,,Nasdaq,2026-09-04,2026-09-15,active,
RILYT,"BRC Group Holdings, Inc. - 6.00% Senior Notes Due 2028",,,Nasdaq,2026-09-04,2026-09-15,active,
RIO,Rio Tinto Plc Common Stock,,,NYSE,2026-09-04,2026-09-15,active,
RIOT,"Riot Platforms, Inc. - Common Stock",,,Nasdaq,2026-09-04,2026-09-15,active,
RITM,Rithm Capital,Financials,Mortgage REITs,S&P 600,2026-09-04,2026-09-15,active,
RIV,"RiverNorth Opportunities Fund, Inc. Common Stock",,,NYSE,2026-09-04,2026-09-15,active,
RIVN,"Rivian Automotive, Inc. - Class A Common Stock",,,Nasdaq,2026-09-04,2026-09-15,active,
RJET,Republic Airways Holdings Inc. - Common Stock,,,Nasdaq,2026-09-04,2026-09-15,active,
RJF,Raymond James Financial,Financials,Investment Banking & Brokerage,S&P 500,2026-09-04,2026-09-15,active,
RKLB,Rocket Lab Corporation - Common Stock,,,Nasdaq,2026-09-04,2026-09-15,active,
RKT,"Rocket Companies, Inc. Class A Common Stock",,,NYSE,2026-09-04,2026-09-15,active,
RL,Ralph Lauren Corporation,Consumer Discretionary,"Apparel, Accessories & Luxury Goods",S&P 500,2026-09-04,2026-09-15,active,
RLAY,"Relay Therapeutics, Inc. - Common Stock",,,Nasdaq,2026-09-04,2026-09-15,active,
RLGT,"Radiant Logistics, Inc. Common Stock",,,NYSE American,2026-09-04,2026-09-15,active,
RLI,RLI Corp.,Financials,Property & Casualty Insurance,S&P 400,2026-09-04,2026-09-15,active,
RLMD,"Relmada Therapeutics, Inc. - Common Stock",,,Nasdaq,2026-09-04,2026-09-15,active,
RLYB,Rallybio Corporation - Common Stock,,,Nasdaq,2026-09-04,2026-09-15,active,
RM,Regional Management Corp. Common Stock,,,NYSE,2026-09-04,2026-09-15,active,
RMBI,"Richmond Mutual Bancorporation, Inc. - Common Stock",,,Nasdaq,2026-09-04,2026-09-15,active,
RMBS,Rambus,Information Technology,Semiconductors,S&P 400,2026-09-04,2026-09-15,active,
RMCF,"Rocky Mountain Chocolate Factory, Inc. - Common Stock",,,Nasdaq,2026-09-04,2026-09-15,active,
RMCO,Royalty Management Holding Corporation - Class A Common Stock,,,Nasdaq,2026-09-04,2026-09-15,active,
RMD,ResMed|,Health Care,Health Care Equipment,S&P 500,2026-09-04,2026-09-15,active,
RMI,"RiverNorth Opportunistic Municipal Income Fund, Inc. Common Stock",,,NYSE,2026-09-04,2026-09-15,active,
RMIX,"Suncrete, Inc. - Class A Common Stock",,,Nasdaq,2026-09-04,2026-09-15,active,
RMM,"RiverNorth Managed Duration Municipal Income Fund, Inc. Common Stock",,,NYSE,2026-09-04,2026-09-15,active,
RMMZ,"RiverNorth Managed Duration Municipal Income Fund II, Inc. Common Stock",,,NYSE,2026-09-04,2026-09-15,active,
RMNI,"Rimini Street, Inc. - Common Stock",,,Nasdaq,2026-09-04,2026-09-15,active,
RMR,The RMR Group Inc. - Class A Common Stock,,,Nasdaq,2026-09-04,2026-09-15,active,
RMT,"Royce Micro-Cap Trust, Inc. Common Stock",,,NYSE,2026-09-04,2026-09-15,active,
RMTI,"Rockwell Medical, Inc. - Common Stock",,,Nasdaq,2026-09-04,2026-09-15,active,
RNA,"Atrium Therapeutics, Inc. - Common Stock",,,Nasdaq,2026-09-04,2026-09-15,active,
RNAC,"Cartesian Therapeutics, Inc. - Common Stock",,,Nasdaq,2026-09-04,2026-09-15,active,
RNAQ,Rainier Acquisition Corporation - Class A Ordinary Shares,,,Nasdaq,2026-09-15,2026-09-15,active,
RNAZ,"TransCode Therapeutics, Inc. - Common Stock",,,Nasdaq,2026-09-04,2026-09-15,active,
RNG,"RingCentral, Inc.",Information Technology,Application Software,S&P 600,2026-09-04,2026-09-15,active,
RNGR,"Ranger Energy Services, Inc. Class A Common Stock",,,NYSE,2026-09-04,2026-09-15,active,
RNGT,Range Capital Acquisition Corp II - Class A Ordinary Shares,,,Nasdaq,2026-09-04,2026-09-15,active,
RNR,RenaissanceRe,Financials,Reinsurance,S&P 400,2026-09-04,2026-09-15,active,
RNST,Renasant Corp.,Financials,Regional Banks,S&P 600,2026-09-04,2026-09-15,active,
RNW,ReNew Energy Global plc - Class A Shares,,,Nasdaq,2026-09-04,2026-09-15,active,
RNXT,"RenovoRx, Inc. - Common Stock",,,Nasdaq,2026-09-04,2026-09-15,active,
ROAD,"Construction Partners, Inc.",Industrials,Construction & Engineering,S&P 600,2026-09-04,2026-09-15,active,
ROC,Rank One Computing Corporation - Common stock,,,Nasdaq,2026-09-04,2026-09-15,active,
ROCK,"Gibraltar Industries, Inc.",Industrials,Building Products,S&P 600,2026-09-04,2026-09-15,active,
ROG,Rogers Corporation,Information Technology,Electronic Components,S&P 600,2026-09-04,2026-09-15,active,
ROIV,Roivant Sciences,Health Care,Biotechnology,S&P 400,2026-09-04,2026-09-15,active,
ROK,Rockwell Automation,Industrials,Electrical Components & Equipment,S&P 500,2026-09-04,2026-09-15,active,
ROKU,"Roku, Inc.",Communication Services,Movies & Entertainment,S&P 400,2026-09-04,2026-09-15,active,
ROL,"Rollins, Inc.",Industrials,Environmental & Facilities Services,S&P 500,2026-09-04,2026-09-15,active,
ROLR,"High Roller Technologies, Inc. Common Stock",,,NYSE American,2026-09-04,2026-09-15,active,
ROMA,Roma Green Finance Limited - Class A Ordinary Shares,,,Nasdaq,2026-09-04,2026-09-15,active,
ROOT,"Root, Inc. - Common Stock",,,Nasdaq,2026-09-04,2026-09-15,active,
ROP,Roper Technologies,Information Technology,Electronic Equipment & Instruments,S&P 500,2026-09-04,2026-09-15,active,
ROST,Ross Stores,Consumer Discretionary,Apparel Retail,S&P 500,2026-09-04,2026-09-15,active,
RPAY,Repay Holdings Corporation - Class A Common Stock,,,Nasdaq,2026-09-04,2026-09-15,active,
RPC,"Ridgepost Capital, Inc. Class A Common Stock",,,NYSE,2026-09-04,2026-09-15,active,
RPD,"Rapid7, Inc. - Common Stock",,,Nasdaq,2026-09-04,2026-09-15,active,
RPGL,Republic Power Group Limited - Class A Ordinary Shares,,,Nasdaq,2026-09-04,2026-09-15,active,
RPID,"Rapid Micro Biosystems, Inc. - Class A Common Stock",,,Nasdaq,2026-09-04,2026-09-15,active,
RPM,RPM International,Materials,Specialty Chemicals,S&P 400,2026-09-04,2026-09-15,active,
RPRX,Royalty Pharma plc - Class A Ordinary Shares,,,Nasdaq,2026-09-04,2026-09-15,active,
RPT,Rithm Property Trust Inc. Common stock,,,NYSE,2026-09-04,2026-09-15,active,
RQI,Cohen & Steers Quality Income Realty Fund Inc Common Shares,,,NYSE,2026-09-04,2026-09-15,active,
RR,Richtech Robotics Inc. - Class B Common Stock,,,Nasdaq,2026-09-04,2026-09-15,active,
RRBI,"Red River Bancshares, Inc. - Common Stock",,,Nasdaq,2026-09-04,2026-09-15,active,
RRC,Range Resources,Energy,Oil & Gas Exploration & Production,S&P 400,2026-09-04,2026-09-15,active,
RREV,RRE Ventures Acquisition Corp. - Class A Ordinary Shares,,,Nasdaq,2026-09-04,2026-09-15,active,
RRGB,"Red Robin Gourmet Burgers, Inc. - Common Stock",,,Nasdaq,2026-09-04,2026-09-15,active,
RRR,"Red Rock Resorts, Inc.",Consumer Discretionary,Casinos & Gaming,S&P 600,2026-09-04,2026-09-15,active,
RRX,Regal Rexnord,Industrials,Electrical Components & Equipment,S&P 400,2026-09-04,2026-09-15,active,
RS,"Reliance, Inc.",Materials,Steel,S&P 400,2026-09-04,2026-09-15,active,
RSF,RiverNorth Capital and Income Fund Common Stock,,,NYSE,2026-09-04,2026-09-15,active,
RSG,Republic Services,Industrials,Environmental & Facilities Services,S&P 500,2026-09-04,2026-09-15,active,
RSI,"Rush Street Interactive, Inc.",Consumer Discretionary,Casinos & Gaming,S&P 600,2026-09-04,2026-09-15,active,
RSKD,Riskified Ltd. Class A Ordinary Shares,,,NYSE,2026-09-04,2026-09-15,active,
RSSS,"Research Solutions, Inc - Common Stock",,,Nasdaq,2026-09-04,2026-09-15,active,
RSVR,"Reservoir Media, Inc.. - Common Stock",,,Nasdaq,2026-09-04,2026-09-15,active,
RTB,"RTB Digital, Inc. - Common Stock",,,Nasdaq,2026-09-04,2026-09-15,active,
RTX,RTX Corporation,Industrials,Aerospace & Defense,S&P 500,2026-09-04,2026-09-15,active,
RUBI,Rubico Inc. - Common Stock,,,Nasdaq,2026-09-04,2026-09-15,active,
RUM,RUM Group Inc. - Class A Common Stock,,,Nasdaq,2026-09-04,2026-09-15,active,
RUN,Sunrun,Industrials,Building Products,S&P 600,2026-09-04,2026-09-15,active,
RUSHA,Rush Enterprises,Industrials,Construction Machinery & Heavy Transportation Equipment,S&P 600,2026-09-04,2026-09-15,active,
RUSHB,"Rush Enterprises, Inc. - Class B Common Stock",,,Nasdaq,2026-09-04,2026-09-15,active,
RVLV,"Revolve Group, Inc. Class A Common Stock",,,NYSE,2026-09-04,2026-09-15,active,
RVMD,"Revolution Medicines, Inc. - Common Stock",,,Nasdaq,2026-09-04,2026-09-15,active,
RVP,"Retractable Technologies, Inc. Common Stock",,,NYSE American,2026-09-04,2026-09-15,active,
RVSB,Riverview Bancorp Inc - Common Stock,,,Nasdaq,2026-09-04,2026-09-15,active,
RVSN,Rail Vision Ltd. - Ordinary Shares,,,Nasdaq,2026-09-04,2026-09-15,active,
RVT,"Royce Small-Cap Trust, Inc. Common Stock",,,NYSE,2026-09-04,2026-09-15,active,
RVTY,Revvity,Health Care,Health Care Equipment,S&P 500,2026-09-04,2026-09-15,active,
RWAY,Runway Growth Finance Corp. - Common Stock,,,Nasdaq,2026-09-04,2026-09-15,active,
RWAYI,Runway Growth Finance Corp. - 7.25% Notes due 2031,,,Nasdaq,2026-09-04,2026-09-15,active,
RWT,"Redwood Trust, Inc. Common Stock",,,NYSE,2026-09-04,2026-09-15,active,
RWTN,"Redwood Trust, Inc. 9.125% Senior Notes Due 2029",,,NYSE,2026-09-04,2026-09-15,active,
RWTO,"Redwood Trust, Inc. 9.00% Senior Notes Due 2029",,,NYSE,2026-09-04,2026-09-15,active,
RWTP,"Redwood Trust, Inc. 9.125% Senior Notes Due 2030",,,NYSE,2026-09-04,2026-09-15,active,
RWTQ,"Redwood Trust, Inc. 9.500% Senior Notes Due 2030",,,NYSE,2026-09-04,2026-09-15,active,
RWTS,"Redwood Trust, Inc. 9.75% Senior Notes Due 2031",,,NYSE,2026-09-04,2026-09-15,active,
RXO,"RXO, Inc.",Industrials,Cargo Ground Transportation,S&P 600,2026-09-04,2026-09-15,active,
RXRX,"Recursion Pharmaceuticals, Inc. - Class A Common Stock",,,Nasdaq,2026-09-04,2026-09-15,active,
RXST,"RxSight, Inc. - Common Stock",,,Nasdaq,2026-09-04,2026-09-15,active,
RXT,"Rackspace Technology, Inc. - Common Stock",,,Nasdaq,2026-09-04,2026-09-15,active,
RY,Royal Bank Of Canada Common Stock,,,NYSE,2026-09-04,2026-09-15,active,
RYAM,Rayonier Advanced Materials Inc. Common Stock,,,NYSE,2026-09-04,2026-09-15,active,
RYAN,Ryan Specialty,Financials,Insurance Brokers,S&P 400,2026-09-04,2026-09-15,active,
RYDE,Ryde Group Ltd. Class A Ordinary Shares,,,NYSE American,2026-09-04,2026-09-15,active,
RYET,Ruanyun Edai Technology Inc. - Ordinary shares,,,Nasdaq,2026-09-04,2026-09-15,active,
RYM,"RYTHM, Inc. - Common Stock",,,Nasdaq,2026-09-04,2026-09-15,active,
RYN,Rayonier,Real Estate,Timber REITs,S&P 400,2026-09-04,2026-09-15,active,
RYOJ,"rYojbaba Co., Ltd. - Common Shares",,,Nasdaq,2026-09-04,2026-09-15,active,
RYTM,"Rhythm Pharmaceuticals, Inc. - Common Stock",,,Nasdaq,2026-09-04,2026-09-15,active,
RYZ,Ryerson Holding Corporation Common Stock,,,NYSE,2026-09-04,2026-09-15,active,
RZC,"Reinsurance Group of America, Incorporated 7.125% Fixed-Rate Reset Subordinated Debentures due 2052",,,NYSE,2026-09-04,2026-09-15,active,
RZLT,"Rezolute, Inc. - Common Stock (NV)",,,Nasdaq,2026-09-04,2026-09-15,active,
RZLV,Rezolve AI PLC - Ordinary Shares,,,Nasdaq,2026-09-04,2026-09-15,active,
S,"SentinelOne, Inc. Class A Common Stock",,,NYSE,2026-09-04,2026-09-15,active,
SA,"Seabridge Gold, Inc. Common Shares New",,,NYSE,2026-09-04,2026-09-15,active,
SAAQ,Space Asset Acquisition Corp. - Class A Ordinary Shares,,,Nasdaq,2026-09-04,2026-09-15,active,
SABR,Sabre,Consumer Discretionary,"Hotels, Resorts & Cruise Lines",S&P 600,2026-09-04,2026-09-15,active,
SABS,"SAB Biotherapeutics, Inc. - Common Stock",,,Nasdaq,2026-09-04,2026-09-15,active,
SAC,Safeguard Acquisition Corp. Class A Ordinary Shares,,,NYSE,2026-09-04,2026-09-15,active,
SACH,Sachem Capital Corp. Common Shares,,,NYSE American,2026-09-04,2026-09-15,active,
SAFE,"Safehold, Inc.",Real Estate,Other Specialized REITs,S&P 600,2026-09-04,2026-09-15,active,
SAFT,"Safety Insurance Group, Inc.",Financials,Property & Casualty Insurance,S&P 600,2026-09-04,2026-09-15,active,
SAGU,Shreya Acquisition Group Class A Ordinary Shares,,,NYSE,2026-09-04,2026-09-15,active,
SAH,"Sonic Automotive, Inc.",Consumer Discretionary,Automotive Retail,S&P 600,2026-09-04,2026-09-15,active,
SAIA,Saia,Industrials,Cargo Ground Transportation,S&P 400,2026-09-04,2026-09-15,active,
SAIC,Science Applications Intl Corp,Industrials,Diversified Support Services,S&P 400,2026-09-04,2026-09-15,active,
SAIH,SAIHEAT Limited - Class A Ordinary Shares,,,Nasdaq,2026-09-04,2026-09-15,active,
SAIL,"SailPoint, Inc. - Common Stock",,,Nasdaq,2026-09-04,2026-09-15,active,
SAJ,Saratoga Investment Corp 8.00% Notes due 2027,,,NYSE,2026-09-04,2026-09-15,active,
SAM,Boston Beer Company,Consumer Staples,Brewers,S&P 400,2026-09-04,2026-09-15,active,
SAMG,Silvercrest Asset Management Group Inc. - Common Stock,,,Nasdaq,2026-09-04,2026-09-15,active,
SAMO,Samos Energy Acquisition Corporation Class A Ordinary Shares,,,NYSE,2026-09-04,2026-09-15,active,
SAN,"Banco Santander, S.A. Sponsored ADR (Spain)",,,NYSE,2026-09-04,2026-09-15,active,
SANA,"Sana Biotechnology, Inc. - Common Stock",,,Nasdaq,2026-09-04,2026-09-15,active,
SANG,Sangoma Technologies Corporation - Common Shares,,,Nasdaq,2026-09-04,2026-09-15,active,
SANM,Sanmina Corporation,Information Technology,Electronic Manufacturing Services,S&P 400,2026-09-04,2026-09-15,active,
SAP,SAP  SE ADS,,,NYSE,2026-09-04,2026-09-15,active,
SAR,Saratoga Investment Corp New,,,NYSE,2026-09-04,2026-09-15,active,
SARO,StandardAero,Industrials,Aerospace & Defense,S&P 400,2026-09-04,2026-09-15,active,
SAT,Saratoga Investment Corp 6.00% Notes due 2027,,,NYSE,2026-09-04,2026-09-15,active,
SATL,Satellogic Inc. - Class A Common Stock,,,Nasdaq,2026-09-04,2026-09-15,active,
SAV,Saratoga Investment Corp 7.50% Notes due 2031,,,NYSE,2026-09-04,2026-09-15,active,
SAX,Saratoga Investment Corp 8.00% Notes due 2031,,,NYSE,2026-09-04,2026-09-15,active,
SAY,Saratoga Investment Corp 8.125% Notes due 2027,,,NYSE,2026-09-04,2026-09-15,active,
SAZ,Saratoga Investment Corp 8.50% Notes due 2028,,,NYSE,2026-09-04,2026-09-15,active,
SB,"Safe Bulkers, Inc Common Stock ($0.001 par value)",,,NYSE,2026-09-04,2026-09-15,active,
SBAC,SBA Communications,Real Estate,Telecom Tower REITs,S&P 500,2026-09-04,2026-09-15,active,
SBCF,Seacoast Banking Corporation of Florida,Financials,Regional Banks,S&P 600,2026-09-04,2026-09-15,active,
SBET,"Sharplink, Inc. - Common Stock",,,Nasdaq,2026-09-04,2026-09-15,active,
SBFG,"SB Financial Group, Inc. - Common Stock",,,Nasdaq,2026-09-04,2026-09-15,active,
SBFM,Sunshine Biopharma Inc. - Common stock,,,Nasdaq,2026-09-04,2026-09-15,active,
SBGI,"Sinclair, Inc. - Class A Common Stock",,,Nasdaq,2026-09-04,2026-09-15,active,
SBH,"Sally Beauty Holdings, Inc.",Consumer Discretionary,Specialty Stores,S&P 600,2026-09-04,2026-09-15,active,
SBI,Western Asset Intermediate Muni Fund Inc Common Stock,,,NYSE,2026-09-04,2026-09-15,active,
SBLK,Star Bulk Carriers Corp. - Common Shares,,,Nasdaq,2026-09-04,2026-09-15,active,
SBMT,Silver Bow Mining Corp. Common Shares,,,NYSE American,2026-09-04,2026-09-15,active,
SBR,Sabine Royalty Trust Common Stock,,,NYSE,2026-09-04,2026-09-15,active,
SBRA,Sabra Health Care REIT,Real Estate,Health Care REITs,S&P 400,2026-09-04,2026-09-15,active,
SBSI,"Southside Bancshares, Inc.",Financials,Regional Banks,S&P 600,2026-09-04,2026-09-15,active,
SBSW,D/B/A Sibanye-Stillwater Limited ADS,,,NYSE,2026-09-04,2026-09-15,active,
SBUX,Starbucks,Consumer Discretionary,Restaurants,S&P 500,2026-09-04,2026-09-15,active,
SBXD,SilverBox Corp IV Class A Ordinary Shares,,,NYSE,2026-09-04,2026-09-15,active,
SBXE,SilverBox Corp V Class A Ordinary Shares,,,NYSE,2026-09-04,2026-09-15,active,
SCCD,Sachem Capital Corp. 6.00% Notes due 2026,,,NYSE American,2026-09-04,2026-09-15,active,
SCCE,Sachem Capital Corp. 6.00% Notes due 2027,,,NYSE American,2026-09-04,2026-09-15,active,
SCCF,Sachem Capital Corp. 7.125% Notes due 2027,,,NYSE American,2026-09-04,2026-09-15,active,
SCCG,Sachem Capital Corp. 8.00% Notes due 2027,,,NYSE American,2026-09-04,2026-09-15,active,
SCCO,Southern Copper Corporation Common Stock,,,NYSE,2026-09-04,2026-09-15,active,
SCD,LMP Capital and Income Fund Inc. Common Stock,,,NYSE,2026-09-04,2026-09-15,active,
SCHL,Scholastic Corporation,Consumer Discretionary,Publishing,S&P 600,2026-09-04,2026-09-15,active,
SCHW,Charles Schwab Corporation,Financials,Investment Banking & Brokerage,S&P 500,2026-09-04,2026-09-15,active,
SCI,Service Corp Intl,Consumer Discretionary,Specialized Consumer Services,S&P 400,2026-09-04,2026-09-15,active,
SCII,SC II Acquisition Corp. - Class A ordinary share,,,Nasdaq,2026-09-04,2026-09-15,active,
SCL,Stepan Company,Materials,Specialty Chemicals,S&P 600,2026-09-04,2026-09-15,active,
SCLX,Scilex Holding Company - Common Stock,,,Nasdaq,2026-09-04,2026-09-15,active,
SCM,Stellus Capital Investment Corporation Common Stock,,,NYSE,2026-09-04,2026-09-15,active,
SCOR,"comScore, Inc. - Common Stock",,,Nasdaq,2026-09-04,2026-09-15,active,
SCPQ,Social Commerce Partners Corporation - Class A Ordinary Shares,,,Nasdaq,2026-09-04,2026-09-15,active,
SCSC,"ScanSource, Inc.",Information Technology,Technology Distributors,S&P 600,2026-09-04,2026-09-15,active,
SCTX,Scribe Therapeutics Inc. - Common Stock,,,Nasdaq,2026-09-04,2026-09-15,active,
SCWO,374Water Inc. - common stock,,,Nasdaq,2026-09-04,2026-09-15,active,
SCYX,"SCYNEXIS, Inc. - Common Stock",,,Nasdaq,2026-09-04,2026-09-15,active,
SCZM,Santacruz Silver Mining Ltd. - Common Shares,,,Nasdaq,2026-09-04,2026-09-15,active,
SD,"SandRidge Energy, Inc. Common Stock",,,NYSE,2026-09-04,2026-09-15,active,
SDEV,Stablecoin Development Corporation Common Stock,,,NYSE American,2026-09-04,2026-09-15,active,
SDGR,"Schrödinger, Inc.",Health Care,Health Care Services,S&P 600,2026-09-04,2026-09-15,active,
SDHC,Smith Douglas Homes Corp. Class A Common Stock,,,NYSE,2026-09-04,2026-09-15,active,
SDHI,Siddhi Acquisition Corp - Class A Common stock,,,Nasdaq,2026-09-04,2026-09-15,active,
SDHY,PGIM Short Duration High Yield Opportunities Fund Common Shares,,,NYSE,2026-09-04,2026-09-15,active,
SDOT,Sadot Group Inc. - Common Stock,,,Nasdaq,2026-09-04,2026-09-15,active,
SDRL,Seadrill Limited Common Shares,,,NYSE,2026-09-04,2026-09-15,active,
SEAT,Vivid Seats Inc. - Class A common stock,,,Nasdaq,2026-09-04,2026-09-15,active,
SEB,Seaboard Corporation Common Stock,,,NYSE American,2026-09-04,2026-09-15,active,
SECZ,Securitize Corp. Common Stock,,,NYSE,2026-09-04,2026-09-15,active,
SEDG,SolarEdge,Information Technology,Semiconductor Materials & Equipment,S&P 600,2026-09-04,2026-09-15,active,
SEED,Origin Agritech Limited - Ordinary Shares,,,Nasdaq,2026-09-04,2026-09-15,active,
SEER,"Seer, Inc. - Class A Common Stock",,,Nasdaq,2026-09-04,2026-09-15,active,
SEG,Seaport Entertainment Group Inc. Common Stock,,,NYSE,2026-09-04,2026-09-15,active,
SEI,"Solaris Energy Infrastructure, Inc.",Energy,Oil & Gas Equipment & Services,S&P 600,2026-09-04,2026-09-15,active,
SEIC,SEI Investments Company,Financials,Asset Management & Custody Banks,S&P 400,2026-09-04,2026-09-15,active,
SELF,"Global Self Storage, Inc. - Common Stock",,,Nasdaq,2026-09-04,2026-09-15,active,
SENEA,Seneca Foods Corp. - Class A Common Stock,,,Nasdaq,2026-09-04,2026-09-15,active,
SENEB,Seneca Foods Corp. - Class B Common Stock,,,Nasdaq,2026-09-04,2026-09-15,active,
SENS,"Senseonics Holdings, Inc. - Common Stock",,,Nasdaq,2026-09-04,2026-09-15,active,
SEPN,"Septerna, Inc. - Common Stock",,,Nasdaq,2026-09-04,2026-09-15,active,
SER,"Serina Therapeutics, Inc. Common Stock",,,NYSE American,2026-09-04,2026-09-15,active,
SERA,"Sera Prognostics, Inc. - Class A Common Stock",,,Nasdaq,2026-09-04,2026-09-15,active,
SERV,Serve Robotics Inc. - Common Stock,,,Nasdaq,2026-09-04,2026-09-15,active,
SES,SES AI Corporation Class A Common Stock,,,NYSE,2026-09-04,2026-09-15,active,
SEV,Aptera Motors Corp. - Class B Common Stock,,,Nasdaq,2026-09-04,2026-09-15,active,
SEVN,Seven Hills Realty Trust  - Common Stock,,,Nasdaq,2026-09-04,2026-09-15,active,
SEZL,Sezzle,Financials,Transaction & Payment Processing Services,S&P 600,2026-09-04,2026-09-15,active,
SF,Stifel,Financials,Investment Banking & Brokerage,S&P 400,2026-09-04,2026-09-15,active,
SFB,Stifel Financial Corporation 5.20% Senior Notes due 2047,,,NYSE,2026-09-04,2026-09-15,active,
SFBC,"Sound Financial Bancorp, Inc. - Common Stock",,,Nasdaq,2026-09-04,2026-09-15,active,
SFBS,"ServisFirst Bancshares, Inc.",Financials,Regional Banks,S&P 600,2026-09-04,2026-09-15,active,
SFD,"Smithfield Foods, Inc. - Common Stock",,,Nasdaq,2026-09-04,2026-09-15,active,
SFHG,Samfine Creation Holdings Group Limited - Class A Ordinary Share,,,Nasdaq,2026-09-04,2026-09-15,active,
SFIX,"Stitch Fix, Inc. - Class A Common Stock",,,Nasdaq,2026-09-04,2026-09-15,active,
SFL,SFL Corporation Ltd,,,NYSE,2026-09-04,2026-09-15,active,
SFM,Sprouts Farmers Market,Consumer Staples,Food Retail,S&P 400,2026-09-04,2026-09-15,active,
SFNC,Simmons First National Corporation,Financials,Regional Banks,S&P 600,2026-09-04,2026-09-15,active,
SFST,"Southern First Bancshares, Inc. - Common Stock",,,Nasdaq,2026-09-04,2026-09-15,active,
SFWL,Shengfeng Development Limited - Class A Ordinary Shares,,,Nasdaq,2026-09-04,2026-09-15,active,
SG,"Sweetgreen, Inc. Class A Common Stock",,,NYSE,2026-09-04,2026-09-15,active,
SGA,"Saga Communications, Inc. - Class A Common Stock",,,Nasdaq,2026-09-04,2026-09-15,active,
SGC,"Superior Group of Companies, Inc. - Common Stock",,,Nasdaq,2026-09-04,2026-09-15,active,
SGHC,Super Group (SGHC) Limited Ordinary Shares,,,NYSE,2026-09-04,2026-09-15,active,
SGHT,"Sight Sciences, Inc. - Common Stock",,,Nasdaq,2026-09-04,2026-09-15,active,
SGI,Somnigroup International,Consumer Discretionary,Home Furnishings,S&P 400,2026-09-04,2026-09-15,active,
SGLD,Scorpio Gold Corporation - Common Stock,,,Nasdaq,2026-09-04,2026-09-15,active,
SGLY,Singularity Future Technology Ltd. - Common Stock,,,Nasdaq,2026-09-04,2026-09-15,active,
SGML,Sigma Lithium Corporation - common shares,,,Nasdaq,2026-09-04,2026-09-15,active,
SGMT,Sagimet Biosciences Inc. - Series A Common Stock,,,Nasdaq,2026-09-04,2026-09-15,active,
SGP,"SpyGlass Pharma, Inc. - Common Stock",,,Nasdaq,2026-09-04,2026-09-15,active,
SGRX,SANGRIX INC. - Class A Ordinary Shares,,,Nasdaq,2026-09-04,2026-09-15,active,
SGRY,"Surgery Partners, Inc. - Common Stock",,,Nasdaq,2026-09-04,2026-09-15,active,
SGU,Star Group L.P. Common Stock,,,NYSE,2026-09-04,2026-09-15,active,
SHAK,"Shake Shack, Inc.",Consumer Discretionary,Restaurants,S&P 600,2026-09-04,2026-09-15,active,
SHAZ,"SharonAI Holdings, Inc. - Class A Common Stock",,,Nasdaq,2026-09-04,2026-09-15,active,
SHBI,"Shore Bancshares, Inc. - Common Stock",,,Nasdaq,2026-09-04,2026-09-15,active,
SHC,Sotera Health,Health Care,Health Care Services,S&P 400,2026-09-04,2026-09-15,active,
SHEN,Shenandoah Telecommunications Co,Communication Services,Wireless Telecommunication Services,S&P 600,2026-09-04,2026-09-15,active,
SHIM,Shimmick Corporation - Common Stock,,,Nasdaq,2026-09-04,2026-09-15,active,
SHIP,Seanergy Maritime Holdings Corp. - Common Stock,,,Nasdaq,2026-09-04,2026-09-15,active,
SHLS,"Shoals Technologies Group, Inc. - Class A Common Stock",,,Nasdaq,2026-09-04,2026-09-15,active,
SHMD,SCHMID Group N.V. - Class A Ordinary Shares,,,Nasdaq,2026-09-04,2026-09-15,active,
SHO,"Sunstone Hotel Investors, Inc.",Real Estate,Hotel & Resort REITs,S&P 600,2026-09-04,2026-09-15,active,
SHOE,"Shoe Station Group, Inc. - Common Stock",,,Nasdaq,2026-09-04,2026-09-15,active,
SHOO,"Steven Madden, Ltd.",Consumer Discretionary,Footwear,S&P 600,2026-09-04,2026-09-15,active,
SHOP,Shopify Inc. - Class A Subordinate Voting Shares,,,Nasdaq,2026-09-04,2026-09-15,active,
SHOT,RMG ML Sports Holdings - Class A Ordinary Shares,,,Nasdaq,2026-09-04,2026-09-15,active,
SHPH,"Shuttle Pharmaceuticals Holdings, Inc. - common stock",,,Nasdaq,2026-09-04,2026-09-04,dropped,2026-09-04
SHW,Sherwin-Williams,Materials,Specialty Chemicals,S&P 500,2026-09-04,2026-09-15,active,
SI,"Shoulder Innovations, Inc. Common Stock",,,NYSE,2026-09-04,2026-09-15,active,
SIBN,"SI-BONE, Inc. - Common Stock",,,Nasdaq,2026-09-04,2026-09-15,active,
SID,Companhia Siderurgica Nacional S.A. Common Stock,,,NYSE,2026-09-04,2026-09-15,active,
SIDU,"Sidus Space, Inc. - Class A Common Stock",,,Nasdaq,2026-09-04,2026-09-15,active,
SIEB,Siebert Financial Corp. - Common Stock,,,Nasdaq,2026-09-04,2026-09-15,active,
SIF,"SIFCO Industries, Inc. Common Stock",,,NYSE American,2026-09-04,2026-09-15,active,
SIFY,Sify Technologies Limited - American Depository Shares,,,Nasdaq,2026-09-04,2026-09-15,active,
SIG,Signet Jewelers,Consumer Discretionary,Specialty Stores,S&P 600,2026-09-04,2026-09-15,active,
SIGA,SIGA Technologies Inc. - Common Stock,,,Nasdaq,2026-09-04,2026-09-15,active,
SIGI,Selective Insurance Group,Financials,Property & Casualty Insurance,S&P 400,2026-09-04,2026-09-15,active,
SII,Sprott Inc. Common Shares,,,NYSE,2026-09-04,2026-09-15,active,
SILC,Silicom Ltd - Ordinary Shares,,,Nasdaq,2026-09-04,2026-09-15,active,
SILO,"Silo Pharma, Inc. - Common Stock",,,Nasdaq,2026-09-04,2026-09-15,active,
SIMA,SIM Acquisition Corp. I - Class A Ordinary Shares,,,Nasdaq,2026-09-04,2026-09-15,active,
SIND,Sinda Ltd. Common Stock,,,NYSE,2026-09-04,2026-09-15,active,
SINT,"SiNtx Technologies, Inc. - Common Stock",,,Nasdaq,2026-09-04,2026-09-15,active,
SION,"Sionna Therapeutics, Inc. - Common Stock",,,Nasdaq,2026-09-04,2026-09-15,active,
SIRI,SiriusXM,Communication Services,Broadcasting,S&P 400,2026-09-04,2026-09-15,active,
SITC,SITE Centers Corp. Common Stock,,,NYSE,2026-09-04,2026-09-15,active,
SITE,"SiteOne Landscape Supply, Inc. Common Stock",,,NYSE,2026-09-04,2026-09-15,active,
SITM,SiTime,Information Technology,Semiconductors,S&P 400,2026-09-04,2026-09-15,active,
SJ,Scienjoy Holding Corporation - Class A Ordinary Shares,,,Nasdaq,2026-09-04,2026-09-15,active,
SJM,J.M. Smucker Company (The),Consumer Staples,Packaged Foods & Meats,S&P 500,2026-09-04,2026-09-15,active,
SJT,San Juan Basin Royalty Trust Common Stock,,,NYSE,2026-09-04,2026-09-15,active,
SKE,Skeena Resources Limited Common Shares,,,NYSE,2026-09-04,2026-09-15,active,
SKIL,Skillsoft Corp. Class A Common Stock,,,NYSE,2026-09-04,2026-09-15,active,
SKK,SKK Holdings Limited - Class A Ordinary Shares,,,Nasdaq,2026-09-04,2026-09-15,active,
SKM,"SK Telecom Co., Ltd. Common Stock",,,NYSE,2026-09-04,2026-09-15,active,
SKT,"Tanger Factory Outlet Centers, Inc.",Real Estate,Retail REITs,S&P 600,2026-09-04,2026-09-15,active,
SKWD,"Skyward Specialty Insurance Group, Inc. - Common Stock",,,Nasdaq,2026-09-04,2026-09-15,active,
SKY,"Champion Homes, Inc.",Consumer Discretionary,Homebuilding,S&P 600,2026-09-04,2026-09-15,active,
SKYA,"SkyAI, Inc. - Common Stock",,,Nasdaq,2026-09-04,2026-09-15,active,
SKYH,Sky Harbour Group Corporation Class A Common Stock,,,NYSE,2026-09-04,2026-09-15,active,
SKYQ,Sky Quarry Inc. - Common Stock,,,Nasdaq,2026-09-04,2026-09-15,active,
SKYW,"SkyWest, Inc.",Industrials,Passenger Airlines,S&P 600,2026-09-04,2026-09-15,active,
SKYX,SKYX Platforms Corp. - Common Stock,,,Nasdaq,2026-09-04,2026-09-15,active,
SLAB,Silicon Labs,Information Technology,Semiconductors,S&P 400,2026-09-04,2026-09-15,active,
SLB,Schlumberger,Energy,Oil & Gas Equipment & Services,S&P 500,2026-09-04,2026-09-15,active,
SLBT,SL Science Holding Limited - Ordinary Shares,,,Nasdaq,2026-09-04,2026-09-15,active,
SLDB,Solid Biosciences Inc. - Common Stock,,,Nasdaq,2026-09-04,2026-09-15,active,
SLDE,"Slide Insurance Holdings, Inc. - Common Stock",,,Nasdaq,2026-09-04,2026-09-15,active,
SLDP,"Solid Power, Inc. - Class A Common Stock",,,Nasdaq,2026-09-04,2026-09-15,active,
SLE,"Super League Enterprise, Inc. - Common Stock",,,Nasdaq,2026-09-04,2026-09-15,active,
SLF,Sun Life Financial Inc. Common Stock,,,NYSE,2026-09-04,2026-09-15,active,
SLG,SL Green Realty,Real Estate,Office REITs,S&P 600,2026-09-04,2026-09-15,active,
SLGL,Sol-Gel Technologies Ltd. - Ordinary Shares,,,Nasdaq,2026-09-04,2026-09-15,active,
SLGN,Silgan Holdings,Materials,"Metal, Glass & Plastic Containers",S&P 400,2026-09-04,2026-09-15,active,
SLI,Standard Lithium Ltd. Common Shares,,,NYSE American,2026-09-04,2026-09-15,active,
SLM,SLM Corp,Financials,Consumer Finance,S&P 400,2026-09-04,2026-09-15,active,
SLMT,Brera Holdings PLC - Class B Ordinary Shares,,,Nasdaq,2026-09-04,2026-09-15,active,
SLN,Silence Therapeutics Plc - American Depository Share,,,Nasdaq,2026-09-04,2026-09-15,active,
SLND,"Southland Holdings, Inc. Common Stock",,,NYSE American,2026-09-04,2026-09-15,active,
SLNG,"Stabilis Solutions, Inc. - Common Stock",,,Nasdaq,2026-09-04,2026-09-15,active,
SLNH,"Soluna Holdings, Inc. - Common Stock",,,Nasdaq,2026-09-04,2026-09-15,active,
SLP,"Simulations Plus, Inc. - Common Stock",,,Nasdaq,2026-09-04,2026-09-15,active,
SLQT,"SelectQuote, Inc. Common Stock",,,NYSE,2026-09-04,2026-09-15,active,
SLRC,SLR Investment Corp. - Closed End Fund,,,Nasdaq,2026-09-04,2026-09-15,active,
SLS,"SELLAS Life Sciences Group, Inc.  - Common Stock",,,Nasdaq,2026-09-04,2026-09-15,active,
SLSN,"Solesence, Inc. - Common stock",,,Nasdaq,2026-09-04,2026-09-15,active,
SLSR,Solaris Resources Inc. Common Shares,,,NYSE American,2026-09-04,2026-09-15,active,
SLVM,Sylvamo Corp.,Materials,Paper Products,S&P 600,2026-09-04,2026-09-15,active,
SM,SM Energy Company,Energy,Oil & Gas Exploration & Production,S&P 600,2026-09-04,2026-09-15,active,
SMA,"SmartStop Self Storage REIT, Inc. Common Stock",,,NYSE,2026-09-04,2026-09-15,active,
SMBC,"Southern Missouri Bancorp, Inc. - Common Stock",,,Nasdaq,2026-09-04,2026-09-15,active,
SMBK,"SmartFinancial, Inc. Common Stock",,,NYSE,2026-09-04,2026-09-15,active,
SMC,Summit Midstream Corporation Common Stock,,,NYSE,2026-09-04,2026-09-15,active,
SMCI,Supermicro,Information Technology,"Technology Hardware, Storage & Peripherals",S&P 500,2026-09-04,2026-09-15,active,
SMG,Scotts Miracle-Gro Company,Materials,Fertilizers & Agricultural Chemicals,S&P 400,2026-09-04,2026-09-15,active,
SMHI,SEACOR Marine Holdings Inc. Common Stock,,,NYSE,2026-09-04,2026-09-15,active,
SMID,Smith-Midland Corporation - Common Stock,,,Nasdaq,2026-09-04,2026-09-15,active,
SMJF,SMJ International Holdings Inc. Class A Ordinary Shares,,,NYSE American,2026-09-04,2026-09-15,active,
SMMT,Summit Therapeutics Inc.  - Common Stock,,,Nasdaq,2026-09-04,2026-09-15,active,
SMP,"Standard Motor Products, Inc.",Consumer Discretionary,Automotive Parts & Equipment,S&P 600,2026-09-04,2026-09-15,active,
SMPL,Simply Good Foods Company,Consumer Staples,Packaged Foods & Meats,S&P 600,2026-09-04,2026-09-15,active,
SMR,NuScale Power Corporation Class A Common Stock,,,NYSE,2026-09-04,2026-09-15,active,
SMRT,"SmartRent, Inc. Class A Common Stock",,,NYSE,2026-09-04,2026-09-15,active,
SMSI,"Smith Micro Software, Inc. - Common Stock",,,Nasdaq,2026-09-04,2026-09-15,active,
SMTC,Semtech,Information Technology,Semiconductors,S&P 400,2026-09-04,2026-09-15,active,
SMTI,Sanara MedTech Inc. - Common Stock,,,Nasdaq,2026-09-04,2026-09-15,active,
SMTK,"SmartKem, Inc. - Common Stock",,,Nasdaq,2026-09-11,2026-09-15,active,
SMWB,Similarweb Ltd. Ordinary Shares,,,NYSE,2026-09-04,2026-09-15,active,
SMX,SMX (Security Matters) Public Limited Company - Ordinary Shares,,,Nasdaq,2026-09-04,2026-09-15,active,
SN,SharkNinja,Consumer Discretionary,Household Appliances,S&P 400,2026-09-04,2026-09-15,active,
SNA,Snap-on,Industrials,Industrial Machinery & Supplies & Components,S&P 500,2026-09-04,2026-09-15,active,
SNAP,Snap Inc. Class A Common Stock,,,NYSE,2026-09-04,2026-09-15,active,
SND,"Smart Sand, Inc. - Common Stock",,,Nasdaq,2026-09-04,2026-09-15,active,
SNDA,"Sonida Senior Living, Inc. Common Stock",,,NYSE,2026-09-04,2026-09-15,active,
SNDK,Sandisk,Information Technology,"Technology Hardware, Storage & Peripherals",S&P 500,2026-09-04,2026-09-15,active,
SNDL,SNDL Inc. - Common Shares,,,Nasdaq,2026-09-04,2026-09-15,active,
SNDR,Schneider National,Industrials,Cargo Ground Transportation,S&P 600,2026-09-04,2026-09-15,active,
SNDX,"Syndax Pharmaceuticals, Inc. - Common Stock",,,Nasdaq,2026-09-04,2026-09-15,active,
SNES,"SenesTech, Inc. - Common Stock",,,Nasdaq,2026-09-04,2026-09-15,active,
SNEX,StoneX Group Inc.,Financials,Investment Banking & Brokerage,S&P 600,2026-09-04,2026-09-15,active,
SNFCA,Security National Financial Corporation - Class A Common Stock,,,Nasdaq,2026-09-04,2026-09-15,active,
SNN,"Smith & Nephew SNATS, Inc. Common Stock",,,NYSE,2026-09-04,2026-09-15,active,
SNOA,"Sonoma Pharmaceuticals, Inc. - Common Stock",,,Nasdaq,2026-09-04,2026-09-15,active,
SNOW,Snowflake Inc. Common Stock,,,NYSE,2026-09-04,2026-09-15,active,
SNPS,Synopsys,Information Technology,Application Software,S&P 500,2026-09-04,2026-09-15,active,
SNSC,SunScout Holding Limited Class A Ordinary Shares,,,NYSE American,2026-09-04,2026-09-15,active,
SNT,Senstar Technologies Corporation - Common Shares,,,Nasdaq,2026-09-04,2026-09-15,active,
SNTG,Sentage Holdings Inc. - Class A Ordinary Shares,,,Nasdaq,2026-09-04,2026-09-15,active,
SNWV,"SANUWAVE Health, Inc. - Common Stock",,,Nasdaq,2026-09-04,2026-09-15,active,
SNX,TD Synnex,Information Technology,Technology Distributors,S&P 400,2026-09-04,2026-09-15,active,
SO,Southern Company,Utilities,Electric Utilities,S&P 500,2026-09-04,2026-09-15,active,
SOAR,"Volato Group, Inc. Class A Common Stock",,,NYSE American,2026-09-04,2026-09-15,active,
SOBO,South Bow Corporation Common Shares,,,NYSE,2026-09-04,2026-09-15,active,
SOC,Sable Offshore Corp. Common Stock,,,NYSE,2026-09-04,2026-09-15,active,
SOCA,Solarius Capital Acquisition Corp. - Class A Ordinary Share,,,Nasdaq,2026-09-04,2026-09-15,active,
SOFI,"SoFi Technologies, Inc.  - Common Stock",,,Nasdaq,2026-09-04,2026-09-15,active,
SOJC,"Southern Company (The) Series 2017B 5.25% Junior Subordinated Notes due December 1, 2077",,,NYSE,2026-09-04,2026-09-15,active,
SOJD,"Southern Company (The) Series 2020A 4.95% Junior Subordinated Notes due January 30, 2080",,,NYSE,2026-09-04,2026-09-15,active,
SOJE,"Southern Company (The) Series 2020C 4.20% Junior Subordinated Notes due October 15, 2060",,,NYSE,2026-09-04,2026-09-15,active,
SOJF,"Southern Company (The) Series 2025A 6.50% Junior Subordinated Notes due March 15, 2085",,,NYSE,2026-09-04,2026-09-15,active,
SOLS,Solstice Advanced Materials,Materials,Specialty Chemicals,S&P 400,2026-09-04,2026-09-15,active,
SOLV,Solventum,Health Care,Health Care Technology,S&P 500,2026-09-04,2026-09-15,active,
SOMN,Southern Company (The) 2025 Series A Corporate Units,,,NYSE,2026-09-04,2026-09-15,active,
SON,Sonoco,Materials,Paper & Plastic Packaging Products & Materials,S&P 400,2026-09-04,2026-09-15,active,
SONO,"Sonos, Inc.",Consumer Discretionary,Consumer Electronics,S&P 600,2026-09-04,2026-09-15,active,
SOPH,SOPHiA GENETICS SA - Ordinary Shares,,,Nasdaq,2026-09-04,2026-09-15,active,
SOR,"Source Capital, Inc. Cmn Shs of BI",,,NYSE,2026-09-04,2026-09-15,active,
SORA,AsiaStrategy - Ordinary Shares,,,Nasdaq,2026-09-04,2026-09-15,active,
SORN,Soren Acquisition Corp. - Class A Ordinary Shares,,,Nasdaq,2026-09-04,2026-09-15,active,
SOS,SOS Limited Class A Ordinary Shares,,,NYSE,2026-09-04,2026-09-15,active,
SOTK,Sono-Tek Corporation - Common Stock,,,Nasdaq,2026-09-04,2026-09-15,active,
SOUL,Soulpower Acquisition Corporation Class A Ordinary Shares,,,NYSE,2026-09-04,2026-09-15,active,
SOUN,"SoundHound AI, Inc. - Class A Common Stock",,,Nasdaq,2026-09-04,2026-09-15,active,
SOWG,Sow Good Inc. - Common Stock,,,Nasdaq,2026-09-04,2026-09-15,active,
SPAI,Safe Pro Group Inc. - Common Stock,,,Nasdaq,2026-09-04,2026-09-15,active,
SPB,"Spectrum Brands Holdings, Inc. Common Stock",,,NYSE,2026-09-04,2026-09-15,active,
SPCB,"SuperCom, Ltd. - Ordinary Shares",,,Nasdaq,2026-09-04,2026-09-15,active,
SPCE,"Virgin Galactic Holdings, Inc. Common Stock",,,NYSE,2026-09-04,2026-09-15,active,
SPCX,Space Exploration Technologies Corp. - Class A Common Stock,,,Nasdaq,2026-09-04,2026-09-15,active,
SPE,"Special Opportunities Fund, Inc Common Stock",,,NYSE,2026-09-04,2026-09-15,active,
SPEG,Silver Pegasus Acquisition Corp - Class A Ordinary Shares,,,Nasdaq,2026-09-04,2026-09-15,active,
SPFI,"South Plains Financial, Inc. - Common Stock",,,Nasdaq,2026-09-04,2026-09-15,active,
SPG,Simon Property Group,Real Estate,Retail REITs,S&P 500,2026-09-04,2026-09-15,active,
SPGI,S&P Global,Financials,Financial Exchanges & Data,S&P 500,2026-09-04,2026-09-15,active,
SPH,"Suburban Propane Partners, L.P. Common Stock",,,NYSE,2026-09-04,2026-09-15,active,
SPHL,Springview Holdings Ltd - Ordinary shares,,,Nasdaq,2026-09-04,2026-09-15,active,
SPHR,Sphere Entertainment,Communication Services,Movies & Entertainment,S&P 600,2026-09-04,2026-09-15,active,
SPIR,"Spire Global, Inc. Class A Common Stock",,,NYSE,2026-09-04,2026-09-15,active,
SPMC,"Sound Point Meridian Capital, Inc. Common Stock",,,NYSE,2026-09-04,2026-09-15,active,
SPNT,SiriusPoint Ltd.,Financials,Reinsurance,S&P 600,2026-09-04,2026-09-15,active,
SPOK,"Spok Holdings, Inc. - Common Stock",,,Nasdaq,2026-09-04,2026-09-15,active,
SPOT,Spotify Technology S.A. Ordinary Shares,,,NYSE,2026-09-04,2026-09-15,active,
SPPL,SIMPPLE LTD. - Ordinary Shares,,,Nasdaq,2026-09-04,2026-09-15,active,
SPRB,"Spruce Biosciences, Inc. - Common Stock",,,Nasdaq,2026-09-04,2026-09-15,active,
SPRC,SciSparc Ltd. - Ordinary Shares,,,Nasdaq,2026-09-04,2026-09-15,active,
SPRO,"Spero Therapeutics, Inc. - Common Stock",,,Nasdaq,2026-09-04,2026-09-15,active,
SPRU,Spruce Power Holding Corporation Class A Common Stock,,,NYSE,2026-09-04,2026-09-15,active,
SPRY,"ARS Pharmaceuticals, Inc. - Common Stock",,,Nasdaq,2026-09-04,2026-09-15,active,
SPSC,"SPS Commerce, Inc.",Information Technology,Application Software,S&P 600,2026-09-04,2026-09-15,active,
SPT,"Sprout Social, Inc - Class A Common Stock",,,Nasdaq,2026-09-04,2026-09-15,active,
SPTX,"Seaport Therapeutics, Inc. - Common Stock",,,Nasdaq,2026-09-04,2026-09-15,active,
SPWH,"Sportsman's Warehouse Holdings, Inc. - Common Stock",,,Nasdaq,2026-09-04,2026-09-15,active,
SPXC,SPX Technologies,Industrials,Industrial Machinery & Supplies & Components,S&P 400,2026-09-04,2026-09-15,active,
SPXX,Nuveen S&P 500 Dynamic Overwrite Fund,,,NYSE,2026-09-04,2026-09-15,active,
SQFT,"Presidio Property Trust, Inc. - Class A Common Stock",,,Nasdaq,2026-09-04,2026-09-15,active,
SQM,Sociedad Quimica y Minera S.A. Common Stock,,,NYSE,2026-09-04,2026-09-15,active,
SR,Spire,Utilities,Gas Utilities,S&P 400,2026-09-04,2026-09-15,active,
SRAD,Sportradar Group AG - Class A Ordinary Shares,,,Nasdaq,2026-09-04,2026-09-15,active,
SRBK,"SR Bancorp, Inc. - Common stock",,,Nasdaq,2026-09-04,2026-09-15,active,
SRCE,1st Source Corporation - Common Stock,,,Nasdaq,2026-09-04,2026-09-15,active,
SRE,Sempra,Utilities,Multi-Utilities,S&P 500,2026-09-04,2026-09-15,active,
SREA,DBA Sempra 5.750% Junior Subordinated Notes due 2079,,,NYSE,2026-09-04,2026-09-15,active,
SRFM,Surf Air Mobility Inc. Common Stock,,,NYSE,2026-09-04,2026-09-15,active,
SRG,Seritage Growth Properties Class A Common Stock,,,NYSE,2026-09-04,2026-09-15,active,
SRI,"Stoneridge, Inc. Common Stock",,,NYSE,2026-09-04,2026-09-15,active,
SRJN,Spire Inc. 6.375% Junior Subordinated Notes due 2086,,,NYSE,2026-09-04,2026-09-15,active,
SRL,Scully Royalty Ltd.,,,NYSE,2026-09-04,2026-09-15,active,
SRPT,Sarepta Therapeutics,Health Care,Biotechnology,S&P 600,2026-09-04,2026-09-15,active,
SRRK,Scholar Rock Holding Corporation - Common Stock,,,Nasdaq,2026-09-04,2026-09-15,active,
SRTA,"Strata Critical Medical, Inc. - Class A Common Stock",,,Nasdaq,2026-09-04,2026-09-15,active,
SRTS,"Sensus Healthcare, Inc. - Common Stock",,,Nasdaq,2026-09-04,2026-09-15,active,
SRXH,SRX Global Inc. Common Stock,,,NYSE American,2026-09-04,2026-09-15,active,
SRZN,"Surrozen, Inc. - Common Stock",,,Nasdaq,2026-09-04,2026-09-15,active,
SSAC,SPACSphere Acquisition Corp. - Class A Ordinary Shares,,,Nasdaq,2026-09-04,2026-09-15,active,
SSB,South State Bank,Financials,Regional Banks,S&P 400,2026-09-04,2026-09-15,active,
SSBI,Summit State Bank - Common Stock,,,Nasdaq,2026-09-04,2026-09-15,active,
SSD,Simpson Manufacturing,Industrials,Building Products,S&P 400,2026-09-04,2026-09-15,active,
SSEA,Starry Sea Acquisition Corp - Ordinary Shares,,,Nasdaq,2026-09-04,2026-09-15,active,
SSII,SS Innovations International Inc. - Common Stock,,,Nasdaq,2026-09-04,2026-09-15,active,
SSM,Sono Group N.V. - Ordinary Shares,,,Nasdaq,2026-09-04,2026-09-15,active,
SSMR,Sunshine Silver Mining & Refining Company Common Stock,,,NYSE,2026-09-04,2026-09-15,active,
SSNC,"SS&C Technologies Holdings, Inc. - Common Stock",,,Nasdaq,2026-09-04,2026-09-15,active,
SSP,E.W. Scripps Company (The) - Class A Common Stock,,,Nasdaq,2026-09-04,2026-09-15,active,
SSRM,SSR Mining Inc. - Common Stock,,,Nasdaq,2026-09-04,2026-09-15,active,
SST,"System1, Inc. Class A Common Stock",,,NYSE,2026-09-04,2026-09-15,active,
SSTI,"SoundThinking, Inc. - Common Stock",,,Nasdaq,2026-09-04,2026-09-15,active,
SSTK,"Shutterstock, Inc. Common Stock",,,NYSE,2026-09-04,2026-09-15,active,
SSYS,"Stratasys, Ltd. - Common Stock",,,Nasdaq,2026-09-04,2026-09-15,active,
ST,Sensata Technologies,Industrials,Electrical Components & Equipment,S&P 400,2026-09-04,2026-09-15,active,
STAA,STAAR Surgical Company,Health Care,Health Care Equipment,S&P 600,2026-09-04,2026-09-15,active,
STAG,STAG Industrial,Real Estate,Industrial REITs,S&P 400,2026-09-04,2026-09-15,active,
STAK,STAK Inc. - Class A Ordinary Shares,,,Nasdaq,2026-09-04,2026-09-15,active,
STBA,"S&T Bancorp, Inc.",Financials,Regional Banks,S&P 600,2026-09-04,2026-09-15,active,
STC,Stewart Information Services Corporation,Financials,Property & Casualty Insurance,S&P 600,2026-09-04,2026-09-15,active,
STDN,"Standard Nuclear, Inc. Class A Common Stock",,,NYSE,2026-09-04,2026-09-15,active,
STE,Steris,Health Care,Health Care Equipment,S&P 500,2026-09-04,2026-09-15,active,
STEM,"Stem, Inc. Class A Common Stock",,,NYSE,2026-09-04,2026-09-15,active,
STEP,StepStone Group,Financials,Asset Management & Custody Banks,S&P 600,2026-09-04,2026-09-15,active,
STEW,"SRH Total Return Fund, Inc. Common Stock",,,NYSE,2026-09-04,2026-09-15,active,
STEX,Streamex Corp. - Common Stock,,,Nasdaq,2026-09-04,2026-09-15,active,
STFS,Star Fashion Culture Holdings Limited - Class A Ordinary Shares,,,Nasdaq,2026-09-04,2026-09-15,active,
STGW,Stagwell Inc. - Class A Common Stock,,,Nasdaq,2026-09-04,2026-09-15,active,
STI,"Solidion Technology, Inc. - Common Stock",,,Nasdaq,2026-09-04,2026-09-15,active,
STIM,"Neuronetics, Inc. - Common Stock",,,Nasdaq,2026-09-04,2026-09-15,active,
STK,Columbia Seligman Premium Technology Growth Fund Inc,,,NYSE,2026-09-04,2026-09-15,active,
STKE,Sol Strategies Inc. - Common Shares,,,Nasdaq,2026-09-04,2026-09-15,active,
STKS,"The ONE Group Hospitality, Inc. - Common Stock",,,Nasdaq,2026-09-04,2026-09-15,active,
STLA,Stellantis N.V. Common Shares,,,NYSE,2026-09-04,2026-09-15,active,
STLD,Steel Dynamics,Materials,Steel,S&P 500,2026-09-04,2026-09-15,active,
STLN,"Starling Oncology, Inc. - Common Stock",,,Nasdaq,2026-09-04,2026-09-15,active,
STM,STMicroelectronics N.V. Common Stock,,,NYSE,2026-09-04,2026-09-15,active,
STN,Stantec Inc Common Stock,,,NYSE,2026-09-04,2026-09-15,active,
STNE,StoneCo Ltd. - Class A Common Share,,,Nasdaq,2026-09-04,2026-09-15,active,
STNG,Scorpio Tankers Inc. Common Shares,,,NYSE,2026-09-04,2026-09-15,active,
STOK,"Stoke Therapeutics, Inc. - Common Stock",,,Nasdaq,2026-09-04,2026-09-15,active,
STRA,"Strategic Education, Inc.",Consumer Discretionary,Education Services,S&P 600,2026-09-04,2026-09-15,active,
STRL,Sterling Infrastructure,Industrials,Construction & Engineering,S&P 400,2026-09-04,2026-09-15,active,
STRO,"Sutro Biopharma, Inc. - Common Stock",,,Nasdaq,2026-09-04,2026-09-15,active,
STRR,"Star Equity Holdings, Inc. - Common Stock",,,Nasdaq,2026-09-04,2026-09-15,active,
STRT,STRATTEC SECURITY CORPORATION - Common Stock,,,Nasdaq,2026-09-04,2026-09-15,active,
STRW,"Strawberry Fields REIT, Inc. Common Stock",,,NYSE American,2026-09-04,2026-09-15,active,
STRZ,Starz Entertainment Corp. - Common Shares,,,Nasdaq,2026-09-04,2026-09-15,active,
STT,State Street Corporation,Financials,Asset Management & Custody Banks,S&P 500,2026-09-04,2026-09-15,active,
STTK,"Shattuck Labs, Inc. - Common Stock",,,Nasdaq,2026-09-04,2026-09-15,active,
STUB,"StubHub Holdings, Inc. Class A Common Stock",,,NYSE,2026-09-04,2026-09-15,active,
STVN,Stevanato Group S.p.A. Ordinary Shares,,,NYSE,2026-09-04,2026-09-15,active,
STWD,Starwood Property Trust,Financials,Mortgage REITs,S&P 400,2026-09-04,2026-09-15,active,
STX,Seagate Technology,Information Technology,"Technology Hardware, Storage & Peripherals",S&P 500,2026-09-04,2026-09-15,active,
STXS,"Stereotaxis, Inc. Common Stock",,,NYSE American,2026-09-04,2026-09-15,active,
STZ,Constellation Brands,Consumer Staples,Distillers & Vintners,S&P 500,2026-09-04,2026-09-15,active,
SU,Suncor Energy  Inc. Common Stock,,,NYSE,2026-09-04,2026-09-15,active,
SUGP,SU Group Holdings Limited - Class A Ordinary Shares,,,Nasdaq,2026-09-04,2026-09-15,active,
SUI,Sun Communities,Real Estate,Single-Family Residential REITs,S&P 400,2026-09-04,2026-09-15,active,
SUIG,Sui Group Holdings Limited - Common Stock,,,Nasdaq,2026-09-04,2026-09-15,active,
SUJA,"Suja Life, Inc. - Class A Common Stock",,,Nasdaq,2026-09-04,2026-09-15,active,
SUMA,SUMA Acquisition Corporation - Class A Ordinary Shares,,,Nasdaq,2026-09-04,2026-09-15,active,
SUN,Sunoco LP Common Units representing limited partner interests,,,NYSE,2026-09-04,2026-09-15,active,
SUNB,"Sunbelt Rentals Holdings, Inc. Common Stock",,,NYSE,2026-09-04,2026-09-15,active,
SUNC,"SunocoCorp LLC Common Units, representing limited liability company interests",,,NYSE,2026-09-04,2026-09-15,active,
SUNE,"SUNation Energy, Inc. - Common Stock",,,Nasdaq,2026-09-04,2026-09-15,active,
SUNS,"Sunrise Realty Trust, Inc. - Common Stock",,,Nasdaq,2026-09-04,2026-09-15,active,
SUPN,"Supernus Pharmaceuticals, Inc.",Health Care,Pharmaceuticals,S&P 600,2026-09-04,2026-09-15,active,
SUPX,SuperX AI Technology Limited - Ordinary Shares,,,Nasdaq,2026-09-04,2026-09-15,active,
SVA,"Sinovac Biotech, Ltd. - Ordinary Shares (Antigua/Barbudo)",,,Nasdaq,2026-09-04,2026-09-15,active,
SVAQ,Silicon Valley Acquisition Corp. - Class A Ordinary Shares,,,Nasdaq,2026-09-04,2026-09-15,active,
SVCC,Stellar V Capital Corp. - Class A Ordinary Shares,,,Nasdaq,2026-09-04,2026-09-15,active,
SVCO,"Silvaco Group, Inc. - Common Stock",,,Nasdaq,2026-09-04,2026-09-15,active,
SVIV,Spring Valley Acquisition Corp. IV - Class A Ordinary Shares,,,Nasdaq,2026-09-04,2026-09-15,active,
SVM,Silvercorp Metals Inc. Common Shares,,,NYSE American,2026-09-04,2026-09-15,active,
SVRA,"Savara, Inc. - Common Stock",,,Nasdaq,2026-09-04,2026-09-15,active,
SVV,"Savers Value Village, Inc. Common Stock",,,NYSE,2026-09-04,2026-09-15,active,
SW,Smurfit Westrock,Materials,Paper & Plastic Packaging Products & Materials,S&P 500,2026-09-04,2026-09-15,active,
SWAG,"Stran & Company, Inc. - Common Stock",,,Nasdaq,2026-09-04,2026-09-15,active,
SWBI,"Smith & Wesson Brands, Inc. - Common Stock",,,Nasdaq,2026-09-04,2026-09-15,active,
SWIM,"Latham Group, Inc. - Common Stock",,,Nasdaq,2026-09-04,2026-09-15,active,
SWK,Stanley Black & Decker,Industrials,Industrial Machinery & Supplies & Components,S&P 500,2026-09-04,2026-09-15,active,
SWKS,Skyworks Solutions,Information Technology,Semiconductors,S&P 500,2026-09-04,2026-09-15,active,
SWMR,"Swarmer, Inc - common stock",,,Nasdaq,2026-09-04,2026-09-15,active,
SWRD,Stewards Inc - Common Stock,,,Nasdaq,2026-09-10,2026-09-15,active,
SWVL,Swvl Holdings Corp - Ordinary Shares,,,Nasdaq,2026-09-04,2026-09-15,active,
SWX,Southwest Gas Corp,Utilities,Gas Utilities,S&P 400,2026-09-04,2026-09-15,active,
SWZ,Total Return Securities Fund Common Stock,,,NYSE,2026-09-04,2026-09-15,active,
SXC,"SunCoke Energy, Inc. Common Stock",,,NYSE,2026-09-04,2026-09-15,active,
SXI,Standex International Corporation,Industrials,Industrial Machinery & Supplies & Components,S&P 600,2026-09-04,2026-09-15,active,
SXT,Sensient Technologies,Materials,Specialty Chemicals,S&P 600,2026-09-04,2026-09-15,active,
SXTC,"China SXT Pharmaceuticals, Inc. - Class A Ordinary Shares",,,Nasdaq,2026-09-04,2026-09-15,active,
SXTP,"60 Degrees Pharmaceuticals, Inc. - Common Stock",,,Nasdaq,2026-09-04,2026-09-15,active,
SY,So-Young International Inc. - American Depository Shares,,,Nasdaq,2026-09-04,2026-09-15,active,
SYBT,"Stock Yards Bancorp, Inc. - Common Stock",,,Nasdaq,2026-09-04,2026-09-15,active,
SYF,Synchrony Financial,Financials,Consumer Finance,S&P 500,2026-09-04,2026-09-15,active,
SYK,Stryker Corporation,Health Care,Health Care Equipment,S&P 500,2026-09-04,2026-09-15,active,
SYM,Symbotic Inc. - Class A Common Stock,,,Nasdaq,2026-09-04,2026-09-15,active,
SYNA,Synaptics,Information Technology,Semiconductors,S&P 400,2026-09-04,2026-09-15,active,
SYNX,Silynxcom Ltd. Ordinary Shares,,,NYSE American,2026-09-04,2026-09-15,active,
SYPR,"Sypris Solutions, Inc. - Common Stock",,,Nasdaq,2026-09-04,2026-09-15,active,
SYRE,"Spyre Therapeutics, Inc. - Common Stock",,,Nasdaq,2026-09-04,2026-09-15,active,
SYY,Sysco,Consumer Staples,Food Distributors,S&P 500,2026-09-04,2026-09-15,active,
SZZL,Sizzle Acquisition Corp. II - Class A ordinary shares,,,Nasdaq,2026-09-04,2026-09-15,active,
T,AT&T,Communication Services,Integrated Telecommunication Services,S&P 500,2026-09-04,2026-09-15,active,
TAC,TransAlta Corporation Ordinary Shares,,,NYSE,2026-09-04,2026-09-15,active,
TACH,Titan Acquisition Corp. - Class A Ordinary Shares,,,Nasdaq,2026-09-04,2026-09-15,active,
TACO,Berto Acquisition Corp. - Ordinary Shares,,,Nasdaq,2026-09-04,2026-09-15,active,
TACT,TransAct Technologies Incorporated - Common Stock,,,Nasdaq,2026-09-04,2026-09-15,active,
TALO,"Talos Energy, Inc.",Energy,Oil & Gas Exploration & Production,S&P 600,2026-09-04,2026-09-15,active,
TAOP,Taoping Inc. - Ordinary Shares,,,Nasdaq,2026-09-04,2026-09-15,active,
TAOX,Tao Synergies Inc. - Common Stock,,,Nasdaq,2026-09-04,2026-09-15,active,
TAP,Molson Coors Beverage Company,Consumer Staples,Brewers,S&P 500,2026-09-04,2026-09-15,active,
TARA,"Protara Therapeutics, Inc.  - Common Stock",,,Nasdaq,2026-09-04,2026-09-15,active,
TARS,"Tarsus Pharmaceuticals, Inc. - Common Stock",,,Nasdaq,2026-09-04,2026-09-15,active,
TASK,"TaskUs, Inc. - Class A Common Stock",,,Nasdaq,2026-09-04,2026-09-15,active,
TATT,TAT Technologies Ltd. - Ordinary Shares,,,Nasdaq,2026-09-04,2026-09-15,active,
TAVI,Tavia Acquisition Corp. - Ordinary Shares,,,Nasdaq,2026-09-04,2026-09-15,active,
TAYD,"Taylor Devices, Inc. - Common Stock",,,Nasdaq,2026-09-04,2026-09-15,active,
TBB,AT&T Inc. 5.350% Global Notes due 2066,,,NYSE,2026-09-04,2026-09-15,active,
TBBB,BBB Foods Inc. Class A Common Shares,,,NYSE,2026-09-04,2026-09-15,active,
TBBK,"The Bancorp, Inc.",Financials,Regional Banks,S&P 600,2026-09-04,2026-09-15,active,
TBCH,Turtle Beach Corporation - Common Stock,,,Nasdaq,2026-09-04,2026-09-15,active,
TBI,"TrueBlue, Inc. Common Stock",,,NYSE,2026-09-04,2026-09-15,active,
TBLA,Taboola.com Ltd. - Ordinary Shares,,,Nasdaq,2026-09-04,2026-09-15,active,
TBLD,Thornburg Income Builder Opportunities Trust - Closed End Fund,,,Nasdaq,2026-09-04,2026-09-15,active,
TBN,Tamboran Resources Corporation Common stock,,,NYSE,2026-09-04,2026-09-15,active,
TBPH,"Theravance Biopharma, Inc. - Ordinary Shares",,,Nasdaq,2026-09-04,2026-09-15,active,
TCBI,Texas Capital Bancshares,Financials,Regional Banks,S&P 400,2026-09-04,2026-09-15,active,
TCBK,TriCo Bancshares - Common Stock,,,Nasdaq,2026-09-04,2026-09-15,active,
TCBS,"Texas Community Bancshares, Inc. - Common Stock",,,Nasdaq,2026-09-04,2026-09-15,active,
TCBX,"Third Coast Bancshares, Inc. Common Stock",,,NYSE,2026-09-04,2026-09-15,active,
TCGX,TCGX Acquisition Corp. - Class A Ordinary Shares,,,Nasdaq,2026-09-04,2026-09-15,active,
TCI,"Transcontinental Realty Investors, Inc. Common Stock",,,NYSE,2026-09-04,2026-09-15,active,
TCMD,"Tactile Systems Technology, Inc. - Common Stock",,,Nasdaq,2026-09-04,2026-09-15,active,
TCPA,TransCanada PipeLines Limited 6.250% Junior Subordinated Notes due 2085,,,NYSE,2026-09-04,2026-09-15,active,
TCPC,BlackRock TCP Capital Corp. - Closed End Fund,,,Nasdaq,2026-09-04,2026-09-15,active,
TCX,Tucows Inc. - Common Stock,,,Nasdaq,2026-09-04,2026-09-15,active,
TD,Toronto Dominion Bank (The) Common Stock,,,NYSE,2026-09-04,2026-09-15,active,
TDAC,Translational Development Acquisition Corp. - Ordinary Shares,,,Nasdaq,2026-09-04,2026-09-15,active,
TDAY,"USA TODAY Co., Inc. Common Stock",,,NYSE,2026-09-04,2026-09-15,active,
TDC,Teradata,Information Technology,IT Consulting & Other Services,S&P 600,2026-09-04,2026-09-15,active,
TDF,"Templeton Dragon Fund, Inc. Common Stock",,,NYSE,2026-09-04,2026-09-15,active,
TDG,TransDigm Group,Industrials,Aerospace & Defense,S&P 500,2026-09-04,2026-09-15,active,
TDIC,Dreamland Limited - Class A Ordinary Shares,,,Nasdaq,2026-09-04,2026-09-15,active,
TDOC,"Teladoc Health, Inc. Common Stock",,,NYSE,2026-09-04,2026-09-15,active,
TDS,"Telephone and Data Systems, Inc.",Communication Services,Integrated Telecommunication Services,S&P 600,2026-09-04,2026-09-15,active,
TDUP,ThredUp Inc. - Class A Common Stock,,,Nasdaq,2026-09-04,2026-09-15,active,
TDW,"Tidewater, Inc.",Energy,Oil & Gas Equipment & Services,S&P 600,2026-09-04,2026-09-15,active,
TDWD,Tailwind 2.0 Acquisition Corp. - Class A Ordinary Shares,,,Nasdaq,2026-09-04,2026-09-15,active,
TDY,Teledyne Technologies,Information Technology,Electronic Equipment & Instruments,S&P 500,2026-09-04,2026-09-15,active,
TE,T1 Energy Inc. Common Stock,,,NYSE,2026-09-04,2026-09-15,active,
TEAM,Atlassian Corporation  - Class A Common Stock,,,Nasdaq,2026-09-04,2026-09-15,active,
TECH,Bio-Techne,Health Care,Life Sciences Tools & Services,S&P 500,2026-09-04,2026-09-15,active,
TECK,Teck Resources Ltd Ordinary Shares,,,NYSE,2026-09-04,2026-09-15,active,
TECX,"Tectonic Therapeutic, Inc. - Common Stock",,,Nasdaq,2026-09-04,2026-09-15,active,
TEI,"Templeton Emerging Markets Income Fund, Inc. Common Stock",,,NYSE,2026-09-04,2026-09-15,active,
TEL,TE Connectivity,Information Technology,Electronic Manufacturing Services,S&P 500,2026-09-04,2026-09-15,active,
TELO,"Telomir Pharmaceuticals, Inc. - Common Stock",,,Nasdaq,2026-09-04,2026-09-15,active,
TEM,"Tempus AI, Inc. - Class A Common Stock",,,Nasdaq,2026-09-04,2026-09-15,active,
TEN,Tsakos Energy Navigation Ltd Common Shares,,,NYSE,2026-09-04,2026-09-15,active,
TENB,"Tenable Holdings, Inc. - Common Stock",,,Nasdaq,2026-09-04,2026-09-15,active,
TENX,"Tenax Therapeutics, Inc. - Common Stock",,,Nasdaq,2026-09-04,2026-09-15,active,
TEO,Telecom Argentina SA,,,NYSE,2026-09-04,2026-09-15,active,
TER,Teradyne,Information Technology,Semiconductor Materials & Equipment,S&P 500,2026-09-04,2026-09-15,active,
TEVA,Teva Pharmaceutical Industries Limited Ordinary Shares,,,NYSE,2026-09-14,2026-09-15,active,
TEX,Terex,Industrials,Construction Machinery & Heavy Transportation Equipment,S&P 400,2026-09-04,2026-09-15,active,
TFC,Truist Financial,Financials,Diversified Banks,S&P 500,2026-09-04,2026-09-15,active,
TFII,TFI International Inc. Common Shares,,,NYSE,2026-09-04,2026-09-15,active,
TFIN,"Triumph Bancorp, Inc.",Financials,Regional Banks,S&P 600,2026-09-04,2026-09-15,active,
TFPM,Triple Flag Precious Metals Corp. Common Shares,,,NYSE,2026-09-04,2026-09-15,active,
TFSL,TFS Financial Corporation - Common Stock,,,Nasdaq,2026-09-04,2026-09-15,active,
TFX,Teleflex,Health Care,Health Care Equipment,S&P 600,2026-09-04,2026-09-15,active,
TG,Tredegar Corporation Common Stock,,,NYSE,2026-09-04,2026-09-15,active,
TGB,Trekor Metals Limited Common Shares,,,NYSE American,2026-09-04,2026-09-15,active,
TGE,The Generation Essentials Group Class A Ordinary Shares,,,NYSE,2026-09-04,2026-09-15,active,
TGEN,Tecogen Inc. Common Stock,,,NYSE American,2026-09-04,2026-09-15,active,
TGL,Treasure Global Inc. - Common Stock,,,Nasdaq,2026-09-04,2026-09-15,active,
TGLS,Tecnoglass Holdings Inc. Common Stock,,,NYSE,2026-09-04,2026-09-15,active,
TGS,Transportadora de Gas del Sur SA TGS Common Stock,,,NYSE,2026-09-04,2026-09-15,active,
TGT,Target Corporation,Consumer Staples,Consumer Staples Merchandise Retail,S&P 500,2026-09-04,2026-09-15,active,
TGTX,"TG Therapeutics, Inc.",Health Care,Biotechnology,S&P 600,2026-09-04,2026-09-15,active,
TH,Target Hospitality Corp. - Common Stock,,,Nasdaq,2026-09-04,2026-09-15,active,
THC,Tenet Health,Health Care,Health Care Facilities,S&P 400,2026-09-04,2026-09-15,active,
THCH,TH International Limited - Ordinary shares,,,Nasdaq,2026-09-04,2026-09-15,active,
THEO,BOA Acquisition Corp. II - Class A Ordinary Shares,,,Nasdaq,2026-09-04,2026-09-15,active,
THFF,First Financial Corporation  - Common Stock,,,Nasdaq,2026-09-04,2026-09-15,active,
THG,Hanover Insurance,Financials,Property & Casualty Insurance,S&P 400,2026-09-04,2026-09-15,active,
THH,TryHard Holdings Limited - Ordinary Shares,,,Nasdaq,2026-09-04,2026-09-15,active,
THM,"International Tower Hill Mines, Ltd. Ordinary Shares (Canada)",,,NYSE American,2026-09-04,2026-09-15,active,
THO,Thor Industries,Consumer Discretionary,Leisure Products,S&P 400,2026-09-04,2026-09-15,active,
THRM,Gentherm Incorporated,Consumer Discretionary,Automotive Parts & Equipment,S&P 600,2026-09-04,2026-09-15,active,
THRY,"Thryv Holdings, Inc. - Common Stock",,,Nasdaq,2026-09-04,2026-09-15,active,
TIC,"TIC Solutions, Inc. Common Stock",,,NYSE,2026-09-04,2026-09-15,active,
TIGO,Millicom International Cellular S.A. - Common Stock,,,Nasdaq,2026-09-04,2026-09-15,active,
TII,Titan Mining Corporation Common Shares,,,NYSE American,2026-09-04,2026-09-15,active,
TIL,"Instil Bio, Inc. - Common Stock",,,Nasdaq,2026-09-04,2026-09-15,active,
TILE,"Interface, Inc.",Industrials,Office Services & Supplies,S&P 600,2026-09-04,2026-09-15,active,
TIPT,Tiptree Inc. - Common Stock,,,Nasdaq,2026-09-04,2026-09-15,active,
TISI,"Team, Inc. Common Stock",,,NYSE,2026-09-04,2026-09-15,active,
TITN,Titan Machinery Inc. - Common Stock,,,Nasdaq,2026-09-04,2026-09-15,active,
TJGC,TJGC Group Limited - Class A Ordinary Shares,,,Nasdaq,2026-09-04,2026-09-15,active,
TJX,TJX Companies,Consumer Discretionary,Apparel Retail,S&P 500,2026-09-04,2026-09-15,active,
TK,Teekay Corporation Ltd. Common Stock,,,NYSE,2026-09-04,2026-09-15,active,
TKC,Turkcell Iletisim Hizmetleri AS Common Stock,,,NYSE,2026-09-04,2026-09-15,active,
TKNO,"Alpha Teknova, Inc. - Common Stock",,,Nasdaq,2026-09-04,2026-09-15,active,
TKO,TKO Group Holdings,Communication Services,Movies & Entertainment,S&P 500,2026-09-04,2026-09-15,active,
TKR,Timken,Industrials,Industrial Machinery & Supplies & Components,S&P 400,2026-09-04,2026-09-15,active,
TLF,"Tandy Leather Factory, Inc. - common stock",,,Nasdaq,2026-09-04,2026-09-15,active,
TLIH,Ten-League International Holdings Limited - Ordinary Shares,,,Nasdaq,2026-09-04,2026-09-15,active,
TLK,"PT Telekomunikasi Indonesia, Tbk",,,NYSE,2026-09-04,2026-09-15,active,
TLN,Talen Energy,Utilities,Independent Power Producers & Energy Traders,S&P 400,2026-09-04,2026-09-15,active,
TLNC,Talon Capital Corp. - Class A Ordinary Shares,,,Nasdaq,2026-09-04,2026-09-15,active,
TLPH,"Talphera, Inc. - Common Stock",,,Nasdaq,2026-09-04,2026-09-15,active,
TLRY,"Tilray Brands, Inc. - Common Stock",,,Nasdaq,2026-09-04,2026-09-15,active,
TLS,Telos Corporation - Common Stock,,,Nasdaq,2026-09-04,2026-09-15,active,
TLSA,Tiziana Life Sciences Ltd - Common Shares,,,Nasdaq,2026-09-04,2026-09-15,active,
TLSI,"TriSalus Life Sciences, Inc. - Common Stock",,,Nasdaq,2026-09-04,2026-09-15,active,
TLYS,"Tilly's, Inc. Common Stock",,,NYSE,2026-09-04,2026-09-15,active,
TM,Toyota Motor Corporation Common Stock,,,NYSE,2026-09-04,2026-09-15,active,
TMC,TMC the metals company Inc. - Common Stock,,,Nasdaq,2026-09-04,2026-09-15,active,
TMCI,"Treace Medical Concepts, Inc. - Common Stock",,,Nasdaq,2026-09-04,2026-09-15,active,
TMCR,The Metals Royalty Company Inc. - Common Stock,,,Nasdaq,2026-09-04,2026-09-15,active,
TMDE,TMD Energy Limited Ordinary Shares,,,NYSE American,2026-09-04,2026-09-15,active,
TMDX,"TransMedics Group, Inc.",Health Care,Health Care Equipment,S&P 600,2026-09-04,2026-09-15,active,
TMO,Thermo Fisher Scientific,Health Care,Life Sciences Tools & Services,S&P 500,2026-09-04,2026-09-15,active,
TMP,Tompkins Financial Corporation,Financials,Regional Banks,S&P 600,2026-09-04,2026-09-15,active,
TMQ,Trilogy Metals Inc. Common Stock,,,NYSE American,2026-09-04,2026-09-15,active,
TMS,Teamshares Inc. - Common Stock,,,Nasdaq,2026-09-04,2026-09-15,active,
TMTS,Spartacus Acquisition Corp. II - Class A Ordinary Shares,,,Nasdaq,2026-09-04,2026-09-15,active,
TMUS,T-Mobile US,Communication Services,Wireless Telecommunication Services,S&P 500,2026-09-04,2026-09-15,active,
TMUSI,"T-Mobile US, Inc. - 5.500% Senior Notes due June 2070",,,Nasdaq,2026-09-04,2026-09-15,active,
TNC,Tennant Company,Industrials,Industrial Machinery & Supplies & Components,S&P 600,2026-09-04,2026-09-15,active,
TNDM,Tandem Diabetes Care,Health Care,Health Care Equipment,S&P 600,2026-09-04,2026-09-15,active,
TNET,"TriNet Group, Inc. Common Stock",,,NYSE,2026-09-04,2026-09-15,active,
TNGX,"Tango Therapeutics, Inc. - Common Stock",,,Nasdaq,2026-09-04,2026-09-15,active,
TNK,Teekay Tankers Ltd.,,,NYSE,2026-09-04,2026-09-15,active,
TNL,Travel + Leisure Co.,Consumer Discretionary,"Hotels, Resorts & Cruise Lines",S&P 400,2026-09-04,2026-09-15,active,
TNON,"Tenon Medical, Inc. - Common Stock",,,Nasdaq,2026-09-04,2026-09-15,active,
TNXP,Tonix Pharmaceuticals Holding Corp. - Common Stock,,,Nasdaq,2026-09-04,2026-09-15,active,
TOL,Toll Brothers,Consumer Discretionary,Homebuilding,S&P 400,2026-09-04,2026-09-15,active,
TONT,Graf Global Corp. Class A ordinary shares,,,NYSE American,2026-09-04,2026-09-15,active,
TONX,TON Strategy Company - Common Stock,,,Nasdaq,2026-09-04,2026-09-15,active,
TOON,"Kartoon Studios, Inc. Common Stock",,,NYSE American,2026-09-04,2026-09-15,active,
TOP,TOP Financial Group Limited - Class A Ordinary Shares,,,Nasdaq,2026-09-04,2026-09-15,active,
TOPP,Toppoint Holdings Inc. Common Stock,,,NYSE American,2026-09-04,2026-09-15,active,
TOPS,"TOP Ships, Inc. Common Stock",,,NYSE American,2026-09-04,2026-09-15,active,
TORO,Toro Corp. - Common stock,,,Nasdaq,2026-09-04,2026-09-15,active,
TOST,"Toast, Inc.",Financials,Transaction & Payment Processing Services,S&P 400,2026-09-04,2026-09-15,active,
TOVX,"Theriva Biologics, Inc. Common Stock",,,NYSE American,2026-09-04,2026-09-15,active,
TOWN,Towne Bank - Common Stock,,,Nasdaq,2026-09-04,2026-09-15,active,
TOYO,"TOYO Co., Ltd - Ordinary Shares",,,Nasdaq,2026-09-04,2026-09-15,active,
TP,Ticketplus Ltd. Ordinary Shares,,,NYSE American,2026-09-04,2026-09-15,active,
TPB,"Turning Point Brands, Inc. Common Stock",,,NYSE,2026-09-04,2026-09-15,active,
TPC,Tutor Perini Corporation,Industrials,Construction & Engineering,S&P 600,2026-09-04,2026-09-15,active,
TPCS,TechPrecision Corporation - Common stock,,,Nasdaq,2026-09-04,2026-09-15,active,
TPET,Trio Petroleum Corp. Common Stock,,,NYSE American,2026-09-04,2026-09-15,active,
TPG,TPG Inc. - Class A Common Stock,,,Nasdaq,2026-09-04,2026-09-15,active,
TPL,Texas Pacific Land Corporation,Energy,Oil & Gas Exploration & Production,S&P 500,2026-09-04,2026-09-15,active,
TPR,"Tapestry, Inc.",Consumer Discretionary,"Apparel, Accessories & Luxury Goods",S&P 500,2026-09-04,2026-09-15,active,
TPTS,"Terra Property Trust, Inc. 7.00% Senior Secured Notes due 2029",,,NYSE,2026-09-04,2026-09-15,active,
TPVG,TriplePoint Venture Growth BDC Corp. Common Stock,,,NYSE,2026-09-04,2026-09-15,active,
TR,"Tootsie Roll Industries, Inc.",Consumer Staples,Packaged Foods & Meats,S&P 600,2026-09-04,2026-09-15,active,
TRAD,APEX Tech Acquisition Inc. Ordinary Shares,,,NYSE,2026-09-04,2026-09-15,active,
TRAK,"ReposiTrak, Inc. Common Stock",,,NYSE,2026-09-04,2026-09-15,active,
TRAX,"First Tracks Biotherapeutics, Inc. - Ordinary Shares",,,Nasdaq,2026-09-04,2026-09-15,active,
TRBG,TurboGen Ltd. - Ordinary Shares,,,Nasdaq,2026-09-04,2026-09-15,active,
TRC,Tejon Ranch Co Common Stock,,,NYSE,2026-09-04,2026-09-15,active,
TRDA,"Entrada Therapeutics, Inc. - Common Stock",,,Nasdaq,2026-09-04,2026-09-15,active,
TREE,"LendingTree, Inc. - Common Stock",,,Nasdaq,2026-09-04,2026-09-15,active,
TREO,Tactical Resources Corp. - Common Shares,,,Nasdaq,2026-09-04,2026-09-15,active,
TREX,Trex,Industrials,Building Products,S&P 400,2026-09-04,2026-09-15,active,
TRGP,Targa Resources,Energy,Oil & Gas Storage & Transportation,S&P 500,2026-09-04,2026-09-15,active,
TRGS,TRG Latin America Acquisitions Corp. - Class A Ordinary Shares,,,Nasdaq,2026-09-04,2026-09-15,active,
TRI,Thomson Reuters Corp - Common Shares,,,Nasdaq,2026-09-04,2026-09-15,active,
TRIN,Trinity Capital Inc. Common Stock,,,NYSE,2026-09-04,2026-09-15,active,
TRIP,TripAdvisor,Communication Services,Interactive Media & Services,S&P 600,2026-09-04,2026-09-15,active,
TRLV,Trulieve Cannabis Corp. Subordinate Voting Shares,,,NYSE,2026-09-04,2026-09-15,active,
TRMB,Trimble Inc.,Information Technology,Application Software,S&P 500,2026-09-04,2026-09-15,active,
TRMD,TORM plc - Class A Common Stock,,,Nasdaq,2026-09-04,2026-09-15,active,
TRMK,Trustmark Corp.,Financials,Regional Banks,S&P 600,2026-09-04,2026-09-15,active,
TRN,"Trinity Industries, Inc.",Industrials,Construction Machinery & Heavy Transportation Equipment,S&P 600,2026-09-04,2026-09-15,active,
TRNI,Trinity Capital Inc. 7.875% Notes Due 2029,,,NYSE,2026-09-04,2026-09-15,active,
TRNO,Terreno Realty Corporation,Real Estate,Industrial REITs,S&P 600,2026-09-04,2026-09-15,active,
TRNR,Interactive Strength Inc. - Common Stock,,,Nasdaq,2026-09-04,2026-09-15,active,
TRNS,"Transcat, Inc. - Common Stock",,,Nasdaq,2026-09-04,2026-09-15,active,
TRNZ,Trinity Capital Inc. 7.875% Notes due 2029,,,NYSE,2026-09-04,2026-09-15,active,
TRON,Tron Inc. - Common Stock,,,Nasdaq,2026-09-04,2026-09-15,active,
TROO,"TROOPS, Inc.  - Ordinary Shares",,,Nasdaq,2026-09-04,2026-09-15,active,
TROW,T. Rowe Price,Financials,Asset Management & Custody Banks,S&P 500,2026-09-04,2026-09-15,active,
TROX,Tronox Holdings plc Ordinary Shares (UK),,,NYSE,2026-09-04,2026-09-15,active,
TRP,TC Energy Corporation Common Stock,,,NYSE,2026-09-04,2026-09-15,active,
TRS,TriMas Corporation - Common Stock,,,Nasdaq,2026-09-04,2026-09-15,active,
TRSG,Tungray Technologies Inc - Class A Ordinary Shares,,,Nasdaq,2026-09-04,2026-09-15,active,
TRST,TrustCo Bank Corp NY,Financials,Regional Banks,S&P 600,2026-09-04,2026-09-15,active,
TRT,Trio-Tech International Common Stock,,,NYSE American,2026-09-04,2026-09-15,active,
TRTX,"TPG RE Finance Trust, Inc. Common Stock",,,NYSE,2026-09-04,2026-09-15,active,
TRU,TransUnion,Industrials,Research & Consulting Services,S&P 400,2026-09-04,2026-09-15,active,
TRUP,Trupanion,Financials,Life & Health Insurance,S&P 600,2026-09-04,2026-09-15,active,
TRV,Travelers Companies (The),Financials,Property & Casualty Insurance,S&P 500,2026-09-04,2026-09-15,active,
TRVI,"Trevi Therapeutics, Inc. - Common Stock",,,Nasdaq,2026-09-04,2026-09-15,active,
TRX,TRX Gold Corporation Common Stock,,,NYSE American,2026-09-04,2026-09-15,active,
TSAT,Telesat Corporation - Class A Common Shares and Class B Variable Voting Shares,,,Nasdaq,2026-09-04,2026-09-15,active,
TSBK,"Timberland Bancorp, Inc. - Common Stock",,,Nasdaq,2026-09-04,2026-09-15,active,
TSCO,Tractor Supply,Consumer Discretionary,Other Specialty Retail,S&P 500,2026-09-04,2026-09-15,active,
TSEM,Tower Semiconductor Ltd. - Ordinary Shares,,,Nasdaq,2026-09-04,2026-09-15,active,
TSHA,"Taysha Gene Therapies, Inc. - Common Stock",,,Nasdaq,2026-09-04,2026-09-15,active,
TSI,"TCW Strategic Income Fund, Inc. Common Stock",,,NYSE,2026-09-04,2026-09-15,active,
TSLA,"Tesla, Inc.",Consumer Discretionary,Automobile Manufacturers,S&P 500,2026-09-04,2026-09-15,active,
TSLX,"Sixth Street Specialty Lending, Inc. Common Stock",,,NYSE,2026-09-04,2026-09-15,active,
TSM,Taiwan Semiconductor Manufacturing Company Ltd.,,,NYSE,2026-09-04,2026-09-15,active,
TSN,Tyson Foods,Consumer Staples,Packaged Foods & Meats,S&P 500,2026-09-04,2026-09-15,active,
TSQ,"Townsquare Media, Inc. Class A Common Stock",,,NYSE,2026-09-04,2026-09-15,active,
TSSI,"TSS, Inc. - Common Stock",,,Nasdaq,2026-09-04,2026-09-15,active,
TT,Trane Technologies,Industrials,Building Products,S&P 500,2026-09-04,2026-09-15,active,
TTAM,Titan America SA Common Shares,,,NYSE,2026-09-04,2026-09-15,active,
TTAN,"ServiceTitan, Inc. - Class A Common Stock",,,Nasdaq,2026-09-04,2026-09-15,active,
TTC,Toro,Industrials,Agricultural & Farm Machinery,S&P 400,2026-09-04,2026-09-15,active,
TTD,Trade Desk (The),Communication Services,Advertising,S&P 500,2026-09-04,2026-09-15,active,
TTE,TotalEnergies SE Ordinary Shares,,,NYSE,2026-09-04,2026-09-15,active,
TTEC,"TTEC Holdings, Inc. - Common Stock",,,Nasdaq,2026-09-04,2026-09-15,active,
TTEK,Tetra Tech,Industrials,Construction & Engineering,S&P 400,2026-09-04,2026-09-15,active,
TTGT,"TechTarget, Inc. - Common Stock",,,Nasdaq,2026-09-04,2026-09-15,active,
TTI,"Tetra Technologies, Inc. Common Stock",,,NYSE,2026-09-04,2026-09-15,active,
TTMI,TTM Technologies,Information Technology,Electronic Manufacturing Services,S&P 400,2026-09-04,2026-09-15,active,
TTRX,Turn Therapeutics Inc. - Common Stock,,,Nasdaq,2026-09-04,2026-09-15,active,
TTWO,Take-Two Interactive,Communication Services,Interactive Home Entertainment,S&P 500,2026-09-04,2026-09-15,active,
TU,Telus Corporation Ordinary Shares,,,NYSE,2026-09-04,2026-09-15,active,
TULP,"Bloomia Holdings, Inc. - Common Stock",,,Nasdaq,2026-09-04,2026-09-15,active,
TUSK,"Mammoth Energy Services, Inc. - Common Stock",,,Nasdaq,2026-09-04,2026-09-15,active,
TV,Grupo Televisa S.A.B. Common Stock,,,NYSE,2026-09-04,2026-09-15,active,
TVA,Texas Ventures Acquisition III Corp - Class A Ordinary Share,,,Nasdaq,2026-09-04,2026-09-15,active,
TVAI,Thayer Ventures Acquisition Corporation II - Class A Ordinary Shares,,,Nasdaq,2026-09-04,2026-09-15,active,
TVC,Tennessee Valley Authority Common Stock,,,NYSE,2026-09-04,2026-09-15,active,
TVE,Tennessee Valley Authority,,,NYSE,2026-09-04,2026-09-15,active,
TVIV,Texas Ventures Acquisition IV Corp - Class A Ordinary Shares,,,Nasdaq,2026-09-04,2026-09-15,active,
TVRD,"Tvardi Therapeutics, Inc. - Common Stock",,,Nasdaq,2026-09-04,2026-09-15,active,
TVTX,"Travere Therapeutics, Inc. - Common Stock",,,Nasdaq,2026-09-04,2026-09-15,active,
TW,Tradeweb Markets Inc. - Class A Common Stock,,,Nasdaq,2026-09-04,2026-09-15,active,
TWAV,"TaoWeave, Inc. - Common Stock",,,Nasdaq,2026-09-04,2026-09-15,active,
TWFG,"TWFG, Inc. - Common Stock",,,Nasdaq,2026-09-04,2026-09-15,active,
TWG,Top Wealth Group Holding Limited - Class A Ordinary Shares,,,Nasdaq,2026-09-04,2026-09-15,active,
TWI,"Titan International, Inc. (DE) Common Stock",,,NYSE,2026-09-04,2026-09-15,active,
TWIN,"Twin Disc, Incorporated - Common Stock",,,Nasdaq,2026-09-04,2026-09-15,active,
TWLO,Twilio,Information Technology,Systems Software,S&P 400,2026-09-04,2026-09-15,active,
TWLV,Twelve Seas Investment Company III - Class A Ordinary Shares,,,Nasdaq,2026-09-04,2026-09-15,active,
TWN,"Taiwan Fund, Inc. (The) Common Stock",,,NYSE,2026-09-04,2026-09-15,active,
TWOD,Two Harbors Investments Corp 9.375% Senior Notes due 2030,,,NYSE,2026-09-04,2026-09-15,active,
TWST,Twist Bioscience Corporation - Common Stock,,,Nasdaq,2026-09-04,2026-09-15,active,
TXG,"10x Genomics, Inc. - Common Stock",,,Nasdaq,2026-09-04,2026-09-15,active,
TXMD,"TherapeuticsMD, Inc. - Common Stock",,,Nasdaq,2026-09-04,2026-09-15,active,
TXN,Texas Instruments,Information Technology,Semiconductors,S&P 500,2026-09-04,2026-09-15,active,
TXNM,TXNM Energy,Utilities,Electric Utilities,S&P 400,2026-09-04,2026-09-15,active,
TXO,"TXO Partners, L.P. Common Units Representing Limited Partner Interests",,,NYSE,2026-09-04,2026-09-15,active,
TXRH,Texas Roadhouse,Consumer Discretionary,Restaurants,S&P 400,2026-09-04,2026-09-15,active,
TXT,Textron,Industrials,Aerospace & Defense,S&P 500,2026-09-04,2026-09-15,active,
TY,Tri Continental Corporation Common Stock,,,NYSE,2026-09-04,2026-09-15,active,
TYG,Tortoise Energy Infrastructure Corporation Common Stock,,,NYSE,2026-09-04,2026-09-15,active,
TYGO,"Tigo Energy, Inc. - Common Stock",,,Nasdaq,2026-09-04,2026-09-15,active,
TYL,Tyler Technologies,Information Technology,Application Software,S&P 500,2026-09-04,2026-09-15,active,
TYRA,"Tyra Biosciences, Inc. - Common Stock",,,Nasdaq,2026-09-04,2026-09-15,active,
TZOO,Travelzoo - Common Stock,,,Nasdaq,2026-09-04,2026-09-15,active,
U,Unity Software Inc. Common Stock,,,NYSE,2026-09-04,2026-09-15,active,
UA,Under Armour (Class C),Consumer Discretionary,"Apparel, Accessories & Luxury Goods",S&P 600,2026-09-04,2026-09-15,active,
UAA,Under Armour (Class A),Consumer Discretionary,"Apparel, Accessories & Luxury Goods",S&P 600,2026-09-04,2026-09-15,active,
UAC,United Acquisition Corp. I Class A Ordinary Shares,,,NYSE American,2026-09-04,2026-09-15,active,
UAL,United Airlines Holdings,Industrials,Passenger Airlines,S&P 500,2026-09-04,2026-09-15,active,
UAMY,United States Antimony Corporation Common Stock,,,NYSE,2026-09-04,2026-09-15,active,
UAN,"CVR Partners, LP Common Units representing Limited Partner Interests",,,NYSE,2026-09-04,2026-09-15,active,
UAVS,"AgEagle Aerial Systems, Inc. Common Stock",,,NYSE American,2026-09-04,2026-09-15,active,
UBCP,"United Bancorp, Inc. - Common Stock",,,Nasdaq,2026-09-04,2026-09-15,active,
UBER,Uber,Industrials,Passenger Ground Transportation,S&P 500,2026-09-04,2026-09-15,active,
UBS,UBS Group AG Registered Ordinary Shares,,,NYSE,2026-09-04,2026-09-15,active,
UBSI,United Bankshares,Financials,Regional Banks,S&P 400,2026-09-04,2026-09-15,active,
UCAR,U Power Limited - Class A Ordinary Shares,,,Nasdaq,2026-09-04,2026-09-15,active,
UCB,"United Community Banks, Inc.",Financials,Regional Banks,S&P 600,2026-09-04,2026-09-15,active,
UCTT,"Ultra Clean Holdings, Inc.",Information Technology,Semiconductor Materials & Equipment,S&P 600,2026-09-04,2026-09-15,active,
UDR,"UDR, Inc.",Real Estate,Multi-Family Residential REITs,S&P 500,2026-09-04,2026-09-15,active,
UE,Urban Edge Properties,Real Estate,Retail REITs,S&P 600,2026-09-04,2026-09-15,active,
UEC,Uranium Energy Corp. Common Stock,,,NYSE American,2026-09-04,2026-09-15,active,
UEIC,Universal Electronics Inc. - Common Stock,,,Nasdaq,2026-09-04,2026-09-15,active,
UFCS,"United Fire Group, Inc.",Financials,Property & Casualty Insurance,S&P 600,2026-09-04,2026-09-15,active,
UFI,"Unifi, Inc. New Common Stock",,,NYSE,2026-09-04,2026-09-15,active,
UFPI,UFP Industries,Industrials,Building Products,S&P 400,2026-09-04,2026-09-15,active,
UFPT,"UFP Technologies, Inc.",Health Care,Health Care Equipment,S&P 600,2026-09-04,2026-09-15,active,
UG,"United-Guardian, Inc. - Common Stock",,,Nasdaq,2026-09-04,2026-09-15,active,
UGI,UGI Corp,Utilities,Gas Utilities,S&P 400,2026-09-04,2026-09-15,active,
UHAL,U-Haul Holding Company Common Stock,,,NYSE,2026-09-04,2026-09-15,active,
UHS,Universal Health Services,Health Care,Health Care Facilities,S&P 500,2026-09-04,2026-09-15,active,
UHT,Universal Health Realty Income Trust Common Stock,,,NYSE,2026-09-04,2026-09-15,active,
UI,Ubiquiti Inc. Common Stock,,,NYSE,2026-09-04,2026-09-15,active,
UIS,Unisys Corporation New Common Stock,,,NYSE,2026-09-04,2026-09-15,active,
UK,Ucommune International Ltd  - Class A Ordinary Shares,,,Nasdaq,2026-09-04,2026-09-15,active,
ULBI,Ultralife Corporation - Common Stock,,,Nasdaq,2026-09-04,2026-09-15,active,
ULCC,"Frontier Group Holdings, Inc. - Common Stock",,,Nasdaq,2026-09-04,2026-09-15,active,
ULH,"Universal Logistics Holdings, Inc. - Common Stock",,,Nasdaq,2026-09-04,2026-09-15,active,
ULS,UL Solutions,Industrials,Research & Consulting Services,S&P 400,2026-09-04,2026-09-15,active,
ULTA,Ulta Beauty,Consumer Discretionary,Other Specialty Retail,S&P 500,2026-09-04,2026-09-15,active,
UMAC,"Unusual Machines, Inc. Common Stock",,,NYSE American,2026-09-04,2026-09-15,active,
UMBF,UMB Financial Corp.,Financials,Regional Banks,S&P 400,2026-09-04,2026-09-15,active,
UMC,United Microelectronics Corporation (NEW) Common Stock,,,NYSE,2026-09-04,2026-09-15,active,
UMH,"UMH Properties, Inc. Common Stock",,,NYSE,2026-09-04,2026-09-15,active,
UNB,"Union Bankshares, Inc. - Common Stock",,,Nasdaq,2026-09-04,2026-09-15,active,
UNCY,"Unicycive Therapeutics, Inc. - Common Stock",,,Nasdaq,2026-09-04,2026-09-15,active,
UNF,UniFirst Corporation,Industrials,Diversified Support Services,S&P 600,2026-09-04,2026-09-15,active,
UNFI,United Natural Foods Inc,Consumer Staples,Food Retail,S&P 600,2026-09-04,2026-09-15,active,
UNH,UnitedHealth Group,Health Care,Managed Health Care,S&P 500,2026-09-04,2026-09-15,active,
UNIT,Uniti Group,Communication Services,Alternative Carriers,S&P 600,2026-09-04,2026-09-15,active,
UNM,Unum,Financials,Life & Health Insurance,S&P 400,2026-09-04,2026-09-15,active,
UNMA,Unum Group 6.250% Junior Subordinated Notes due 2058,,,NYSE,2026-09-04,2026-09-15,active,
UNP,Union Pacific Corporation,Industrials,Rail Transportation,S&P 500,2026-09-04,2026-09-15,active,
UNTY,"Unity Bancorp, Inc. - Common Stock",,,Nasdaq,2026-09-04,2026-09-15,active,
UONE,"Urban One, Inc.  - Class A Common Stock",,,Nasdaq,2026-09-04,2026-09-15,active,
UONEK,"Urban One, Inc.  - Class D Common Stock",,,Nasdaq,2026-09-04,2026-09-15,active,
UP,Wheels Up Experience Inc. Class A Common Stock,,,NYSE,2026-09-04,2026-09-15,active,
UPB,"Upstream Bio, Inc. - Common Stock",,,Nasdaq,2026-09-04,2026-09-15,active,
UPBD,"Upbound Group, Inc.",Consumer Discretionary,Computer & Electronics Retail,S&P 600,2026-09-04,2026-09-15,active,
UPC,Universe Pharmaceuticals Inc - Class A Ordinary Shares,,,Nasdaq,2026-09-04,2026-09-15,active,
UPS,United Parcel Service,Industrials,Air Freight & Logistics,S&P 500,2026-09-04,2026-09-15,active,
UPST,"Upstart Holdings, Inc. - Common stock",,,Nasdaq,2026-09-04,2026-09-15,active,
UPWK,"Upwork, Inc.",Industrials,Human Resource & Employment Services,S&P 600,2026-09-04,2026-09-15,active,
URBN,"Urban Outfitters, Inc.",Consumer Discretionary,Apparel Retail,S&P 600,2026-09-04,2026-09-15,active,
URG,Ur Energy Inc Common Shares (Canada),,,NYSE American,2026-09-04,2026-09-15,active,
URGN,UroGen Pharma Ltd. - Ordinary Shares,,,Nasdaq,2026-09-04,2026-09-15,active,
URI,United Rentals,Industrials,Trading Companies & Distributors,S&P 500,2026-09-04,2026-09-15,active,
UROY,Uranium Royalty Corp. - Common Stock,,,Nasdaq,2026-09-04,2026-09-15,active,
USA,Liberty All-Star Equity Fund Common Stock,,,NYSE,2026-09-04,2026-09-15,active,
USAC,"USA Compression Partners, LP Common Units Representing Limited Partner Interests",,,NYSE,2026-09-04,2026-09-15,active,
USAR,"USA Rare Earth, Inc. - Common Stock",,,Nasdaq,2026-09-04,2026-09-15,active,
USAS,"Americas Gold and Silver Corporation Common Shares, no par value",,,NYSE American,2026-09-04,2026-09-15,active,
USAU,U.S. Gold Corp. - Common Stock,,,Nasdaq,2026-09-04,2026-09-15,active,
USB,U.S. Bancorp,Financials,Diversified Banks,S&P 500,2026-09-04,2026-09-15,active,
USBC,"USBC, Inc. Common Stock",,,NYSE American,2026-09-04,2026-09-15,active,
USCB,"USCB Financial Holdings, Inc.  - Class A Common Stock",,,Nasdaq,2026-09-04,2026-09-15,active,
USDE,StablecoinX Inc. - Class A Common Stock,,,Nasdaq,2026-09-04,2026-09-15,active,
USEA,United Maritime Corporation - Common Stock,,,Nasdaq,2026-09-04,2026-09-15,active,
USFD,US Foods,Consumer Staples,Food Distributors,S&P 400,2026-09-04,2026-09-15,active,
USIO,"Usio, Inc. - Common Stock",,,Nasdaq,2026-09-04,2026-09-15,active,
USLM,"United States Lime & Minerals, Inc.",Materials,Construction Materials,S&P 600,2026-09-04,2026-09-15,active,
USNA,"USANA Health Sciences, Inc. Common Stock",,,NYSE,2026-09-04,2026-09-15,active,
USPH,"U.S. Physical Therapy, Inc.",Health Care,Health Care Facilities,S&P 600,2026-09-04,2026-09-15,active,
UTF,"Cohen & Steers Infrastructure Fund, Inc Common Stock",,,NYSE,2026-09-04,2026-09-15,active,
UTHR,United Therapeutics,Health Care,Biotechnology,S&P 400,2026-09-04,2026-09-15,active,
UTI,Universal Technical Institute,Consumer Discretionary,Education Services,S&P 600,2026-09-04,2026-09-15,active,
UTL,Unitil Corporation,Utilities,Electric Utilities,S&P 600,2026-09-04,2026-09-15,active,
UTMD,"Utah Medical Products, Inc. - Common Stock",,,Nasdaq,2026-09-04,2026-09-15,active,
UTSI,UTStarcom Holdings Corp - Ordinary Shares,,,Nasdaq,2026-09-04,2026-09-15,active,
UTZ,Utz Brands Inc Class A Common Stock,,,NYSE,2026-09-04,2026-09-15,active,
UUU,"Universal Safety Products, Inc. Common Stock",,,NYSE American,2026-09-04,2026-09-15,active,
UUUU,Energy Fuels Inc Ordinary Shares (Canada),,,NYSE American,2026-09-04,2026-09-15,active,
UVE,UNIVERSAL INSURANCE HOLDINGS INC Common Stock,,,NYSE,2026-09-04,2026-09-15,active,
UVSP,Univest Financial Corporation - Common Stock,,,Nasdaq,2026-09-04,2026-09-15,active,
UVV,Universal Corporation,Consumer Staples,Tobacco,S&P 600,2026-09-04,2026-09-15,active,
UWMC,UWM Holdings Corporation Class A Common Stock,,,NYSE,2026-09-04,2026-09-15,active,
UYSC,UY Scuti Acquisition Corp. - Ordinary Shares,,,Nasdaq,2026-09-04,2026-09-15,active,
UZD,"Array Digital Infrastructure, Inc. 6.250% Senior Notes due 2069",,,NYSE,2026-09-04,2026-09-15,active,
UZE,"Array Digital Infrastructure, Inc. 5.500% Senior Notes due 2070",,,NYSE,2026-09-04,2026-09-15,active,
UZF,"Array Digital Infrastructure, Inc. 5.500% Senior Notes due 2070",,,NYSE,2026-09-04,2026-09-15,active,
V,Visa Inc.,Financials,Transaction & Payment Processing Services,S&P 500,2026-09-04,2026-09-15,active,
VABK,Virginia National Bankshares Corporation - Common Stock,,,Nasdaq,2026-09-04,2026-09-15,active,
VAC,Marriott Vacations Worldwide,Consumer Discretionary,"Hotels, Resorts & Cruise Lines",S&P 600,2026-09-04,2026-09-15,active,
VACI,Viking Acquisition Corp. I Class A Ordinary Shares,,,NYSE,2026-09-04,2026-09-15,active,
VAL,Valaris,Energy,Oil & Gas Drilling,S&P 400,2026-09-04,2026-09-15,active,
VALU,"Value Line, Inc. - Common Stock",,,Nasdaq,2026-09-04,2026-09-15,active,
VANI,"Vivani Medical, Inc.  - Common Stock",,,Nasdaq,2026-09-04,2026-09-15,active,
VATE,INNOVATE Corp. Common Stock,,,NYSE,2026-09-04,2026-09-15,active,
VBF,Invesco Bond Fund Common Stock,,,NYSE,2026-09-04,2026-09-15,active,
VBNK,VersaBank - Common Shares,,,Nasdaq,2026-09-04,2026-09-15,active,
VC,Visteon,Consumer Discretionary,Automotive Parts & Equipment,S&P 400,2026-09-04,2026-09-15,active,
VCEL,Vericel,Health Care,Biotechnology,S&P 600,2026-09-04,2026-09-15,active,
VCIG,VCI Global Limited - Ordinary Share,,,Nasdaq,2026-09-04,2026-09-15,active,
VCTR,"Victory Capital Holdings, Inc.",Financials,Asset Management & Custody Banks,S&P 600,2026-09-04,2026-09-15,active,
VCV,Invesco California Value Municipal Income Trust Common Stock,,,NYSE,2026-09-04,2026-09-15,active,
VCX,"Fundrise Innovation Fund, LLC Common Shares of Limited Liability Company Interests",,,NYSE,2026-09-04,2026-09-15,active,
VCYT,"Veracyte, Inc.",Health Care,Health Care Services,S&P 600,2026-09-04,2026-09-15,active,
VECA,Vernal Capital Acquisition Corp. Ordinary Shares,,,NYSE,2026-09-04,2026-09-15,active,
VECO,Veeco Instruments Inc.,Information Technology,Semiconductor Materials & Equipment,S&P 600,2026-09-04,2026-09-15,active,
VEEE,Twin Vee PowerCats Co. - Common Stock,,,Nasdaq,2026-09-04,2026-09-15,active,
VEEV,Veeva Systems,Health Care,Health Care Technology,S&P 500,2026-09-04,2026-09-15,active,
VEL,"Velocity Financial, Inc. Common Stock",,,NYSE,2026-09-04,2026-09-15,active,
VELO,"Velo3D, Inc. - Common stock",,,Nasdaq,2026-09-04,2026-09-15,active,
VENU,Venu Holding Corporation Common Stock,,,NYSE American,2026-09-04,2026-09-15,active,
VERA,"Vera Therapeutics, Inc. - Class A Common Stock",,,Nasdaq,2026-09-04,2026-09-15,active,
VERI,"Veritone, Inc. - Common Stock",,,Nasdaq,2026-09-04,2026-09-15,active,
VERU,Veru Inc. - Common Stock,,,Nasdaq,2026-09-04,2026-09-15,active,
VERX,"Vertex, Inc. - Class A Common Stock",,,Nasdaq,2026-09-04,2026-09-15,active,
VET,Vermilion Energy Inc. Common (Canada),,,NYSE,2026-09-04,2026-09-15,active,
VFC,VF Corporation,Consumer Discretionary,"Apparel, Accessories & Luxury Goods",S&P 400,2026-09-04,2026-09-15,active,
VFF,"Village Farms International, Inc. - Common Shares",,,Nasdaq,2026-09-04,2026-09-15,active,
VFS,VinFast Auto Ltd. - Ordinary Shares,,,Nasdaq,2026-09-04,2026-09-15,active,
VG,"Venture Global, Inc. Class A common stock",,,NYSE,2026-09-04,2026-09-15,active,
VGAS,"Verde Clean Fuels, Inc. - Class A Common Stock",,,Nasdaq,2026-09-04,2026-09-15,active,
VGM,Invesco Trust for Investment Grade Municipals Common Stock (DE),,,NYSE,2026-09-04,2026-09-15,active,
VGNT,Versigent PLC,Consumer Discretionary,Other Specialty Retail,S&P 600,2026-09-04,2026-09-15,active,
VGZ,Vista Gold Corp Common Stock,,,NYSE American,2026-09-04,2026-09-15,active,
VHC,VirnetX Holding Corp - Common Stock,,,Nasdaq,2026-09-04,2026-09-15,active,
VHCP,Vine Hill Capital Investment Corp. II - Class A Ordinary Shares,,,Nasdaq,2026-09-04,2026-09-15,active,
VHI,"Valhi, Inc. Common Stock",,,NYSE,2026-09-04,2026-09-15,active,
VHUB,"VenHub Global, Inc. - Common Stock",,,Nasdaq,2026-09-04,2026-09-09,dropped,2026-09-09
VIA,"Via Transportation, Inc. Class A Common Stock",,,NYSE,2026-09-04,2026-09-15,active,
VIAV,Viavi Solutions,Information Technology,Communications Equipment,S&P 400,2026-09-04,2026-09-15,active,
VICI,Vici Properties,Real Estate,Hotel & Resort REITs,S&P 500,2026-09-04,2026-09-15,active,
VICR,Vicor Corporation,Industrials,Electrical Components & Equipment,S&P 400,2026-09-04,2026-09-15,active,
VIDA,VIDA Global Inc. Class A Common Stock,,,NYSE American,2026-09-04,2026-09-15,active,
VII,Viking Acquisition Corp. II Class A Ordinary Shares,,,NYSE,2026-09-04,2026-09-15,active,
VIK,Viking Holdings Ltd Ordinary Shares,,,NYSE,2026-09-04,2026-09-15,active,
VINP,Vinci Compass Investments Ltd. - Class A Common Shares,,,Nasdaq,2026-09-04,2026-09-15,active,
VIR,"Vir Biotechnology, Inc.",Health Care,Biotechnology,S&P 600,2026-09-04,2026-09-15,active,
VIRC,Virco Manufacturing Corporation - Common Stock,,,Nasdaq,2026-09-04,2026-09-15,active,
VIRT,"Virtu Financial, Inc.",Financials,Financial Exchanges & Data,S&P 600,2026-09-04,2026-09-15,active,
VISN,"Vistance Networks, Inc.  - Common Stock",,,Nasdaq,2026-09-04,2026-09-15,active,
VITL,"Vital Farms, Inc. - Common Stock",,,Nasdaq,2026-09-04,2026-09-15,active,
VIVK,"Vivakor, Inc. - Common Stock",,,Nasdaq,2026-09-04,2026-09-15,active,
VIVO,VivoPower PLC - Class A Ordinary Shares,,,Nasdaq,2026-09-04,2026-09-15,active,
VKQ,Invesco Municipal Trust Common Stock,,,NYSE,2026-09-04,2026-09-15,active,
VKTX,"Viking Therapeutics, Inc. - Common Stock",,,Nasdaq,2026-09-04,2026-09-15,active,
VLGEA,"Village Super Market, Inc. - Class A Common Stock",,,Nasdaq,2026-09-04,2026-09-15,active,
VLN,Valens Semiconductor Ltd. Ordinary Shares,,,NYSE,2026-09-04,2026-09-15,active,
VLO,Valero Energy,Energy,Oil & Gas Refining & Marketing,S&P 500,2026-09-04,2026-09-15,active,
VLOS,Velos Acquisition I Corp. - Class A Ordinary shares,,,Nasdaq,2026-09-04,2026-09-15,active,
VLT,Invesco High Income Trust II,,,NYSE,2026-09-04,2026-09-15,active,
VLTO,Veralto,Industrials,Environmental & Facilities Services,S&P 500,2026-09-04,2026-09-15,active,
VLY,Valley Bank,Financials,Regional Banks,S&P 400,2026-09-04,2026-09-15,active,
VMAR,Vision Marine Technologies Inc. - Common Shares,,,Nasdaq,2026-09-04,2026-09-15,active,
VMC,Vulcan Materials Company,Materials,Construction Materials,S&P 500,2026-09-04,2026-09-15,active,
VMD,"Viemed Healthcare, Inc. - Common Shares",,,Nasdaq,2026-09-04,2026-09-15,active,
VMET,Versamet Royalties Corporation - Common Stock,,,Nasdaq,2026-09-04,2026-09-15,active,
VMI,Valmont Industries,Industrials,Industrial Machinery & Supplies & Components,S&P 400,2026-09-04,2026-09-15,active,
VMO,Invesco Municipal Opportunity Trust Common Stock,,,NYSE,2026-09-04,2026-09-15,active,
VMRK,Vivmark Residential,Real Estate,Multi-Family Residential REITs,S&P 500,2026-09-04,2026-09-15,active,
VNCE,Vince Holding Corp. - Common Stock,,,Nasdaq,2026-09-04,2026-09-15,active,
VNDA,Vanda Pharmaceuticals Inc. - Common Stock,,,Nasdaq,2026-09-04,2026-09-15,active,
VNME,Vendome Acquisition Corporation I - Class A Ordinary Shares,,,Nasdaq,2026-09-04,2026-09-15,active,
VNO,Vornado Realty Trust,Real Estate,Office REITs,S&P 400,2026-09-04,2026-09-15,active,
VNOM,Viper Energy,Energy,Oil & Gas Storage & Transportation,S&P 400,2026-09-04,2026-09-15,active,
VNRX,VolitionRX Limited Common Stock,,,NYSE American,2026-09-04,2026-09-15,active,
VNT,Vontier,Information Technology,Electronic Equipment & Instruments,S&P 400,2026-09-04,2026-09-15,active,
VNTG,Vantage Corp Class A Ordinary Shares,,,NYSE American,2026-09-04,2026-09-15,active,
VOGX,Vogenx Inc - Common Stock,,,Nasdaq,2026-09-04,2026-09-15,active,
VOR,Vor Biopharma Inc. - Common Stock,,,Nasdaq,2026-09-04,2026-09-15,active,
VOXR,Vox Royalty Corp. - common stock,,,Nasdaq,2026-09-04,2026-09-15,active,
VOYA,Voya Financial,Financials,Multi-Sector Holdings,S&P 400,2026-09-04,2026-09-15,active,
VOYG,"Voyager Technologies, Inc. Class A Common Stock",,,NYSE,2026-09-04,2026-09-15,active,
VPG,"Vishay Precision Group, Inc. Common Stock",,,NYSE,2026-09-04,2026-09-15,active,
VPV,Invesco Pennsylvania Value Municipal Income Trust Common Stock (DE),,,NYSE,2026-09-04,2026-09-15,active,
VRA,"Vera Bradley, Inc. - Common Stock",,,Nasdaq,2026-09-04,2026-09-15,active,
VRAX,Virax Biolabs Group Limited - Ordinary Shares,,,Nasdaq,2026-09-04,2026-09-15,active,
VRCA,Verrica Pharmaceuticals Inc. - Common Stock,,,Nasdaq,2026-09-04,2026-09-15,active,
VRDN,"Viridian Therapeutics, Inc.  - Common Stock",,,Nasdaq,2026-09-04,2026-09-15,active,
VREX,Varex Imaging Corporation - Common Stock,,,Nasdaq,2026-09-04,2026-09-15,active,
VRM,"Vroom, Inc. - Common Stock",,,Nasdaq,2026-09-04,2026-09-15,active,
VRNS,"Varonis Systems, Inc. - Common Stock",,,Nasdaq,2026-09-04,2026-09-15,active,
VRRM,Verra Mobility Corporation,Industrials,Data Processing & Outsourced Services,S&P 600,2026-09-04,2026-09-15,active,
VRSK,Verisk Analytics,Industrials,Research & Consulting Services,S&P 500,2026-09-04,2026-09-15,active,
VRSN,Verisign,Information Technology,Internet Services & Infrastructure,S&P 500,2026-09-04,2026-09-15,active,
VRT,Vertiv,Industrials,Electrical Components & Equipment,S&P 500,2026-09-04,2026-09-15,active,
VRTS,"Virtus Investment Partners, Inc.",Financials,Asset Management & Custody Banks,S&P 600,2026-09-04,2026-09-15,active,
VRTX,Vertex Pharmaceuticals,Health Care,Biotechnology,S&P 500,2026-09-04,2026-09-15,active,
VRXA,Veraxa Biotech AG - Ordinary Shares,,,Nasdaq,2026-09-04,2026-09-15,active,
VS,Versus Systems Inc. - Common Stock,,,Nasdaq,2026-09-04,2026-09-15,active,
VSAT,"Viasat, Inc.",Information Technology,Communications Equipment,S&P 600,2026-09-04,2026-09-15,active,
VSEC,VSE Corporation,Industrials,Aerospace & Defense,S&P 600,2026-09-04,2026-09-15,active,
VSH,Vishay Intertechnology,Information Technology,Electronic Components,S&P 600,2026-09-04,2026-09-15,active,
VSME,VS Media Holdings Limited - Class A Ordinary Shares,,,Nasdaq,2026-09-04,2026-09-15,active,
VSNT,"Versant Media Group, Inc.",Communication Services,Cable & Satellite,S&P 600,2026-09-04,2026-09-15,active,
VST,Vistra Corp.,Utilities,Electric Utilities,S&P 500,2026-09-04,2026-09-15,active,
VSTM,"Verastem, Inc. - Common Stock",,,Nasdaq,2026-09-04,2026-09-15,active,
VSTS,Vestis,Industrials,Diversified Support Services,S&P 600,2026-09-04,2026-09-15,active,
VSXY,Victoria's Secret,Consumer Discretionary,Apparel Retail,S&P 600,2026-09-04,2026-09-15,active,
VTAK,"Catheter Precision, Inc. Common Stock",,,NYSE American,2026-09-04,2026-09-15,active,
VTEX,VTEX Class A Common Shares,,,NYSE,2026-09-04,2026-09-15,active,
VTIX,Virtuix Holdings Inc. - Class A Common Stock,,,Nasdaq,2026-09-04,2026-09-15,active,
VTN,Invesco Trust for Investment Grade New York Municipals Common Stock,,,NYSE,2026-09-04,2026-09-15,active,
VTOL,Bristow Group Inc.,Energy,Oil & Gas Equipment & Services,S&P 600,2026-09-04,2026-09-15,active,
VTR,Ventas,Real Estate,Health Care REITs,S&P 500,2026-09-04,2026-09-15,active,
VTRS,Viatris,Health Care,Pharmaceuticals,S&P 500,2026-09-04,2026-09-15,active,
VTS,"Vitesse Energy, Inc. Common Stock",,,NYSE,2026-09-04,2026-09-15,active,
VTSI,"VirTra, Inc. - Common Stock",,,Nasdaq,2026-09-04,2026-09-15,active,
VTVT,vTv Therapeutics Inc. - Class A Common Stock,,,Nasdaq,2026-09-04,2026-09-15,active,
VUZI,Vuzix Corporation  - Common Stock,,,Nasdaq,2026-09-04,2026-09-15,active,
VVR,Invesco Senior Income Trust Common Stock (DE),,,NYSE,2026-09-04,2026-09-15,active,
VVV,Valvoline,Consumer Discretionary,Automotive Retail,S&P 400,2026-09-04,2026-09-15,active,
VVX,"V2X, Inc.",Industrials,Aerospace & Defense,S&P 600,2026-09-04,2026-09-15,active,
VWAV,"VisionWave Holdings, Inc. - Common Stock",,,Nasdaq,2026-09-04,2026-09-15,active,
VYGR,"Voyager Therapeutics, Inc. - Common Stock",,,Nasdaq,2026-09-04,2026-09-15,active,
VYX,NCR Voyix,Information Technology,IT Consulting & Other Services,S&P 600,2026-09-04,2026-09-15,active,
VZ,Verizon,Communication Services,Integrated Telecommunication Services,S&P 500,2026-09-04,2026-09-15,active,
VZLA,Vizsla Silver Corp. Common Shares,,,NYSE American,2026-09-04,2026-09-15,active,
W,Wayfair Inc. Class A Common Stock,,,NYSE,2026-09-04,2026-09-15,active,
WAB,Wabtec,Industrials,Construction Machinery & Heavy Transportation Equipment,S&P 500,2026-09-04,2026-09-15,active,
WABC,Westamerica Bank,Financials,Regional Banks,S&P 600,2026-09-04,2026-09-15,active,
WAFD,"WaFd, Inc.",Financials,Regional Banks,S&P 600,2026-09-04,2026-09-15,active,
WAFU,Wah Fu Education Group Limited - Ordinary Shares,,,Nasdaq,2026-09-04,2026-09-15,active,
WAL,Western Alliance Bancorporation,Financials,Regional Banks,S&P 400,2026-09-04,2026-09-15,active,
WALD,Waldencast plc - Class A Ordinary Share,,,Nasdaq,2026-09-04,2026-09-15,active,
WASH,"Washington Trust Bancorp, Inc. - Common Stock",,,Nasdaq,2026-09-04,2026-09-15,active,
WAT,Waters Corporation,Health Care,Life Sciences Tools & Services,S&P 500,2026-09-04,2026-09-15,active,
WATR,Air Water Ventures Limited - Ordinary Shares,,,Nasdaq,2026-09-04,2026-09-15,active,
WATT,Energous Corporation - Common Stock,,,Nasdaq,2026-09-04,2026-09-15,active,
WAY,Waystar Holding Corp,Health Care,Health Care Technology,S&P 600,2026-09-04,2026-09-15,active,
WBD,Warner Bros. Discovery,Communication Services,Broadcasting,S&P 500,2026-09-04,2026-09-15,active,
WBI,WaterBridge Infrastructure LLC Class A Shares Representing Limited Liability Company Interests,,,NYSE,2026-09-04,2026-09-15,active,
WBTN,WEBTOON Entertainment Inc. - Common stock,,,Nasdaq,2026-09-04,2026-09-15,active,
WBUY,WEBUY GLOBAL LTD. - Class A Ordinary Shares,,,Nasdaq,2026-09-04,2026-09-15,active,
WBX,Wallbox N.V. Class A Ordinary Shares,,,NYSE,2026-09-04,2026-09-15,active,
WCC,WESCO International,Industrials,Trading Companies & Distributors,S&P 400,2026-09-04,2026-09-15,active,
WCN,"Waste Connections, Inc. Common Shares",,,NYSE,2026-09-04,2026-09-15,active,
WCT,Wellchange Holdings Company Limited - Class A Ordinary shares,,,Nasdaq,2026-09-04,2026-09-15,active,
WD,"Walker & Dunlop, Inc.",Financials,Commercial & Residential Mortgage Finance,S&P 600,2026-09-04,2026-09-15,active,
WDAY,"Workday, Inc.",Information Technology,Application Software,S&P 500,2026-09-04,2026-09-15,active,
WDC,Western Digital,Information Technology,"Technology Hardware, Storage & Peripherals",S&P 500,2026-09-04,2026-09-15,active,
WDFC,WD-40 Company,Consumer Staples,Household Products,S&P 600,2026-09-04,2026-09-15,active,
WEAV,"Weave Communications, Inc. Common Stock",,,NYSE,2026-09-04,2026-09-15,active,
WEC,WEC Energy Group,Utilities,Electric Utilities,S&P 500,2026-09-04,2026-09-15,active,
WELL,Welltower,Real Estate,Health Care REITs,S&P 500,2026-09-04,2026-09-15,active,
WEN,The Wendy's Company,Consumer Discretionary,Restaurants,S&P 600,2026-09-04,2026-09-15,active,
WENC,West Enclave Merger Corp. Ordinary Shares,,,NYSE,2026-09-04,2026-09-15,active,
WENN,Wen Acquisition Corp - Class A Ordinary Shares,,,Nasdaq,2026-09-04,2026-09-15,active,
WERN,Werner Enterprises,Industrials,Cargo Ground Transportation,S&P 600,2026-09-04,2026-09-15,active,
WES,"Western Midstream Partners, LP Common Units Representing Limited Partner Interests",,,NYSE,2026-09-04,2026-09-15,active,
WEST,Westrock Coffee Company - Common Stock,,,Nasdaq,2026-09-04,2026-09-15,active,
WETH,Wetouch Technology Inc. - Common Stock,,,Nasdaq,2026-09-04,2026-09-15,active,
WETO,Wetour Robotics Limited - Ordinary Shares,,,Nasdaq,2026-09-04,2026-09-15,active,
WEX,WEX Inc.,Financials,Transaction & Payment Processing Services,S&P 400,2026-09-04,2026-09-15,active,
WEYS,"Weyco Group, Inc. - Common Stock",,,Nasdaq,2026-09-04,2026-09-15,active,
WFC,Wells Fargo,Financials,Diversified Banks,S&P 500,2026-09-04,2026-09-15,active,
WFCF,"Where Food Comes From, Inc. - Common Stock",,,Nasdaq,2026-09-04,2026-09-15,active,
WFF,WF Holding Limited - Ordinary Shares,,,Nasdaq,2026-09-04,2026-09-15,active,
WFG,West Fraser Timber Co. Ltd Common stock,,,NYSE,2026-09-04,2026-09-15,active,
WFRD,Weatherford International,Energy,Oil & Gas Equipment & Services,S&P 400,2026-09-04,2026-09-15,active,
WGO,"Winnebago Industries, Inc.",Consumer Discretionary,Automobile Manufacturers,S&P 600,2026-09-04,2026-09-15,active,
WGS,GeneDx Holdings Corp. - Class A Common Stock,,,Nasdaq,2026-09-04,2026-09-15,active,
WH,Wyndham Hotels & Resorts,Consumer Discretionary,"Hotels, Resorts & Cruise Lines",S&P 400,2026-09-04,2026-09-15,active,
WHD,"Cactus, Inc.",Energy,Oil & Gas Equipment & Services,S&P 600,2026-09-04,2026-09-15,active,
WHF,"WhiteHorse Finance, Inc. - Closed End Fund",,,Nasdaq,2026-09-04,2026-09-15,active,
WHG,Westwood Holdings Group Inc Common Stock,,,NYSE,2026-09-04,2026-09-15,active,
WHK,WhiteHawk Minerals Corp Class A Common Stock,,,NYSE,2026-09-04,2026-09-15,active,
WHLR,"Wheeler Real Estate Investment Trust, Inc. - Common Stock",,,Nasdaq,2026-09-04,2026-09-15,active,
WHR,Whirlpool Corporation,Consumer Discretionary,Household Appliances,S&P 400,2026-09-04,2026-09-15,active,
WHWK,"Whitehawk Therapeutics, Inc. - Common Stock",,,Nasdaq,2026-09-04,2026-09-15,active,
WIA,Western Asset Inflation-Linked Income Fund,,,NYSE,2026-09-04,2026-09-15,active,
WIMI,WiMi Hologram Cloud Inc. - Class B Ordinary Shares,,,Nasdaq,2026-09-04,2026-09-15,active,
WINA,Winmark,Consumer Discretionary,Other Specialty Retail,S&P 600,2026-09-04,2026-09-15,active,
WING,Wingstop,Consumer Discretionary,Restaurants,S&P 400,2026-09-04,2026-09-15,active,
WIT,Wipro Limited Common Stock,,,NYSE,2026-09-04,2026-09-15,active,
WIW,Western Asset Inflation-Linked Opportunities & Income Fund,,,NYSE,2026-09-04,2026-09-15,active,
WIX,Wix.com Ltd. - Ordinary Shares,,,Nasdaq,2026-09-04,2026-09-15,active,
WK,Workiva Inc. Class A Common Stock,,,NYSE,2026-09-04,2026-09-15,active,
WKC,World Kinect Corporation,Energy,Oil & Gas Refining & Marketing,S&P 600,2026-09-04,2026-09-15,active,
WKHS,"Workhorse Group, Inc. - Common Stock",,,Nasdaq,2026-09-04,2026-09-15,active,
WLCO,Wilco 63 Corporation - Class A Ordinary Shares,,,Nasdaq,2026-09-04,2026-09-15,active,
WLDN,"Willdan Group, Inc. - Common Stock",,,Nasdaq,2026-09-04,2026-09-15,active,
WLDS,Wearable Devices Ltd. - Ordinary Share,,,Nasdaq,2026-09-04,2026-09-15,active,
WLFC,Willis Lease Finance Corporation - Common Stock,,,Nasdaq,2026-09-04,2026-09-15,active,
WLII,Willow Lane Acquisition Corp. II - Class A Ordinary Shares,,,Nasdaq,2026-09-04,2026-09-15,active,
WLK,Westlake Corporation,Materials,Specialty Chemicals,S&P 400,2026-09-04,2026-09-15,active,
WLKP,Westlake Chemical Partners LP Common Units representing limited partner interests,,,NYSE,2026-09-04,2026-09-15,active,
WLTH,Wealthfront Corporation - Common Stock,,,Nasdaq,2026-09-04,2026-09-15,active,
WLY,John Wiley & Sons,Communication Services,Publishing,S&P 600,2026-09-04,2026-09-15,active,
WLYB,"John Wiley & Sons, Inc. Common Stock",,,NYSE,2026-09-04,2026-09-15,active,
WM,Waste Management,Industrials,Environmental & Facilities Services,S&P 500,2026-09-04,2026-09-15,active,
WMB,Williams Companies,Energy,Oil & Gas Storage & Transportation,S&P 500,2026-09-04,2026-09-15,active,
WMG,Warner Music Group,Communication Services,Movies & Entertainment,S&P 400,2026-09-04,2026-09-15,active,
WMK,"Weis Markets, Inc. Common Stock",,,NYSE,2026-09-04,2026-09-15,active,
WMS,Advanced Drainage Systems,Industrials,Building Products,S&P 400,2026-09-04,2026-09-15,active,
WMT,Walmart,Consumer Staples,Consumer Staples Merchandise Retail,S&P 500,2026-09-04,2026-09-15,active,
WNC,Wabash National Corporation Common Stock,,,NYSE,2026-09-04,2026-09-15,active,
WNEB,"Western New England Bancorp, Inc. - Common Stock",,,Nasdaq,2026-09-04,2026-09-15,active,
WNW,Meiwu Technology Company Limited - Ordinary Shares,,,Nasdaq,2026-09-04,2026-09-15,active,
WOK,WORK Medical Technology Group LTD - Class A Ordinary Shares,,,Nasdaq,2026-09-04,2026-09-15,active,
WOLF,"Wolfspeed, Inc. Common Stock New",,,NYSE,2026-09-04,2026-09-15,active,
WOOF,"Petco Health and Wellness Company, Inc. - Class A Common Stock",,,Nasdaq,2026-09-04,2026-09-15,active,
WOR,Worthington Enterprises,Industrials,Building Products,S&P 600,2026-09-04,2026-09-15,active,
WPAC,White Pearl Acquisition Corp. Class A Ordinary Shares,,,NYSE,2026-09-04,2026-09-15,active,
WPC,W. P. Carey,Real Estate,Diversified REITs,S&P 400,2026-09-04,2026-09-15,active,
WPM,Wheaton Precious Metals Corp Common Shares (Canada),,,NYSE,2026-09-04,2026-09-15,active,
WPRT,Westport Fuel Systems Inc - Common Shares,,,Nasdaq,2026-09-04,2026-09-15,active,
WRAP,"Wrap Technologies, Inc. - Common Stock",,,Nasdaq,2026-09-04,2026-09-15,active,
WRB,W. R. Berkley Corporation,Financials,Property & Casualty Insurance,S&P 500,2026-09-04,2026-09-15,active,
WRBY,Warby Parker,Consumer Discretionary,"Apparel, Accessories & Luxury Goods",S&P 600,2026-09-04,2026-09-15,active,
WRLD,World Acceptance Corporation,Financials,Consumer Finance,S&P 600,2026-09-04,2026-09-15,active,
WRN,Western Copper and Gold Corporation Common Stock,,,NYSE American,2026-09-04,2026-09-15,active,
WS,Worthington Steel,Materials,Steel,S&P 600,2026-09-04,2026-09-15,active,
WSBC,WesBanco,Financials,Regional Banks,S&P 600,2026-09-04,2026-09-15,active,
WSBF,"Waterstone Financial, Inc. - Common Stock",,,Nasdaq,2026-09-04,2026-09-15,active,
WSBK,"Winchester Bancorp, Inc. - Common Stock",,,Nasdaq,2026-09-04,2026-09-15,active,
WSC,WillScot Holdings Corp.,Industrials,Office Services & Supplies,S&P 600,2026-09-04,2026-09-15,active,
WSE,Wise Group plc - Class A Ordinary Shares,,,Nasdaq,2026-09-04,2026-09-15,active,
WSFS,WSFS Financial Corporation,Financials,Regional Banks,S&P 600,2026-09-04,2026-09-15,active,
WSHP,WeShop Holdings Limited - Class A Ordinary Shares,,,Nasdaq,2026-09-04,2026-09-15,active,
WSM,"Williams-Sonoma, Inc.",Consumer Discretionary,Homefurnishing Retail,S&P 500,2026-09-04,2026-09-15,active,
WSO,Watsco,Industrials,Trading Companies & Distributors,S&P 400,2026-09-04,2026-09-15,active,
WST,West Pharmaceutical Services,Health Care,Health Care Supplies,S&P 500,2026-09-04,2026-09-15,active,
WSTN,Westin Acquisition Corp - Class A Ordinary Share,,,Nasdaq,2026-09-04,2026-09-15,active,
WT,"WisdomTree Investments, Inc.",Financials,Asset Management & Custody Banks,S&P 600,2026-09-04,2026-09-15,active,
WTBA,West Bancorporation - Common Stock,,,Nasdaq,2026-09-04,2026-09-15,active,
WTF,Waton Financial Limited - Ordinary Shares,,,Nasdaq,2026-09-04,2026-09-15,active,
WTFC,Wintrust Financial,Financials,Regional Banks,S&P 400,2026-09-04,2026-09-15,active,
WTG,Wintergreen Acquisition Corp. - Ordinary Shares,,,Nasdaq,2026-09-04,2026-09-15,active,
WTI,"W&T Offshore, Inc. Common Stock",,,NYSE,2026-09-04,2026-09-15,active,
WTM,"White Mountains Insurance Group, Ltd. Common Stock",,,NYSE,2026-09-04,2026-09-15,active,
WTRG,Essential Utilities,Utilities,Water Utilities,S&P 400,2026-09-04,2026-09-15,active,
WTS,Watts Water Technologies,Industrials,Building Products,S&P 400,2026-09-04,2026-09-15,active,
WTTR,"Select Water Solutions, Inc. Class A common stock",,,NYSE,2026-09-04,2026-09-15,active,
WTW,Willis Towers Watson,Financials,Insurance Brokers,S&P 500,2026-09-04,2026-09-15,active,
WU,Western Union,Financials,Transaction & Payment Processing Services,S&P 600,2026-09-04,2026-09-15,active,
WULF,TeraWulf Inc. - Common Stock,,,Nasdaq,2026-09-04,2026-09-15,active,
WVE,"Wave Life Sciences, Inc. - Common Stock",,,Nasdaq,2026-09-04,2026-09-15,active,
WVVI,"Willamette Valley Vineyards, Inc. - Common Stock",,,Nasdaq,2026-09-04,2026-09-15,active,
WW,"WW International, Inc.  - Common Stock",,,Nasdaq,2026-09-04,2026-09-15,active,
WWD,"Woodward, Inc.",Industrials,Electrical Components & Equipment,S&P 400,2026-09-04,2026-09-15,active,
WWR,"Westwater Resources, Inc. Common Stock",,,NYSE American,2026-09-04,2026-09-15,active,
WWW,"Wolverine World Wide, Inc.",Consumer Discretionary,Footwear,S&P 600,2026-09-04,2026-09-15,active,
WXM,WF International Limited - Ordinary Shares,,,Nasdaq,2026-09-04,2026-09-15,active,
WY,Weyerhaeuser,Real Estate,Timber REITs,S&P 500,2026-09-04,2026-09-15,active,
WYFI,"WhiteFiber, Inc. - Ordinary Shares",,,Nasdaq,2026-09-04,2026-09-15,active,
WYNN,Wynn Resorts,Consumer Discretionary,Casinos & Gaming,S&P 500,2026-09-04,2026-09-15,active,
WYY,WidePoint Corporation Common Stock,,,NYSE American,2026-09-04,2026-09-15,active,
XAIR,"Beyond Air, Inc. - Common Stock",,,Nasdaq,2026-09-04,2026-09-15,active,
XBIO,"Xenetic Biosciences, Inc. - Common Stock",,,Nasdaq,2026-09-04,2026-09-15,active,
XBIT,XBiotech Inc. - Common Stock,,,Nasdaq,2026-09-04,2026-09-15,active,
XBP,"XBP Global Holdings, Inc. - Common Stock",,,Nasdaq,2026-09-04,2026-09-15,active,
XCBE,X3 Acquisition Corp. Ltd. - Class A Ordinary Shares,,,Nasdaq,2026-09-04,2026-09-15,active,
XCH,XCHG Limited - ADS,,,Nasdaq,2026-09-09,2026-09-15,active,
XE,"X-Energy, Inc. - Class A Common Stock",,,Nasdaq,2026-09-04,2026-09-15,active,
XEL,Xcel Energy,Utilities,Multi-Utilities,S&P 500,2026-09-04,2026-09-15,active,
XELB,"Xcel Brands, Inc - Common Stock",,,Nasdaq,2026-09-04,2026-09-15,active,
XENE,Xenon Pharmaceuticals Inc. - Common Shares,,,Nasdaq,2026-09-04,2026-09-15,active,
XERS,"Xeris Biopharma Holdings, Inc. - Common Stock",,,Nasdaq,2026-09-04,2026-09-15,active,
XFLH,XFLH Capital Corporation Ordinary Shares,,,NYSE,2026-09-04,2026-09-15,active,
XFOR,"X4 Pharmaceuticals, Inc. - Common Stock",,,Nasdaq,2026-09-04,2026-09-15,active,
XGN,Exagen Inc. - Common Stock,,,Nasdaq,2026-09-04,2026-09-15,active,
XHLD,"TEN Holdings, Inc. - Common Stock",,,Nasdaq,2026-09-04,2026-09-15,active,
XHR,"Xenia Hotels & Resorts, Inc.",Real Estate,Hotel & Resort REITs,S&P 600,2026-09-04,2026-09-15,active,
XIFR,"XPLR Infrastructure, LP Common Units representing limited partner interests",,,NYSE,2026-09-04,2026-09-15,active,
XLAB,Exascale Labs Holdings Inc. - Class A Common Stock,,,Nasdaq,2026-09-04,2026-09-15,active,
XLO,"Xilio Therapeutics, Inc. - Common Stock",,,Nasdaq,2026-09-04,2026-09-15,active,
XMAX,"XMAX, Inc. - Common Stock",,,Nasdaq,2026-09-04,2026-09-15,active,
XMTR,"Xometry, Inc. - Class A Common Stock",,,Nasdaq,2026-09-04,2026-09-15,active,
XNCR,Xencor Inc,Health Care,Biotechnology,S&P 600,2026-09-04,2026-09-15,active,
XNDU,Xanadu Quantum Technologies Limited - Class B Subordinate Voting Shares,,,Nasdaq,2026-09-04,2026-09-15,active,
XOM,ExxonMobil,Energy,Integrated Oil & Gas,S&P 500,2026-09-04,2026-09-15,active,
XOS,"Xos, Inc. - Common Stock",,,Nasdaq,2026-09-04,2026-09-15,active,
XP,XP Inc. - Class A Common Stock,,,Nasdaq,2026-09-04,2026-09-15,active,
XPEL,"XPEL, Inc.",Consumer Discretionary,Automotive Parts & Equipment,S&P 600,2026-09-04,2026-09-15,active,
XPER,Xperi Inc. Common Stock,,,NYSE,2026-09-04,2026-09-15,active,
XPL,Solitario Resources Corp. Common Stock,,,NYSE American,2026-09-04,2026-09-15,active,
XPO,"XPO, Inc.",Industrials,Cargo Ground Transportation,S&P 400,2026-09-04,2026-09-15,active,
XPOF,"Xponential Fitness, Inc. Class A Common Stock",,,NYSE,2026-09-04,2026-09-15,active,
XPON,"Expion Energy, Inc. - Common Stock",,,Nasdaq,2026-09-04,2026-09-15,active,
XPRO,Expro Ltd Ordinary Shares,,,NYSE,2026-09-04,2026-09-15,active,
XRAY,Dentsply Sirona,Health Care,Health Care Supplies,S&P 400,2026-09-04,2026-09-15,active,
XRN,Chiron Real Estate Inc. Common Stock,,,NYSE,2026-09-04,2026-09-15,active,
XRPN,Armada Acquisition Corp. II - Class A Ordinary Shares,,,Nasdaq,2026-09-04,2026-09-15,active,
XRTX,XORTX Therapeutics Inc. - Common Shares,,,Nasdaq,2026-09-04,2026-09-15,active,
XRX,Xerox Holdings Corporation - Common Stock,,,Nasdaq,2026-09-04,2026-09-15,active,
XSLL,Xsolla SPAC 1 - Class A Ordinary Shares,,,Nasdaq,2026-09-04,2026-09-15,active,
XTER,Karman Line Acquisition Corp. - Class A Ordinary Shares,,,Nasdaq,2026-09-04,2026-09-15,active,
XTND,"Xtend AI Robotics, Inc. Common Stock",,,NYSE,2026-09-04,2026-09-15,active,
XTNT,"Xtant Medical Holdings, Inc. Common Stock",,,NYSE American,2026-09-04,2026-09-15,active,
XWEL,"XWELL, Inc. - Common Stock",,,Nasdaq,2026-09-04,2026-09-15,active,
XXI,"Twenty One Capital, Inc. Class A Common Stock",,,NYSE,2026-09-04,2026-09-15,active,
XXII,"22nd Century Group, Inc - Common Stock",,,Nasdaq,2026-09-04,2026-09-15,active,
XYL,Xylem Inc.,Industrials,Industrial Machinery & Supplies & Components,S&P 500,2026-09-04,2026-09-15,active,
XYZ,"Block, Inc.",Financials,Transaction & Payment Processing Services,S&P 500,2026-09-04,2026-09-15,active,
XZO,"Exzeo Group, Inc. Common Stock",,,NYSE,2026-09-04,2026-09-15,active,
YAAS,Youxin Technology Ltd - Class A Ordinary shares,,,Nasdaq,2026-09-04,2026-09-15,active,
YARW,"Yarrow Bioscience, Inc. - Common Stock",,,Nasdaq,2026-09-04,2026-09-15,active,
YCBD,"cbdMD, Inc. Common Stock",,,NYSE American,2026-09-04,2026-09-15,active,
YCY,AA Mission Acquisition Corp. II Class A Ordinary Shares,,,NYSE,2026-09-04,2026-09-15,active,
YDDL,One and One Green Technologies. INC - Class A Ordinary Shares,,,Nasdaq,2026-09-04,2026-09-15,active,
YDES,YD Bio Limited - Ordinary Shares,,,Nasdaq,2026-09-04,2026-09-15,active,
YDKG,Yueda Digital Holding - Class A Ordinary Share,,,Nasdaq,2026-09-04,2026-09-15,active,
YELP,"Yelp, Inc.",Communication Services,Interactive Media & Services,S&P 600,2026-09-04,2026-09-15,active,
YETI,Yeti Holdings,Consumer Discretionary,Leisure Products,S&P 400,2026-09-04,2026-09-15,active,
YEXT,"Yext, Inc. Common Stock",,,NYSE,2026-09-04,2026-09-15,active,
YFOR,YYForce Inc. - Class A Ordinary Shares,,,Nasdaq,2026-09-04,2026-09-15,active,
YHC,LQR House Inc. - Common Stock,,,Nasdaq,2026-09-04,2026-09-15,active,
YHGJ,Yunhong Green CTI Ltd. - Common Stock,,,Nasdaq,2026-09-04,2026-09-15,active,
YIBO,Planet Image International Limited - Class A Ordinary Shares,,,Nasdaq,2026-09-04,2026-09-15,active,
YICC,Yorkville International Capital Corp. - Class A Ordinary Shares,,,Nasdaq,2026-09-04,2026-09-15,active,
YJ,Yunji Inc. - American Depository Shares,,,Nasdaq,2026-09-04,2026-09-15,active,
YMAT,"J-Star Holding Co., Ltd. - Class A Ordinary Shares",,,Nasdaq,2026-09-04,2026-09-15,active,
YORW,The York Water Company - Common Stock,,,Nasdaq,2026-09-04,2026-09-15,active,
YOU,"Clear Secure, Inc.",Information Technology,Application Software,S&P 600,2026-09-04,2026-09-15,active,
YSS,York Space Systems Inc. Common Stock,,,NYSE,2026-09-04,2026-09-15,active,
YSWY,"Yesway, Inc. - Class A Common Stock",,,Nasdaq,2026-09-04,2026-09-15,active,
YSXT,"YSX Tech. Co., Ltd  - Class A Ordinary Shares",,,Nasdaq,2026-09-04,2026-09-15,active,
YUM,Yum! Brands,Consumer Discretionary,Restaurants,S&P 500,2026-09-04,2026-09-15,active,
YUMC,"Yum China Holdings, Inc. Common Stock",,,NYSE,2026-09-04,2026-09-15,active,
YXT,YXT.COM GROUP HOLDING LIMITED - American Depository Shares,,,Nasdaq,2026-09-04,2026-09-15,active,
Z,"Zillow Group, Inc. - Class C Capital Stock",,,Nasdaq,2026-09-04,2026-09-15,active,
ZBH,Zimmer Biomet,Health Care,Health Care Equipment,S&P 500,2026-09-04,2026-09-15,active,
ZBIO,"Zenas BioPharma, Inc. - Common Stock",,,Nasdaq,2026-09-04,2026-09-15,active,
ZBRA,Zebra Technologies,Information Technology,Electronic Equipment & Instruments,S&P 500,2026-09-04,2026-09-15,active,
ZCMD,Zhongchao Inc. - Class A Ordinary Shares,,,Nasdaq,2026-09-04,2026-09-15,active,
ZD,Ziff Davis,Communication Services,Advertising,S&P 600,2026-09-04,2026-09-15,active,
ZDAI,"DirectBooking Technology Co., Ltd. - Class A Ordinary Shares",,,Nasdaq,2026-09-04,2026-09-15,active,
ZDGE,"Zedge, Inc. Class B Common Stock",,,NYSE American,2026-09-04,2026-09-15,active,
ZENA,"ZenaTech, Inc. - Common Stock",,,Nasdaq,2026-09-04,2026-09-15,active,
ZETA,Zeta Global Holdings Corp. Class A Common Stock,,,NYSE,2026-09-04,2026-09-15,active,
ZG,"Zillow Group, Inc. - Class A Common Stock",,,Nasdaq,2026-09-04,2026-09-15,active,
ZGN,Ermenegildo Zegna N.V. Ordinary Shares,,,NYSE,2026-09-04,2026-09-15,active,
ZIM,ZIM Integrated Shipping Services Ltd. Ordinary Shares,,,NYSE,2026-09-04,2026-09-15,active,
ZION,Zions Bancorporation,Financials,Regional Banks,S&P 400,2026-09-04,2026-09-15,active,
ZIP,"ZipRecruiter, Inc. Class A Common Stock",,,NYSE,2026-09-04,2026-09-15,active,
ZJK,"ZJK Industrial Co., Ltd. - Class A Ordinary Shares",,,Nasdaq,2026-09-04,2026-09-15,active,
ZJYL,JIN MEDICAL INTERNATIONAL LTD. - Class A Ordinary Shares,,,Nasdaq,2026-09-04,2026-09-15,active,
ZKIN,"ZK International Group Co., Ltd - Ordinary Share",,,Nasdaq,2026-09-04,2026-09-15,active,
ZKP,Lafayette Digital Acquisition Corp. I - Class A Ordinary Shares,,,Nasdaq,2026-09-04,2026-09-15,active,
ZM,"Zoom Communications, Inc. - Class A Common Stock",,,Nasdaq,2026-09-04,2026-09-15,active,
ZNB,Zeta Network Group - Class A Ordinary Shares,,,Nasdaq,2026-09-04,2026-09-15,active,
ZNTL,"Zentalis Pharmaceuticals, Inc. - common stock",,,Nasdaq,2026-09-04,2026-09-15,active,
ZONE,Zone Frontier Inc. Class B Common Stock,,,NYSE American,2026-09-04,2026-09-15,active,
ZOOZ,ZOOZ Strategy Ltd. - Ordinary Shares,,,Nasdaq,2026-09-04,2026-09-15,active,
ZS,"Zscaler, Inc. - Common Stock",,,Nasdaq,2026-09-04,2026-09-15,active,
ZSQR,Z Squared Inc. - Common Stock,,,Nasdaq,2026-09-04,2026-09-15,active,
ZSTK,ZeroStack Corp. - Common Stock,,,Nasdaq,2026-09-04,2026-09-15,active,
ZTG,Zenta Group Company Limited - Class A Ordinary Shares,,,Nasdaq,2026-09-04,2026-09-15,active,
ZTR,Virtus Total Return Fund Inc.,,,NYSE,2026-09-04,2026-09-15,active,
ZTS,Zoetis,Health Care,Pharmaceuticals,S&P 500,2026-09-04,2026-09-15,active,
ZUMZ,Zumiez Inc. - Common Stock,,,Nasdaq,2026-09-04,2026-09-15,active,
ZURA,Zura Bio Limited - Class A Ordinary shares,,,Nasdaq,2026-09-04,2026-09-15,active,
ZVIA,Zevia PBC Class A Common Stock,,,NYSE,2026-09-04,2026-09-15,active,
ZVRA,"Zevra Therapeutics, Inc.  - Common Stock",,,Nasdaq,2026-09-04,2026-09-15,active,
ZWS,Zurn Elkay Water Solutions Corp.,Industrials,Industrial Machinery & Supplies & Components,S&P 600,2026-09-04,2026-09-15,active,
ZYBT,Zhengye Biotechnology Holding Limited - Class A Ordinary Shares,,,Nasdaq,2026-09-04,2026-09-15,active,
ZYME,Zymeworks Inc. - Common Stock,,,Nasdaq,2026-09-04,2026-09-15,active,
